[0.000000] (-) TimerEvent: {}
[0.000085] (base_demo) JobQueued: {'identifier': 'base_demo', 'dependencies': OrderedDict()}
[0.000101] (cpp01_topic) JobQueued: {'identifier': 'cpp01_topic', 'dependencies': OrderedDict([('base_demo', '/home/jon/ws01/install/base_demo')])}
[0.000111] (cpp02_service) JobQueued: {'identifier': 'cpp02_service', 'dependencies': OrderedDict([('base_demo', '/home/jon/ws01/install/base_demo')])}
[0.000118] (base_demo) JobStarted: {'identifier': 'base_demo'}
[0.004577] (base_demo) JobProgress: {'identifier': 'base_demo', 'progress': 'cmake'}
[0.005820] (base_demo) JobProgress: {'identifier': 'base_demo', 'progress': 'build'}
[0.005841] (base_demo) Command: {'cmd': ['/usr/bin/cmake', '--build', '/home/jon/ws01/build/base_demo', '--', '-j24', '-l24'], 'cwd': '/home/jon/ws01/build/base_demo', 'env': OrderedDict([('GJS_DEBUG_TOPICS', 'JS ERROR;JS LOG'), ('PYTHON_BASIC_REPL', '1'), ('LESSOPEN', '| /usr/bin/lesspipe %s'), ('HTTPS_PROXY', 'http://127.0.0.1:7890'), ('no_proxy', 'localhost,127.0.0.0/8,::1'), ('LANGUAGE', 'zh_CN:zh'), ('USER', 'jon'), ('all_proxy', 'socks5h://127.0.0.1:7890'), ('XDG_SESSION_TYPE', 'x11'), ('GIT_ASKPASS', '/usr/share/code/resources/app/extensions/git/dist/askpass.sh'), ('SHLVL', '1'), ('LD_LIBRARY_PATH', '/home/jon/ws01/install/base_demo/lib:/opt/ros/humble/opt/rviz_ogre_vendor/lib:/opt/ros/humble/lib/x86_64-linux-gnu:/opt/ros/humble/lib'), ('HOME', '/home/jon'), ('CHROME_DESKTOP', 'code.desktop'), ('TERM_PROGRAM_VERSION', '1.138.0'), ('DESKTOP_SESSION', 'ubuntu'), ('NO_PROXY', 'localhost,127.0.0.0/8,::1'), ('GIO_LAUNCHED_DESKTOP_FILE', '/usr/share/applications/code.desktop'), ('ROS_PYTHON_VERSION', '3'), ('GNOME_SHELL_SESSION_MODE', 'ubuntu'), ('GTK_MODULES', 'gail:atk-bridge'), ('VSCODE_GIT_ASKPASS_MAIN', '/usr/share/code/resources/app/extensions/git/dist/askpass-main.js'), ('VSCODE_GIT_ASKPASS_NODE', '/usr/share/code/code'), ('MANAGERPID', '1286'), ('PYDEVD_DISABLE_FILE_VALIDATION', '1'), ('SYSTEMD_EXEC_PID', '2464'), ('BUNDLED_DEBUGPY_PATH', '/home/jon/.vscode/extensions/ms-python.debugpy-2026.6.0-linux-x64/bundled/libs/debugpy'), ('VSCODE_PYTHON_AUTOACTIVATE_GUARD', '1'), ('DBUS_SESSION_BUS_ADDRESS', 'unix:path=/run/user/1000/bus'), ('COLORTERM', 'truecolor'), ('GIO_LAUNCHED_DESKTOP_FILE_PID', '4092'), ('IM_CONFIG_PHASE', '1'), ('https_proxy', 'http://127.0.0.1:7890'), ('COLCON_PREFIX_PATH', '/home/jon/ws01/install:/home/jon/ros2_ws/install'), ('ROS_DISTRO', 'humble'), ('LOGNAME', 'jon'), ('ALL_PROXY', 'socks5h://127.0.0.1:7890'), ('http_proxy', 'http://127.0.0.1:7890'), ('JOURNAL_STREAM', '8:15521'), ('_', '/usr/bin/colcon'), ('ROS_VERSION', '2'), ('XDG_SESSION_CLASS', 'user'), ('USERNAME', 'jon'), ('TERM', 'xterm-256color'), ('GNOME_DESKTOP_SESSION_ID', 'this-is-deprecated'), ('FC_FONTATIONS', '1'), ('ROS_LOCALHOST_ONLY', '0'), ('WINDOWPATH', '2'), ('PATH', '/home/jon/.config/Code/User/globalStorage/github.copilot-chat/debugCommand:/home/jon/.config/Code/User/globalStorage/github.copilot-chat/copilotCli:/home/jon/.local/bin:/opt/ros/humble/bin:/home/jon/.local/bin:/home/jon/.local/bin:/usr/local/sbin:/usr/local/bin:/usr/sbin:/usr/bin:/sbin:/bin:/usr/games:/usr/local/games:/snap/bin:/snap/bin:/home/jon/.vscode/extensions/ms-python.debugpy-2026.6.0-linux-x64/bundled/scripts/noConfigScripts'), ('SESSION_MANAGER', 'local/WJ:@/tmp/.ICE-unix/2436,unix/WJ:/tmp/.ICE-unix/2436'), ('INVOCATION_ID', 'dc714fa0cdc34e3a9439b83ad9a63145'), ('XDG_MENU_PREFIX', 'gnome-'), ('XDG_RUNTIME_DIR', '/run/user/1000'), ('GDK_BACKEND', 'x11'), ('DISPLAY', ':0'), ('VSCODE_DEBUGPY_ADAPTER_ENDPOINTS', '/home/jon/.vscode/extensions/ms-python.debugpy-2026.6.0-linux-x64/.noConfigDebugAdapterEndpoints/endpoint-b8a5c5d86f95c8fb.txt'), ('LANG', 'zh_CN.UTF-8'), ('XDG_CURRENT_DESKTOP', 'ubuntu:GNOME'), ('PYTHONSTARTUP', '/home/jon/.config/Code/User/workspaceStorage/1f60e15f81795b7429f56f0c0e99fe64/ms-python.python/pythonrc.py'), ('XMODIFIERS', '@im=ibus'), ('XDG_SESSION_DESKTOP', 'ubuntu'), ('XAUTHORITY', '/run/user/1000/gdm/Xauthority'), ('LS_COLORS', 'rs=0:di=01;34:ln=01;36:mh=00:pi=40;33:so=01;35:do=01;35:bd=40;33;01:cd=40;33;01:or=40;31;01:mi=00:su=37;41:sg=30;43:ca=30;41:tw=30;42:ow=34;42:st=37;44:ex=01;32:*.tar=01;31:*.tgz=01;31:*.arc=01;31:*.arj=01;31:*.taz=01;31:*.lha=01;31:*.lz4=01;31:*.lzh=01;31:*.lzma=01;31:*.tlz=01;31:*.txz=01;31:*.tzo=01;31:*.t7z=01;31:*.zip=01;31:*.z=01;31:*.dz=01;31:*.gz=01;31:*.lrz=01;31:*.lz=01;31:*.lzo=01;31:*.xz=01;31:*.zst=01;31:*.tzst=01;31:*.bz2=01;31:*.bz=01;31:*.tbz=01;31:*.tbz2=01;31:*.tz=01;31:*.deb=01;31:*.rpm=01;31:*.jar=01;31:*.war=01;31:*.ear=01;31:*.sar=01;31:*.rar=01;31:*.alz=01;31:*.ace=01;31:*.zoo=01;31:*.cpio=01;31:*.7z=01;31:*.rz=01;31:*.cab=01;31:*.wim=01;31:*.swm=01;31:*.dwm=01;31:*.esd=01;31:*.jpg=01;35:*.jpeg=01;35:*.mjpg=01;35:*.mjpeg=01;35:*.gif=01;35:*.bmp=01;35:*.pbm=01;35:*.pgm=01;35:*.ppm=01;35:*.tga=01;35:*.xbm=01;35:*.xpm=01;35:*.tif=01;35:*.tiff=01;35:*.png=01;35:*.svg=01;35:*.svgz=01;35:*.mng=01;35:*.pcx=01;35:*.mov=01;35:*.mpg=01;35:*.mpeg=01;35:*.m2v=01;35:*.mkv=01;35:*.webm=01;35:*.webp=01;35:*.ogm=01;35:*.mp4=01;35:*.m4v=01;35:*.mp4v=01;35:*.vob=01;35:*.qt=01;35:*.nuv=01;35:*.wmv=01;35:*.asf=01;35:*.rm=01;35:*.rmvb=01;35:*.flc=01;35:*.avi=01;35:*.fli=01;35:*.flv=01;35:*.gl=01;35:*.dl=01;35:*.xcf=01;35:*.xwd=01;35:*.yuv=01;35:*.cgm=01;35:*.emf=01;35:*.ogv=01;35:*.ogx=01;35:*.aac=00;36:*.au=00;36:*.flac=00;36:*.m4a=00;36:*.mid=00;36:*.midi=00;36:*.mka=00;36:*.mp3=00;36:*.mpc=00;36:*.ogg=00;36:*.ra=00;36:*.wav=00;36:*.oga=00;36:*.opus=00;36:*.spx=00;36:*.xspf=00;36:'), ('VSCODE_GIT_IPC_HANDLE', '/run/user/1000/vscode-git-81883a5c4f.sock'), ('TERM_PROGRAM', 'vscode'), ('SSH_AGENT_LAUNCHER', 'gnome-keyring'), ('SSH_AUTH_SOCK', '/run/user/1000/keyring/ssh'), ('AMENT_PREFIX_PATH', '/home/jon/ws01/install/cpp02_service:/home/jon/ws01/install/cpp01_topic:/home/jon/ws01/install/base_demo:/home/jon/ros2_ws/install/hellovscode_cpp:/home/jon/ros2_ws/install/hello_cpp:/opt/ros/humble'), ('SHELL', '/bin/bash'), ('QT_ACCESSIBILITY', '1'), ('GDMSESSION', 'ubuntu'), ('LESSCLOSE', '/usr/bin/lesspipe %s %s'), ('GPG_AGENT_INFO', '/run/user/1000/gnupg/S.gpg-agent:0:1'), ('GJS_DEBUG_OUTPUT', 'stderr'), ('VSCODE_GIT_ASKPASS_EXTRA_ARGS', ''), ('QT_IM_MODULE', 'ibus'), ('PWD', '/home/jon/ws01/build/base_demo'), ('XDG_CONFIG_DIRS', '/etc/xdg/xdg-ubuntu:/etc/xdg'), ('COPILOT_DEBUG_NONCE', '20fc3c0b33e88ebaf2914c4d51f59b28'), ('XDG_DATA_DIRS', '/usr/share/gnome:/usr/share/ubuntu:/usr/local/share/:/usr/share/:/var/lib/snapd/desktop'), ('PYTHONPATH', '/home/jon/ws01/install/base_demo/local/lib/python3.10/dist-packages:/opt/ros/humble/lib/python3.10/site-packages:/opt/ros/humble/local/lib/python3.10/dist-packages'), ('HTTP_PROXY', 'http://127.0.0.1:7890'), ('COLCON', '1'), ('CMAKE_PREFIX_PATH', '/home/jon/ws01/install/cpp02_service:/home/jon/ws01/install/cpp01_topic:/home/jon/ws01/install/base_demo:/home/jon/ros2_ws/install/hellovscode_cpp:/home/jon/ros2_ws/install/hello_cpp:/opt/ros/humble')]), 'shell': False}
[0.044911] (base_demo) StdoutLine: {'line': b'[ 12%] Built target base_demo__rosidl_generator_c\n'}
[0.045194] (base_demo) StdoutLine: {'line': b'[ 12%] Built target base_demo__rs\n'}
[0.045246] (base_demo) StdoutLine: {'line': b'[ 15%] Built target base_demo__cpp\n'}
[0.050338] (base_demo) StdoutLine: {'line': b'[ 15%] Built target ament_cmake_python_copy_base_demo\n'}
[0.059864] (base_demo) StdoutLine: {'line': b'[ 25%] Built target base_demo__rosidl_typesupport_introspection_cpp\n'}
[0.060046] (base_demo) StdoutLine: {'line': b'[ 35%] Built target base_demo__rosidl_typesupport_fastrtps_cpp\n'}
[0.060076] (base_demo) StdoutLine: {'line': b'[ 45%] Built target base_demo__rosidl_typesupport_cpp\n'}
[0.065543] (base_demo) StdoutLine: {'line': b'[ 55%] Built target base_demo__rosidl_typesupport_introspection_c\n'}
[0.065650] (base_demo) StdoutLine: {'line': b'[ 65%] Built target base_demo__rosidl_typesupport_c\n'}
[0.066218] (base_demo) StdoutLine: {'line': b'[ 75%] Built target base_demo__rosidl_typesupport_fastrtps_c\n'}
[0.087778] (base_demo) StdoutLine: {'line': b'[ 75%] Built target base_demo\n'}
[0.099279] (-) TimerEvent: {}
[0.103334] (base_demo) StdoutLine: {'line': b'[ 77%] Built target base_demo__py\n'}
[0.117310] (base_demo) StdoutLine: {'line': b'[ 85%] Built target base_demo__rosidl_generator_py\n'}
[0.132485] (base_demo) StdoutLine: {'line': b'[ 90%] Built target base_demo__rosidl_typesupport_fastrtps_c__pyext\n'}
[0.132864] (base_demo) StdoutLine: {'line': b'[ 95%] Built target base_demo__rosidl_typesupport_introspection_c__pyext\n'}
[0.133806] (base_demo) StdoutLine: {'line': b'[100%] Built target base_demo__rosidl_typesupport_c__pyext\n'}
[0.165753] (base_demo) StdoutLine: {'line': b'running egg_info\n'}
[0.165895] (base_demo) StdoutLine: {'line': b'writing base_demo.egg-info/PKG-INFO\n'}
[0.165967] (base_demo) StdoutLine: {'line': b'writing dependency_links to base_demo.egg-info/dependency_links.txt\n'}
[0.166039] (base_demo) StdoutLine: {'line': b'writing top-level names to base_demo.egg-info/top_level.txt\n'}
[0.166787] (base_demo) StdoutLine: {'line': b"reading manifest file 'base_demo.egg-info/SOURCES.txt'\n"}
[0.166866] (base_demo) StdoutLine: {'line': b"writing manifest file 'base_demo.egg-info/SOURCES.txt'\n"}
[0.180947] (base_demo) StdoutLine: {'line': b'[100%] Built target ament_cmake_python_build_base_demo_egg\n'}
[0.189341] (base_demo) CommandEnded: {'returncode': 0}
[0.190214] (base_demo) JobProgress: {'identifier': 'base_demo', 'progress': 'install'}
[0.194411] (base_demo) Command: {'cmd': ['/usr/bin/cmake', '--install', '/home/jon/ws01/build/base_demo'], 'cwd': '/home/jon/ws01/build/base_demo', 'env': OrderedDict([('GJS_DEBUG_TOPICS', 'JS ERROR;JS LOG'), ('PYTHON_BASIC_REPL', '1'), ('LESSOPEN', '| /usr/bin/lesspipe %s'), ('HTTPS_PROXY', 'http://127.0.0.1:7890'), ('no_proxy', 'localhost,127.0.0.0/8,::1'), ('LANGUAGE', 'zh_CN:zh'), ('USER', 'jon'), ('all_proxy', 'socks5h://127.0.0.1:7890'), ('XDG_SESSION_TYPE', 'x11'), ('GIT_ASKPASS', '/usr/share/code/resources/app/extensions/git/dist/askpass.sh'), ('SHLVL', '1'), ('LD_LIBRARY_PATH', '/home/jon/ws01/install/base_demo/lib:/opt/ros/humble/opt/rviz_ogre_vendor/lib:/opt/ros/humble/lib/x86_64-linux-gnu:/opt/ros/humble/lib'), ('HOME', '/home/jon'), ('CHROME_DESKTOP', 'code.desktop'), ('TERM_PROGRAM_VERSION', '1.138.0'), ('DESKTOP_SESSION', 'ubuntu'), ('NO_PROXY', 'localhost,127.0.0.0/8,::1'), ('GIO_LAUNCHED_DESKTOP_FILE', '/usr/share/applications/code.desktop'), ('ROS_PYTHON_VERSION', '3'), ('GNOME_SHELL_SESSION_MODE', 'ubuntu'), ('GTK_MODULES', 'gail:atk-bridge'), ('VSCODE_GIT_ASKPASS_MAIN', '/usr/share/code/resources/app/extensions/git/dist/askpass-main.js'), ('VSCODE_GIT_ASKPASS_NODE', '/usr/share/code/code'), ('MANAGERPID', '1286'), ('PYDEVD_DISABLE_FILE_VALIDATION', '1'), ('SYSTEMD_EXEC_PID', '2464'), ('BUNDLED_DEBUGPY_PATH', '/home/jon/.vscode/extensions/ms-python.debugpy-2026.6.0-linux-x64/bundled/libs/debugpy'), ('VSCODE_PYTHON_AUTOACTIVATE_GUARD', '1'), ('DBUS_SESSION_BUS_ADDRESS', 'unix:path=/run/user/1000/bus'), ('COLORTERM', 'truecolor'), ('GIO_LAUNCHED_DESKTOP_FILE_PID', '4092'), ('IM_CONFIG_PHASE', '1'), ('https_proxy', 'http://127.0.0.1:7890'), ('COLCON_PREFIX_PATH', '/home/jon/ws01/install:/home/jon/ros2_ws/install'), ('ROS_DISTRO', 'humble'), ('LOGNAME', 'jon'), ('ALL_PROXY', 'socks5h://127.0.0.1:7890'), ('http_proxy', 'http://127.0.0.1:7890'), ('JOURNAL_STREAM', '8:15521'), ('_', '/usr/bin/colcon'), ('ROS_VERSION', '2'), ('XDG_SESSION_CLASS', 'user'), ('USERNAME', 'jon'), ('TERM', 'xterm-256color'), ('GNOME_DESKTOP_SESSION_ID', 'this-is-deprecated'), ('FC_FONTATIONS', '1'), ('ROS_LOCALHOST_ONLY', '0'), ('WINDOWPATH', '2'), ('PATH', '/home/jon/.config/Code/User/globalStorage/github.copilot-chat/debugCommand:/home/jon/.config/Code/User/globalStorage/github.copilot-chat/copilotCli:/home/jon/.local/bin:/opt/ros/humble/bin:/home/jon/.local/bin:/home/jon/.local/bin:/usr/local/sbin:/usr/local/bin:/usr/sbin:/usr/bin:/sbin:/bin:/usr/games:/usr/local/games:/snap/bin:/snap/bin:/home/jon/.vscode/extensions/ms-python.debugpy-2026.6.0-linux-x64/bundled/scripts/noConfigScripts'), ('SESSION_MANAGER', 'local/WJ:@/tmp/.ICE-unix/2436,unix/WJ:/tmp/.ICE-unix/2436'), ('INVOCATION_ID', 'dc714fa0cdc34e3a9439b83ad9a63145'), ('XDG_MENU_PREFIX', 'gnome-'), ('XDG_RUNTIME_DIR', '/run/user/1000'), ('GDK_BACKEND', 'x11'), ('DISPLAY', ':0'), ('VSCODE_DEBUGPY_ADAPTER_ENDPOINTS', '/home/jon/.vscode/extensions/ms-python.debugpy-2026.6.0-linux-x64/.noConfigDebugAdapterEndpoints/endpoint-b8a5c5d86f95c8fb.txt'), ('LANG', 'zh_CN.UTF-8'), ('XDG_CURRENT_DESKTOP', 'ubuntu:GNOME'), ('PYTHONSTARTUP', '/home/jon/.config/Code/User/workspaceStorage/1f60e15f81795b7429f56f0c0e99fe64/ms-python.python/pythonrc.py'), ('XMODIFIERS', '@im=ibus'), ('XDG_SESSION_DESKTOP', 'ubuntu'), ('XAUTHORITY', '/run/user/1000/gdm/Xauthority'), ('LS_COLORS', 'rs=0:di=01;34:ln=01;36:mh=00:pi=40;33:so=01;35:do=01;35:bd=40;33;01:cd=40;33;01:or=40;31;01:mi=00:su=37;41:sg=30;43:ca=30;41:tw=30;42:ow=34;42:st=37;44:ex=01;32:*.tar=01;31:*.tgz=01;31:*.arc=01;31:*.arj=01;31:*.taz=01;31:*.lha=01;31:*.lz4=01;31:*.lzh=01;31:*.lzma=01;31:*.tlz=01;31:*.txz=01;31:*.tzo=01;31:*.t7z=01;31:*.zip=01;31:*.z=01;31:*.dz=01;31:*.gz=01;31:*.lrz=01;31:*.lz=01;31:*.lzo=01;31:*.xz=01;31:*.zst=01;31:*.tzst=01;31:*.bz2=01;31:*.bz=01;31:*.tbz=01;31:*.tbz2=01;31:*.tz=01;31:*.deb=01;31:*.rpm=01;31:*.jar=01;31:*.war=01;31:*.ear=01;31:*.sar=01;31:*.rar=01;31:*.alz=01;31:*.ace=01;31:*.zoo=01;31:*.cpio=01;31:*.7z=01;31:*.rz=01;31:*.cab=01;31:*.wim=01;31:*.swm=01;31:*.dwm=01;31:*.esd=01;31:*.jpg=01;35:*.jpeg=01;35:*.mjpg=01;35:*.mjpeg=01;35:*.gif=01;35:*.bmp=01;35:*.pbm=01;35:*.pgm=01;35:*.ppm=01;35:*.tga=01;35:*.xbm=01;35:*.xpm=01;35:*.tif=01;35:*.tiff=01;35:*.png=01;35:*.svg=01;35:*.svgz=01;35:*.mng=01;35:*.pcx=01;35:*.mov=01;35:*.mpg=01;35:*.mpeg=01;35:*.m2v=01;35:*.mkv=01;35:*.webm=01;35:*.webp=01;35:*.ogm=01;35:*.mp4=01;35:*.m4v=01;35:*.mp4v=01;35:*.vob=01;35:*.qt=01;35:*.nuv=01;35:*.wmv=01;35:*.asf=01;35:*.rm=01;35:*.rmvb=01;35:*.flc=01;35:*.avi=01;35:*.fli=01;35:*.flv=01;35:*.gl=01;35:*.dl=01;35:*.xcf=01;35:*.xwd=01;35:*.yuv=01;35:*.cgm=01;35:*.emf=01;35:*.ogv=01;35:*.ogx=01;35:*.aac=00;36:*.au=00;36:*.flac=00;36:*.m4a=00;36:*.mid=00;36:*.midi=00;36:*.mka=00;36:*.mp3=00;36:*.mpc=00;36:*.ogg=00;36:*.ra=00;36:*.wav=00;36:*.oga=00;36:*.opus=00;36:*.spx=00;36:*.xspf=00;36:'), ('VSCODE_GIT_IPC_HANDLE', '/run/user/1000/vscode-git-81883a5c4f.sock'), ('TERM_PROGRAM', 'vscode'), ('SSH_AGENT_LAUNCHER', 'gnome-keyring'), ('SSH_AUTH_SOCK', '/run/user/1000/keyring/ssh'), ('AMENT_PREFIX_PATH', '/home/jon/ws01/install/cpp02_service:/home/jon/ws01/install/cpp01_topic:/home/jon/ws01/install/base_demo:/home/jon/ros2_ws/install/hellovscode_cpp:/home/jon/ros2_ws/install/hello_cpp:/opt/ros/humble'), ('SHELL', '/bin/bash'), ('QT_ACCESSIBILITY', '1'), ('GDMSESSION', 'ubuntu'), ('LESSCLOSE', '/usr/bin/lesspipe %s %s'), ('GPG_AGENT_INFO', '/run/user/1000/gnupg/S.gpg-agent:0:1'), ('GJS_DEBUG_OUTPUT', 'stderr'), ('VSCODE_GIT_ASKPASS_EXTRA_ARGS', ''), ('QT_IM_MODULE', 'ibus'), ('PWD', '/home/jon/ws01/build/base_demo'), ('XDG_CONFIG_DIRS', '/etc/xdg/xdg-ubuntu:/etc/xdg'), ('COPILOT_DEBUG_NONCE', '20fc3c0b33e88ebaf2914c4d51f59b28'), ('XDG_DATA_DIRS', '/usr/share/gnome:/usr/share/ubuntu:/usr/local/share/:/usr/share/:/var/lib/snapd/desktop'), ('PYTHONPATH', '/home/jon/ws01/install/base_demo/local/lib/python3.10/dist-packages:/opt/ros/humble/lib/python3.10/site-packages:/opt/ros/humble/local/lib/python3.10/dist-packages'), ('HTTP_PROXY', 'http://127.0.0.1:7890'), ('COLCON', '1'), ('CMAKE_PREFIX_PATH', '/home/jon/ws01/install/cpp02_service:/home/jon/ws01/install/cpp01_topic:/home/jon/ws01/install/base_demo:/home/jon/ros2_ws/install/hellovscode_cpp:/home/jon/ros2_ws/install/hello_cpp:/opt/ros/humble')]), 'shell': False}
[0.198375] (base_demo) StdoutLine: {'line': b'-- Install configuration: ""\n'}
[0.198471] (base_demo) StdoutLine: {'line': b'-- Up-to-date: /home/jon/ws01/install/base_demo/share/ament_index/resource_index/rosidl_interfaces/base_demo\n'}
[0.198499] (base_demo) StdoutLine: {'line': b'-- Up-to-date: /home/jon/ws01/install/base_demo/include/base_demo/base_demo\n'}
[0.198521] (base_demo) StdoutLine: {'line': b'-- Up-to-date: /home/jon/ws01/install/base_demo/include/base_demo/base_demo/msg\n'}
[0.198540] (base_demo) StdoutLine: {'line': b'-- Up-to-date: /home/jon/ws01/install/base_demo/include/base_demo/base_demo/msg/student.h\n'}
[0.198562] (base_demo) StdoutLine: {'line': b'-- Up-to-date: /home/jon/ws01/install/base_demo/include/base_demo/base_demo/msg/detail\n'}
[0.198580] (base_demo) StdoutLine: {'line': b'-- Up-to-date: /home/jon/ws01/install/base_demo/include/base_demo/base_demo/msg/detail/student__struct.h\n'}
[0.198599] (base_demo) StdoutLine: {'line': b'-- Up-to-date: /home/jon/ws01/install/base_demo/include/base_demo/base_demo/msg/detail/student__functions.c\n'}
[0.198616] (base_demo) StdoutLine: {'line': b'-- Up-to-date: /home/jon/ws01/install/base_demo/include/base_demo/base_demo/msg/detail/student__functions.h\n'}
[0.198635] (base_demo) StdoutLine: {'line': b'-- Up-to-date: /home/jon/ws01/install/base_demo/include/base_demo/base_demo/msg/detail/student__type_support.h\n'}
[0.198652] (base_demo) StdoutLine: {'line': b'-- Up-to-date: /home/jon/ws01/install/base_demo/include/base_demo/base_demo/msg/rosidl_generator_c__visibility_control.h\n'}
[0.198668] (base_demo) StdoutLine: {'line': b'-- Up-to-date: /home/jon/ws01/install/base_demo/include/base_demo/base_demo/srv\n'}
[0.198685] (base_demo) StdoutLine: {'line': b'-- Up-to-date: /home/jon/ws01/install/base_demo/include/base_demo/base_demo/srv/addints.h\n'}
[0.198703] (base_demo) StdoutLine: {'line': b'-- Up-to-date: /home/jon/ws01/install/base_demo/include/base_demo/base_demo/srv/detail\n'}
[0.198720] (base_demo) StdoutLine: {'line': b'-- Up-to-date: /home/jon/ws01/install/base_demo/include/base_demo/base_demo/srv/detail/addints__type_support.h\n'}
[0.198737] (base_demo) StdoutLine: {'line': b'-- Up-to-date: /home/jon/ws01/install/base_demo/include/base_demo/base_demo/srv/detail/addints__functions.h\n'}
[0.198753] (base_demo) StdoutLine: {'line': b'-- Up-to-date: /home/jon/ws01/install/base_demo/include/base_demo/base_demo/srv/detail/addints__struct.h\n'}
[0.198770] (base_demo) StdoutLine: {'line': b'-- Up-to-date: /home/jon/ws01/install/base_demo/include/base_demo/base_demo/srv/detail/addints__functions.c\n'}
[0.198786] (base_demo) StdoutLine: {'line': b'-- Up-to-date: /home/jon/ws01/install/base_demo/share/base_demo/environment/library_path.sh\n'}
[0.198803] (base_demo) StdoutLine: {'line': b'-- Up-to-date: /home/jon/ws01/install/base_demo/share/base_demo/environment/library_path.dsv\n'}
[0.199475] (base_demo) StdoutLine: {'line': b'-- Up-to-date: /home/jon/ws01/install/base_demo/lib/libbase_demo__rosidl_generator_c.so\n'}
[0.199712] (-) TimerEvent: {}
[0.199848] (base_demo) StdoutLine: {'line': b'-- Up-to-date: /home/jon/ws01/install/base_demo/include/base_demo/base_demo\n'}
[0.199956] (base_demo) StdoutLine: {'line': b'-- Up-to-date: /home/jon/ws01/install/base_demo/include/base_demo/base_demo/msg\n'}
[0.199999] (base_demo) StdoutLine: {'line': b'-- Up-to-date: /home/jon/ws01/install/base_demo/include/base_demo/base_demo/msg/rosidl_typesupport_fastrtps_c__visibility_control.h\n'}
[0.200030] (base_demo) StdoutLine: {'line': b'-- Up-to-date: /home/jon/ws01/install/base_demo/include/base_demo/base_demo/msg/detail\n'}
[0.200050] (base_demo) StdoutLine: {'line': b'-- Up-to-date: /home/jon/ws01/install/base_demo/include/base_demo/base_demo/msg/detail/student__rosidl_typesupport_fastrtps_c.h\n'}
[0.200068] (base_demo) StdoutLine: {'line': b'-- Up-to-date: /home/jon/ws01/install/base_demo/include/base_demo/base_demo/srv\n'}
[0.200084] (base_demo) StdoutLine: {'line': b'-- Up-to-date: /home/jon/ws01/install/base_demo/include/base_demo/base_demo/srv/detail\n'}
[0.200101] (base_demo) StdoutLine: {'line': b'-- Up-to-date: /home/jon/ws01/install/base_demo/include/base_demo/base_demo/srv/detail/addints__rosidl_typesupport_fastrtps_c.h\n'}
[0.200118] (base_demo) StdoutLine: {'line': b'-- Up-to-date: /home/jon/ws01/install/base_demo/lib/libbase_demo__rosidl_typesupport_fastrtps_c.so\n'}
[0.200135] (base_demo) StdoutLine: {'line': b'-- Up-to-date: /home/jon/ws01/install/base_demo/include/base_demo/base_demo\n'}
[0.200155] (base_demo) StdoutLine: {'line': b'-- Up-to-date: /home/jon/ws01/install/base_demo/include/base_demo/base_demo/msg\n'}
[0.200173] (base_demo) StdoutLine: {'line': b'-- Up-to-date: /home/jon/ws01/install/base_demo/include/base_demo/base_demo/msg/detail\n'}
[0.200188] (base_demo) StdoutLine: {'line': b'-- Up-to-date: /home/jon/ws01/install/base_demo/include/base_demo/base_demo/msg/detail/student__rosidl_typesupport_introspection_c.h\n'}
[0.200204] (base_demo) StdoutLine: {'line': b'-- Up-to-date: /home/jon/ws01/install/base_demo/include/base_demo/base_demo/msg/detail/student__type_support.c\n'}
[0.200220] (base_demo) StdoutLine: {'line': b'-- Up-to-date: /home/jon/ws01/install/base_demo/include/base_demo/base_demo/msg/rosidl_typesupport_introspection_c__visibility_control.h\n'}
[0.200236] (base_demo) StdoutLine: {'line': b'-- Up-to-date: /home/jon/ws01/install/base_demo/include/base_demo/base_demo/srv\n'}
[0.200251] (base_demo) StdoutLine: {'line': b'-- Up-to-date: /home/jon/ws01/install/base_demo/include/base_demo/base_demo/srv/detail\n'}
[0.200267] (base_demo) StdoutLine: {'line': b'-- Up-to-date: /home/jon/ws01/install/base_demo/include/base_demo/base_demo/srv/detail/addints__type_support.c\n'}
[0.200283] (base_demo) StdoutLine: {'line': b'-- Up-to-date: /home/jon/ws01/install/base_demo/include/base_demo/base_demo/srv/detail/addints__rosidl_typesupport_introspection_c.h\n'}
[0.200298] (base_demo) StdoutLine: {'line': b'-- Up-to-date: /home/jon/ws01/install/base_demo/lib/libbase_demo__rosidl_typesupport_introspection_c.so\n'}
[0.200313] (base_demo) StdoutLine: {'line': b'-- Up-to-date: /home/jon/ws01/install/base_demo/lib/libbase_demo__rosidl_typesupport_c.so\n'}
[0.200328] (base_demo) StdoutLine: {'line': b'-- Up-to-date: /home/jon/ws01/install/base_demo/include/base_demo/base_demo\n'}
[0.200343] (base_demo) StdoutLine: {'line': b'-- Up-to-date: /home/jon/ws01/install/base_demo/include/base_demo/base_demo/msg\n'}
[0.200357] (base_demo) StdoutLine: {'line': b'-- Up-to-date: /home/jon/ws01/install/base_demo/include/base_demo/base_demo/msg/student.hpp\n'}
[0.200372] (base_demo) StdoutLine: {'line': b'-- Up-to-date: /home/jon/ws01/install/base_demo/include/base_demo/base_demo/msg/detail\n'}
[0.200617] (base_demo) StdoutLine: {'line': b'-- Up-to-date: /home/jon/ws01/install/base_demo/include/base_demo/base_demo/msg/detail/student__type_support.hpp\n'}
[0.200662] (base_demo) StdoutLine: {'line': b'-- Up-to-date: /home/jon/ws01/install/base_demo/include/base_demo/base_demo/msg/detail/student__struct.hpp\n'}
[0.200702] (base_demo) StdoutLine: {'line': b'-- Up-to-date: /home/jon/ws01/install/base_demo/include/base_demo/base_demo/msg/detail/student__traits.hpp\n'}
[0.200740] (base_demo) StdoutLine: {'line': b'-- Up-to-date: /home/jon/ws01/install/base_demo/include/base_demo/base_demo/msg/detail/student__builder.hpp\n'}
[0.200777] (base_demo) StdoutLine: {'line': b'-- Up-to-date: /home/jon/ws01/install/base_demo/include/base_demo/base_demo/msg/rosidl_generator_cpp__visibility_control.hpp\n'}
[0.200814] (base_demo) StdoutLine: {'line': b'-- Up-to-date: /home/jon/ws01/install/base_demo/include/base_demo/base_demo/srv\n'}
[0.200851] (base_demo) StdoutLine: {'line': b'-- Up-to-date: /home/jon/ws01/install/base_demo/include/base_demo/base_demo/srv/addints.hpp\n'}
[0.200891] (base_demo) StdoutLine: {'line': b'-- Up-to-date: /home/jon/ws01/install/base_demo/include/base_demo/base_demo/srv/detail\n'}
[0.200927] (base_demo) StdoutLine: {'line': b'-- Up-to-date: /home/jon/ws01/install/base_demo/include/base_demo/base_demo/srv/detail/addints__traits.hpp\n'}
[0.200966] (base_demo) StdoutLine: {'line': b'-- Up-to-date: /home/jon/ws01/install/base_demo/include/base_demo/base_demo/srv/detail/addints__type_support.hpp\n'}
[0.201115] (base_demo) StdoutLine: {'line': b'-- Up-to-date: /home/jon/ws01/install/base_demo/include/base_demo/base_demo/srv/detail/addints__builder.hpp\n'}
[0.201158] (base_demo) StdoutLine: {'line': b'-- Up-to-date: /home/jon/ws01/install/base_demo/include/base_demo/base_demo/srv/detail/addints__struct.hpp\n'}
[0.201199] (base_demo) StdoutLine: {'line': b'-- Up-to-date: /home/jon/ws01/install/base_demo/include/base_demo/base_demo\n'}
[0.201243] (base_demo) StdoutLine: {'line': b'-- Up-to-date: /home/jon/ws01/install/base_demo/include/base_demo/base_demo/msg\n'}
[0.201282] (base_demo) StdoutLine: {'line': b'-- Up-to-date: /home/jon/ws01/install/base_demo/include/base_demo/base_demo/msg/rosidl_typesupport_fastrtps_cpp__visibility_control.h\n'}
[0.201322] (base_demo) StdoutLine: {'line': b'-- Up-to-date: /home/jon/ws01/install/base_demo/include/base_demo/base_demo/msg/detail\n'}
[0.201563] (base_demo) StdoutLine: {'line': b'-- Up-to-date: /home/jon/ws01/install/base_demo/include/base_demo/base_demo/msg/detail/dds_fastrtps\n'}
[0.201584] (base_demo) StdoutLine: {'line': b'-- Up-to-date: /home/jon/ws01/install/base_demo/include/base_demo/base_demo/msg/detail/student__rosidl_typesupport_fastrtps_cpp.hpp\n'}
[0.201603] (base_demo) StdoutLine: {'line': b'-- Up-to-date: /home/jon/ws01/install/base_demo/include/base_demo/base_demo/srv\n'}
[0.201620] (base_demo) StdoutLine: {'line': b'-- Up-to-date: /home/jon/ws01/install/base_demo/include/base_demo/base_demo/srv/detail\n'}
[0.201637] (base_demo) StdoutLine: {'line': b'-- Up-to-date: /home/jon/ws01/install/base_demo/include/base_demo/base_demo/srv/detail/addints__rosidl_typesupport_fastrtps_cpp.hpp\n'}
[0.201653] (base_demo) StdoutLine: {'line': b'-- Up-to-date: /home/jon/ws01/install/base_demo/include/base_demo/base_demo/srv/detail/dds_fastrtps\n'}
[0.201670] (base_demo) StdoutLine: {'line': b'-- Up-to-date: /home/jon/ws01/install/base_demo/lib/libbase_demo__rosidl_typesupport_fastrtps_cpp.so\n'}
[0.201687] (base_demo) StdoutLine: {'line': b'-- Up-to-date: /home/jon/ws01/install/base_demo/include/base_demo/base_demo\n'}
[0.201702] (base_demo) StdoutLine: {'line': b'-- Up-to-date: /home/jon/ws01/install/base_demo/include/base_demo/base_demo/msg\n'}
[0.201718] (base_demo) StdoutLine: {'line': b'-- Up-to-date: /home/jon/ws01/install/base_demo/include/base_demo/base_demo/msg/detail\n'}
[0.201737] (base_demo) StdoutLine: {'line': b'-- Up-to-date: /home/jon/ws01/install/base_demo/include/base_demo/base_demo/msg/detail/student__rosidl_typesupport_introspection_cpp.hpp\n'}
[0.201753] (base_demo) StdoutLine: {'line': b'-- Up-to-date: /home/jon/ws01/install/base_demo/include/base_demo/base_demo/msg/detail/student__type_support.cpp\n'}
[0.201769] (base_demo) StdoutLine: {'line': b'-- Up-to-date: /home/jon/ws01/install/base_demo/include/base_demo/base_demo/srv\n'}
[0.201785] (base_demo) StdoutLine: {'line': b'-- Up-to-date: /home/jon/ws01/install/base_demo/include/base_demo/base_demo/srv/detail\n'}
[0.201801] (base_demo) StdoutLine: {'line': b'-- Up-to-date: /home/jon/ws01/install/base_demo/include/base_demo/base_demo/srv/detail/addints__type_support.cpp\n'}
[0.201817] (base_demo) StdoutLine: {'line': b'-- Up-to-date: /home/jon/ws01/install/base_demo/include/base_demo/base_demo/srv/detail/addints__rosidl_typesupport_introspection_cpp.hpp\n'}
[0.201834] (base_demo) StdoutLine: {'line': b'-- Up-to-date: /home/jon/ws01/install/base_demo/lib/libbase_demo__rosidl_typesupport_introspection_cpp.so\n'}
[0.201850] (base_demo) StdoutLine: {'line': b'-- Up-to-date: /home/jon/ws01/install/base_demo/lib/libbase_demo__rosidl_typesupport_cpp.so\n'}
[0.201866] (base_demo) StdoutLine: {'line': b'-- Up-to-date: /home/jon/ws01/install/base_demo/share/base_demo/environment/pythonpath.sh\n'}
[0.201882] (base_demo) StdoutLine: {'line': b'-- Up-to-date: /home/jon/ws01/install/base_demo/share/base_demo/environment/pythonpath.dsv\n'}
[0.201898] (base_demo) StdoutLine: {'line': b'-- Up-to-date: /home/jon/ws01/install/base_demo/local/lib/python3.10/dist-packages/base_demo-0.0.0-py3.10.egg-info\n'}
[0.201913] (base_demo) StdoutLine: {'line': b'-- Installing: /home/jon/ws01/install/base_demo/local/lib/python3.10/dist-packages/base_demo-0.0.0-py3.10.egg-info/PKG-INFO\n'}
[0.201928] (base_demo) StdoutLine: {'line': b'-- Installing: /home/jon/ws01/install/base_demo/local/lib/python3.10/dist-packages/base_demo-0.0.0-py3.10.egg-info/SOURCES.txt\n'}
[0.201944] (base_demo) StdoutLine: {'line': b'-- Installing: /home/jon/ws01/install/base_demo/local/lib/python3.10/dist-packages/base_demo-0.0.0-py3.10.egg-info/dependency_links.txt\n'}
[0.201960] (base_demo) StdoutLine: {'line': b'-- Installing: /home/jon/ws01/install/base_demo/local/lib/python3.10/dist-packages/base_demo-0.0.0-py3.10.egg-info/top_level.txt\n'}
[0.201977] (base_demo) StdoutLine: {'line': b'-- Up-to-date: /home/jon/ws01/install/base_demo/local/lib/python3.10/dist-packages/base_demo\n'}
[0.201992] (base_demo) StdoutLine: {'line': b'-- Up-to-date: /home/jon/ws01/install/base_demo/local/lib/python3.10/dist-packages/base_demo/__init__.py\n'}
[0.202008] (base_demo) StdoutLine: {'line': b'-- Up-to-date: /home/jon/ws01/install/base_demo/local/lib/python3.10/dist-packages/base_demo/msg\n'}
[0.202024] (base_demo) StdoutLine: {'line': b'-- Up-to-date: /home/jon/ws01/install/base_demo/local/lib/python3.10/dist-packages/base_demo/msg/__init__.py\n'}
[0.202039] (base_demo) StdoutLine: {'line': b'-- Up-to-date: /home/jon/ws01/install/base_demo/local/lib/python3.10/dist-packages/base_demo/msg/_student.py\n'}
[0.202055] (base_demo) StdoutLine: {'line': b'-- Up-to-date: /home/jon/ws01/install/base_demo/local/lib/python3.10/dist-packages/base_demo/msg/_student_s.c\n'}
[0.202071] (base_demo) StdoutLine: {'line': b'-- Up-to-date: /home/jon/ws01/install/base_demo/local/lib/python3.10/dist-packages/base_demo/base_demo_s__rosidl_typesupport_introspection_c.cpython-310-x86_64-linux-gnu.so\n'}
[0.202101] (base_demo) StdoutLine: {'line': b'-- Up-to-date: /home/jon/ws01/install/base_demo/local/lib/python3.10/dist-packages/base_demo/base_demo_s__rosidl_typesupport_fastrtps_c.cpython-310-x86_64-linux-gnu.so\n'}
[0.202117] (base_demo) StdoutLine: {'line': b'-- Up-to-date: /home/jon/ws01/install/base_demo/local/lib/python3.10/dist-packages/base_demo/_base_demo_s.ep.rosidl_typesupport_c.c\n'}
[0.202132] (base_demo) StdoutLine: {'line': b'-- Up-to-date: /home/jon/ws01/install/base_demo/local/lib/python3.10/dist-packages/base_demo/_base_demo_s.ep.rosidl_typesupport_fastrtps_c.c\n'}
[0.202148] (base_demo) StdoutLine: {'line': b'-- Up-to-date: /home/jon/ws01/install/base_demo/local/lib/python3.10/dist-packages/base_demo/base_demo_s__rosidl_typesupport_c.cpython-310-x86_64-linux-gnu.so\n'}
[0.202163] (base_demo) StdoutLine: {'line': b'-- Up-to-date: /home/jon/ws01/install/base_demo/local/lib/python3.10/dist-packages/base_demo/_base_demo_s.ep.rosidl_typesupport_introspection_c.c\n'}
[0.202179] (base_demo) StdoutLine: {'line': b'-- Up-to-date: /home/jon/ws01/install/base_demo/local/lib/python3.10/dist-packages/base_demo/libbase_demo__rosidl_generator_py.so\n'}
[0.202194] (base_demo) StdoutLine: {'line': b'-- Up-to-date: /home/jon/ws01/install/base_demo/local/lib/python3.10/dist-packages/base_demo/srv\n'}
[0.202209] (base_demo) StdoutLine: {'line': b'-- Up-to-date: /home/jon/ws01/install/base_demo/local/lib/python3.10/dist-packages/base_demo/srv/__init__.py\n'}
[0.202223] (base_demo) StdoutLine: {'line': b'-- Up-to-date: /home/jon/ws01/install/base_demo/local/lib/python3.10/dist-packages/base_demo/srv/_addints.py\n'}
[0.202238] (base_demo) StdoutLine: {'line': b'-- Up-to-date: /home/jon/ws01/install/base_demo/local/lib/python3.10/dist-packages/base_demo/srv/_addints_s.c\n'}
[0.216966] (base_demo) StdoutLine: {'line': b"Listing '/home/jon/ws01/install/base_demo/local/lib/python3.10/dist-packages/base_demo'...\n"}
[0.217366] (base_demo) StdoutLine: {'line': b"Listing '/home/jon/ws01/install/base_demo/local/lib/python3.10/dist-packages/base_demo/msg'...\n"}
[0.217638] (base_demo) StdoutLine: {'line': b"Listing '/home/jon/ws01/install/base_demo/local/lib/python3.10/dist-packages/base_demo/srv'...\n"}
[0.220482] (base_demo) StdoutLine: {'line': b'-- Up-to-date: /home/jon/ws01/install/base_demo/local/lib/python3.10/dist-packages/base_demo/base_demo_s__rosidl_typesupport_fastrtps_c.cpython-310-x86_64-linux-gnu.so\n'}
[0.220539] (base_demo) StdoutLine: {'line': b'-- Up-to-date: /home/jon/ws01/install/base_demo/local/lib/python3.10/dist-packages/base_demo/base_demo_s__rosidl_typesupport_introspection_c.cpython-310-x86_64-linux-gnu.so\n'}
[0.220565] (base_demo) StdoutLine: {'line': b'-- Up-to-date: /home/jon/ws01/install/base_demo/local/lib/python3.10/dist-packages/base_demo/base_demo_s__rosidl_typesupport_c.cpython-310-x86_64-linux-gnu.so\n'}
[0.220585] (base_demo) StdoutLine: {'line': b'-- Up-to-date: /home/jon/ws01/install/base_demo/lib/libbase_demo__rosidl_generator_py.so\n'}
[0.220605] (base_demo) StdoutLine: {'line': b'-- Up-to-date: /home/jon/ws01/install/base_demo/share/base_demo/rust\n'}
[0.220858] (base_demo) StdoutLine: {'line': b'-- Up-to-date: /home/jon/ws01/install/base_demo/share/base_demo/rust/Cargo.toml\n'}
[0.220946] (base_demo) StdoutLine: {'line': b'-- Up-to-date: /home/jon/ws01/install/base_demo/share/base_demo/rust/build.rs\n'}
[0.221072] (base_demo) StdoutLine: {'line': b'-- Up-to-date: /home/jon/ws01/install/base_demo/share/base_demo/rust/src\n'}
[0.221109] (base_demo) StdoutLine: {'line': b'-- Up-to-date: /home/jon/ws01/install/base_demo/share/base_demo/rust/src/msg\n'}
[0.221128] (base_demo) StdoutLine: {'line': b'-- Up-to-date: /home/jon/ws01/install/base_demo/share/base_demo/rust/src/msg/rmw.rs\n'}
[0.221145] (base_demo) StdoutLine: {'line': b'-- Up-to-date: /home/jon/ws01/install/base_demo/share/base_demo/rust/src/msg.rs\n'}
[0.221162] (base_demo) StdoutLine: {'line': b'-- Up-to-date: /home/jon/ws01/install/base_demo/share/base_demo/rust/src/lib.rs\n'}
[0.221178] (base_demo) StdoutLine: {'line': b'-- Up-to-date: /home/jon/ws01/install/base_demo/share/base_demo/rust/src/srv.rs\n'}
[0.221194] (base_demo) StdoutLine: {'line': b'-- Up-to-date: /home/jon/ws01/install/base_demo/share/base_demo/rust/src/srv\n'}
[0.221210] (base_demo) StdoutLine: {'line': b'-- Up-to-date: /home/jon/ws01/install/base_demo/share/base_demo/rust/src/srv/rmw.rs\n'}
[0.221226] (base_demo) StdoutLine: {'line': b'-- Up-to-date: /home/jon/ws01/install/base_demo/share/base_demo/msg/Student.idl\n'}
[0.221242] (base_demo) StdoutLine: {'line': b'-- Up-to-date: /home/jon/ws01/install/base_demo/share/base_demo/srv/Addints.idl\n'}
[0.221257] (base_demo) StdoutLine: {'line': b'-- Up-to-date: /home/jon/ws01/install/base_demo/share/base_demo/msg/Student.msg\n'}
[0.221273] (base_demo) StdoutLine: {'line': b'-- Up-to-date: /home/jon/ws01/install/base_demo/share/base_demo/srv/Addints.srv\n'}
[0.221288] (base_demo) StdoutLine: {'line': b'-- Up-to-date: /home/jon/ws01/install/base_demo/share/base_demo/srv/Addints_Request.msg\n'}
[0.221304] (base_demo) StdoutLine: {'line': b'-- Up-to-date: /home/jon/ws01/install/base_demo/share/base_demo/srv/Addints_Response.msg\n'}
[0.221319] (base_demo) StdoutLine: {'line': b'-- Up-to-date: /home/jon/ws01/install/base_demo/share/ament_index/resource_index/package_run_dependencies/base_demo\n'}
[0.221335] (base_demo) StdoutLine: {'line': b'-- Up-to-date: /home/jon/ws01/install/base_demo/share/ament_index/resource_index/parent_prefix_path/base_demo\n'}
[0.221352] (base_demo) StdoutLine: {'line': b'-- Up-to-date: /home/jon/ws01/install/base_demo/share/base_demo/environment/ament_prefix_path.sh\n'}
[0.221369] (base_demo) StdoutLine: {'line': b'-- Up-to-date: /home/jon/ws01/install/base_demo/share/base_demo/environment/ament_prefix_path.dsv\n'}
[0.221385] (base_demo) StdoutLine: {'line': b'-- Up-to-date: /home/jon/ws01/install/base_demo/share/base_demo/environment/path.sh\n'}
[0.221401] (base_demo) StdoutLine: {'line': b'-- Up-to-date: /home/jon/ws01/install/base_demo/share/base_demo/environment/path.dsv\n'}
[0.221419] (base_demo) StdoutLine: {'line': b'-- Up-to-date: /home/jon/ws01/install/base_demo/share/base_demo/local_setup.bash\n'}
[0.221436] (base_demo) StdoutLine: {'line': b'-- Up-to-date: /home/jon/ws01/install/base_demo/share/base_demo/local_setup.sh\n'}
[0.221451] (base_demo) StdoutLine: {'line': b'-- Up-to-date: /home/jon/ws01/install/base_demo/share/base_demo/local_setup.zsh\n'}
[0.221469] (base_demo) StdoutLine: {'line': b'-- Up-to-date: /home/jon/ws01/install/base_demo/share/base_demo/local_setup.dsv\n'}
[0.221485] (base_demo) StdoutLine: {'line': b'-- Installing: /home/jon/ws01/install/base_demo/share/base_demo/package.dsv\n'}
[0.221501] (base_demo) StdoutLine: {'line': b'-- Up-to-date: /home/jon/ws01/install/base_demo/share/ament_index/resource_index/packages/base_demo\n'}
[0.221517] (base_demo) StdoutLine: {'line': b'-- Up-to-date: /home/jon/ws01/install/base_demo/share/base_demo/cmake/export_base_demo__rosidl_generator_cExport.cmake\n'}
[0.221533] (base_demo) StdoutLine: {'line': b'-- Up-to-date: /home/jon/ws01/install/base_demo/share/base_demo/cmake/export_base_demo__rosidl_generator_cExport-noconfig.cmake\n'}
[0.221548] (base_demo) StdoutLine: {'line': b'-- Up-to-date: /home/jon/ws01/install/base_demo/share/base_demo/cmake/export_base_demo__rosidl_typesupport_fastrtps_cExport.cmake\n'}
[0.221564] (base_demo) StdoutLine: {'line': b'-- Up-to-date: /home/jon/ws01/install/base_demo/share/base_demo/cmake/export_base_demo__rosidl_typesupport_fastrtps_cExport-noconfig.cmake\n'}
[0.221580] (base_demo) StdoutLine: {'line': b'-- Up-to-date: /home/jon/ws01/install/base_demo/share/base_demo/cmake/base_demo__rosidl_typesupport_introspection_cExport.cmake\n'}
[0.221596] (base_demo) StdoutLine: {'line': b'-- Up-to-date: /home/jon/ws01/install/base_demo/share/base_demo/cmake/base_demo__rosidl_typesupport_introspection_cExport-noconfig.cmake\n'}
[0.222306] (base_demo) StdoutLine: {'line': b'-- Up-to-date: /home/jon/ws01/install/base_demo/share/base_demo/cmake/base_demo__rosidl_typesupport_cExport.cmake\n'}
[0.222414] (base_demo) StdoutLine: {'line': b'-- Up-to-date: /home/jon/ws01/install/base_demo/share/base_demo/cmake/base_demo__rosidl_typesupport_cExport-noconfig.cmake\n'}
[0.222571] (base_demo) StdoutLine: {'line': b'-- Up-to-date: /home/jon/ws01/install/base_demo/share/base_demo/cmake/export_base_demo__rosidl_generator_cppExport.cmake\n'}
[0.223025] (base_demo) StdoutLine: {'line': b'-- Up-to-date: /home/jon/ws01/install/base_demo/share/base_demo/cmake/export_base_demo__rosidl_typesupport_fastrtps_cppExport.cmake\n'}
[0.223499] (base_demo) StdoutLine: {'line': b'-- Up-to-date: /home/jon/ws01/install/base_demo/share/base_demo/cmake/export_base_demo__rosidl_typesupport_fastrtps_cppExport-noconfig.cmake\n'}
[0.223590] (base_demo) StdoutLine: {'line': b'-- Up-to-date: /home/jon/ws01/install/base_demo/share/base_demo/cmake/base_demo__rosidl_typesupport_introspection_cppExport.cmake\n'}
[0.223626] (base_demo) StdoutLine: {'line': b'-- Up-to-date: /home/jon/ws01/install/base_demo/share/base_demo/cmake/base_demo__rosidl_typesupport_introspection_cppExport-noconfig.cmake\n'}
[0.223646] (base_demo) StdoutLine: {'line': b'-- Up-to-date: /home/jon/ws01/install/base_demo/share/base_demo/cmake/base_demo__rosidl_typesupport_cppExport.cmake\n'}
[0.223664] (base_demo) StdoutLine: {'line': b'-- Up-to-date: /home/jon/ws01/install/base_demo/share/base_demo/cmake/base_demo__rosidl_typesupport_cppExport-noconfig.cmake\n'}
[0.223681] (base_demo) StdoutLine: {'line': b'-- Up-to-date: /home/jon/ws01/install/base_demo/share/base_demo/cmake/export_base_demo__rosidl_generator_pyExport.cmake\n'}
[0.223697] (base_demo) StdoutLine: {'line': b'-- Up-to-date: /home/jon/ws01/install/base_demo/share/base_demo/cmake/export_base_demo__rosidl_generator_pyExport-noconfig.cmake\n'}
[0.223715] (base_demo) StdoutLine: {'line': b'-- Up-to-date: /home/jon/ws01/install/base_demo/share/base_demo/cmake/rosidl_cmake-extras.cmake\n'}
[0.223732] (base_demo) StdoutLine: {'line': b'-- Up-to-date: /home/jon/ws01/install/base_demo/share/base_demo/cmake/ament_cmake_export_include_directories-extras.cmake\n'}
[0.223749] (base_demo) StdoutLine: {'line': b'-- Up-to-date: /home/jon/ws01/install/base_demo/share/base_demo/cmake/ament_cmake_export_libraries-extras.cmake\n'}
[0.223765] (base_demo) StdoutLine: {'line': b'-- Up-to-date: /home/jon/ws01/install/base_demo/share/base_demo/cmake/ament_cmake_export_targets-extras.cmake\n'}
[0.223781] (base_demo) StdoutLine: {'line': b'-- Up-to-date: /home/jon/ws01/install/base_demo/share/base_demo/cmake/rosidl_cmake_export_typesupport_targets-extras.cmake\n'}
[0.223798] (base_demo) StdoutLine: {'line': b'-- Up-to-date: /home/jon/ws01/install/base_demo/share/base_demo/cmake/ament_cmake_export_dependencies-extras.cmake\n'}
[0.223817] (base_demo) StdoutLine: {'line': b'-- Up-to-date: /home/jon/ws01/install/base_demo/share/base_demo/cmake/rosidl_cmake_export_typesupport_libraries-extras.cmake\n'}
[0.223840] (base_demo) StdoutLine: {'line': b'-- Up-to-date: /home/jon/ws01/install/base_demo/share/base_demo/cmake/rosidl_cmake_aggregate_target-extras.cmake\n'}
[0.223856] (base_demo) StdoutLine: {'line': b'-- Up-to-date: /home/jon/ws01/install/base_demo/share/base_demo/cmake/base_demoConfig.cmake\n'}
[0.223872] (base_demo) StdoutLine: {'line': b'-- Up-to-date: /home/jon/ws01/install/base_demo/share/base_demo/cmake/base_demoConfig-version.cmake\n'}
[0.224079] (base_demo) StdoutLine: {'line': b'-- Up-to-date: /home/jon/ws01/install/base_demo/share/base_demo/package.xml\n'}
[0.224116] (base_demo) CommandEnded: {'returncode': 0}
[0.232531] (base_demo) JobEnded: {'identifier': 'base_demo', 'rc': 0}
[0.235018] (cpp01_topic) JobStarted: {'identifier': 'cpp01_topic'}
[0.236224] (cpp02_service) JobStarted: {'identifier': 'cpp02_service'}
[0.241612] (cpp01_topic) JobProgress: {'identifier': 'cpp01_topic', 'progress': 'cmake'}
[0.241859] (cpp01_topic) JobProgress: {'identifier': 'cpp01_topic', 'progress': 'build'}
[0.241995] (cpp01_topic) Command: {'cmd': ['/usr/bin/cmake', '--build', '/home/jon/ws01/build/cpp01_topic', '--', '-j24', '-l24'], 'cwd': '/home/jon/ws01/build/cpp01_topic', 'env': OrderedDict([('GJS_DEBUG_TOPICS', 'JS ERROR;JS LOG'), ('PYTHON_BASIC_REPL', '1'), ('LESSOPEN', '| /usr/bin/lesspipe %s'), ('HTTPS_PROXY', 'http://127.0.0.1:7890'), ('no_proxy', 'localhost,127.0.0.0/8,::1'), ('LANGUAGE', 'zh_CN:zh'), ('USER', 'jon'), ('all_proxy', 'socks5h://127.0.0.1:7890'), ('XDG_SESSION_TYPE', 'x11'), ('GIT_ASKPASS', '/usr/share/code/resources/app/extensions/git/dist/askpass.sh'), ('SHLVL', '1'), ('LD_LIBRARY_PATH', '/home/jon/ws01/install/base_demo/lib:/opt/ros/humble/opt/rviz_ogre_vendor/lib:/opt/ros/humble/lib/x86_64-linux-gnu:/opt/ros/humble/lib'), ('HOME', '/home/jon'), ('CHROME_DESKTOP', 'code.desktop'), ('TERM_PROGRAM_VERSION', '1.138.0'), ('DESKTOP_SESSION', 'ubuntu'), ('NO_PROXY', 'localhost,127.0.0.0/8,::1'), ('GIO_LAUNCHED_DESKTOP_FILE', '/usr/share/applications/code.desktop'), ('ROS_PYTHON_VERSION', '3'), ('GNOME_SHELL_SESSION_MODE', 'ubuntu'), ('GTK_MODULES', 'gail:atk-bridge'), ('VSCODE_GIT_ASKPASS_MAIN', '/usr/share/code/resources/app/extensions/git/dist/askpass-main.js'), ('VSCODE_GIT_ASKPASS_NODE', '/usr/share/code/code'), ('MANAGERPID', '1286'), ('PYDEVD_DISABLE_FILE_VALIDATION', '1'), ('SYSTEMD_EXEC_PID', '2464'), ('BUNDLED_DEBUGPY_PATH', '/home/jon/.vscode/extensions/ms-python.debugpy-2026.6.0-linux-x64/bundled/libs/debugpy'), ('VSCODE_PYTHON_AUTOACTIVATE_GUARD', '1'), ('DBUS_SESSION_BUS_ADDRESS', 'unix:path=/run/user/1000/bus'), ('COLORTERM', 'truecolor'), ('GIO_LAUNCHED_DESKTOP_FILE_PID', '4092'), ('IM_CONFIG_PHASE', '1'), ('https_proxy', 'http://127.0.0.1:7890'), ('COLCON_PREFIX_PATH', '/home/jon/ws01/install:/home/jon/ros2_ws/install'), ('ROS_DISTRO', 'humble'), ('LOGNAME', 'jon'), ('ALL_PROXY', 'socks5h://127.0.0.1:7890'), ('http_proxy', 'http://127.0.0.1:7890'), ('JOURNAL_STREAM', '8:15521'), ('_', '/usr/bin/colcon'), ('ROS_VERSION', '2'), ('XDG_SESSION_CLASS', 'user'), ('USERNAME', 'jon'), ('TERM', 'xterm-256color'), ('GNOME_DESKTOP_SESSION_ID', 'this-is-deprecated'), ('FC_FONTATIONS', '1'), ('ROS_LOCALHOST_ONLY', '0'), ('WINDOWPATH', '2'), ('PATH', '/home/jon/.config/Code/User/globalStorage/github.copilot-chat/debugCommand:/home/jon/.config/Code/User/globalStorage/github.copilot-chat/copilotCli:/home/jon/.local/bin:/opt/ros/humble/bin:/home/jon/.local/bin:/home/jon/.local/bin:/usr/local/sbin:/usr/local/bin:/usr/sbin:/usr/bin:/sbin:/bin:/usr/games:/usr/local/games:/snap/bin:/snap/bin:/home/jon/.vscode/extensions/ms-python.debugpy-2026.6.0-linux-x64/bundled/scripts/noConfigScripts'), ('SESSION_MANAGER', 'local/WJ:@/tmp/.ICE-unix/2436,unix/WJ:/tmp/.ICE-unix/2436'), ('INVOCATION_ID', 'dc714fa0cdc34e3a9439b83ad9a63145'), ('XDG_MENU_PREFIX', 'gnome-'), ('XDG_RUNTIME_DIR', '/run/user/1000'), ('GDK_BACKEND', 'x11'), ('DISPLAY', ':0'), ('VSCODE_DEBUGPY_ADAPTER_ENDPOINTS', '/home/jon/.vscode/extensions/ms-python.debugpy-2026.6.0-linux-x64/.noConfigDebugAdapterEndpoints/endpoint-b8a5c5d86f95c8fb.txt'), ('LANG', 'zh_CN.UTF-8'), ('XDG_CURRENT_DESKTOP', 'ubuntu:GNOME'), ('PYTHONSTARTUP', '/home/jon/.config/Code/User/workspaceStorage/1f60e15f81795b7429f56f0c0e99fe64/ms-python.python/pythonrc.py'), ('XMODIFIERS', '@im=ibus'), ('XDG_SESSION_DESKTOP', 'ubuntu'), ('XAUTHORITY', '/run/user/1000/gdm/Xauthority'), ('LS_COLORS', 'rs=0:di=01;34:ln=01;36:mh=00:pi=40;33:so=01;35:do=01;35:bd=40;33;01:cd=40;33;01:or=40;31;01:mi=00:su=37;41:sg=30;43:ca=30;41:tw=30;42:ow=34;42:st=37;44:ex=01;32:*.tar=01;31:*.tgz=01;31:*.arc=01;31:*.arj=01;31:*.taz=01;31:*.lha=01;31:*.lz4=01;31:*.lzh=01;31:*.lzma=01;31:*.tlz=01;31:*.txz=01;31:*.tzo=01;31:*.t7z=01;31:*.zip=01;31:*.z=01;31:*.dz=01;31:*.gz=01;31:*.lrz=01;31:*.lz=01;31:*.lzo=01;31:*.xz=01;31:*.zst=01;31:*.tzst=01;31:*.bz2=01;31:*.bz=01;31:*.tbz=01;31:*.tbz2=01;31:*.tz=01;31:*.deb=01;31:*.rpm=01;31:*.jar=01;31:*.war=01;31:*.ear=01;31:*.sar=01;31:*.rar=01;31:*.alz=01;31:*.ace=01;31:*.zoo=01;31:*.cpio=01;31:*.7z=01;31:*.rz=01;31:*.cab=01;31:*.wim=01;31:*.swm=01;31:*.dwm=01;31:*.esd=01;31:*.jpg=01;35:*.jpeg=01;35:*.mjpg=01;35:*.mjpeg=01;35:*.gif=01;35:*.bmp=01;35:*.pbm=01;35:*.pgm=01;35:*.ppm=01;35:*.tga=01;35:*.xbm=01;35:*.xpm=01;35:*.tif=01;35:*.tiff=01;35:*.png=01;35:*.svg=01;35:*.svgz=01;35:*.mng=01;35:*.pcx=01;35:*.mov=01;35:*.mpg=01;35:*.mpeg=01;35:*.m2v=01;35:*.mkv=01;35:*.webm=01;35:*.webp=01;35:*.ogm=01;35:*.mp4=01;35:*.m4v=01;35:*.mp4v=01;35:*.vob=01;35:*.qt=01;35:*.nuv=01;35:*.wmv=01;35:*.asf=01;35:*.rm=01;35:*.rmvb=01;35:*.flc=01;35:*.avi=01;35:*.fli=01;35:*.flv=01;35:*.gl=01;35:*.dl=01;35:*.xcf=01;35:*.xwd=01;35:*.yuv=01;35:*.cgm=01;35:*.emf=01;35:*.ogv=01;35:*.ogx=01;35:*.aac=00;36:*.au=00;36:*.flac=00;36:*.m4a=00;36:*.mid=00;36:*.midi=00;36:*.mka=00;36:*.mp3=00;36:*.mpc=00;36:*.ogg=00;36:*.ra=00;36:*.wav=00;36:*.oga=00;36:*.opus=00;36:*.spx=00;36:*.xspf=00;36:'), ('VSCODE_GIT_IPC_HANDLE', '/run/user/1000/vscode-git-81883a5c4f.sock'), ('TERM_PROGRAM', 'vscode'), ('SSH_AGENT_LAUNCHER', 'gnome-keyring'), ('SSH_AUTH_SOCK', '/run/user/1000/keyring/ssh'), ('AMENT_PREFIX_PATH', '/home/jon/ws01/install/cpp02_service:/home/jon/ws01/install/cpp01_topic:/home/jon/ws01/install/base_demo:/home/jon/ros2_ws/install/hellovscode_cpp:/home/jon/ros2_ws/install/hello_cpp:/opt/ros/humble'), ('SHELL', '/bin/bash'), ('QT_ACCESSIBILITY', '1'), ('GDMSESSION', 'ubuntu'), ('LESSCLOSE', '/usr/bin/lesspipe %s %s'), ('GPG_AGENT_INFO', '/run/user/1000/gnupg/S.gpg-agent:0:1'), ('GJS_DEBUG_OUTPUT', 'stderr'), ('VSCODE_GIT_ASKPASS_EXTRA_ARGS', ''), ('QT_IM_MODULE', 'ibus'), ('PWD', '/home/jon/ws01/build/cpp01_topic'), ('XDG_CONFIG_DIRS', '/etc/xdg/xdg-ubuntu:/etc/xdg'), ('COPILOT_DEBUG_NONCE', '20fc3c0b33e88ebaf2914c4d51f59b28'), ('XDG_DATA_DIRS', '/usr/share/gnome:/usr/share/ubuntu:/usr/local/share/:/usr/share/:/var/lib/snapd/desktop'), ('PYTHONPATH', '/home/jon/ws01/install/base_demo/local/lib/python3.10/dist-packages:/opt/ros/humble/lib/python3.10/site-packages:/opt/ros/humble/local/lib/python3.10/dist-packages'), ('HTTP_PROXY', 'http://127.0.0.1:7890'), ('COLCON', '1'), ('CMAKE_PREFIX_PATH', '/home/jon/ws01/install/base_demo:/home/jon/ws01/install/cpp02_service:/home/jon/ws01/install/cpp01_topic:/home/jon/ros2_ws/install/hellovscode_cpp:/home/jon/ros2_ws/install/hello_cpp:/opt/ros/humble')]), 'shell': False}
[0.246662] (cpp02_service) JobProgress: {'identifier': 'cpp02_service', 'progress': 'cmake'}
[0.247191] (cpp02_service) JobProgress: {'identifier': 'cpp02_service', 'progress': 'build'}
[0.247649] (cpp02_service) Command: {'cmd': ['/usr/bin/cmake', '--build', '/home/jon/ws01/build/cpp02_service', '--', '-j24', '-l24'], 'cwd': '/home/jon/ws01/build/cpp02_service', 'env': OrderedDict([('GJS_DEBUG_TOPICS', 'JS ERROR;JS LOG'), ('PYTHON_BASIC_REPL', '1'), ('LESSOPEN', '| /usr/bin/lesspipe %s'), ('HTTPS_PROXY', 'http://127.0.0.1:7890'), ('no_proxy', 'localhost,127.0.0.0/8,::1'), ('LANGUAGE', 'zh_CN:zh'), ('USER', 'jon'), ('all_proxy', 'socks5h://127.0.0.1:7890'), ('XDG_SESSION_TYPE', 'x11'), ('GIT_ASKPASS', '/usr/share/code/resources/app/extensions/git/dist/askpass.sh'), ('SHLVL', '1'), ('LD_LIBRARY_PATH', '/home/jon/ws01/install/base_demo/lib:/opt/ros/humble/opt/rviz_ogre_vendor/lib:/opt/ros/humble/lib/x86_64-linux-gnu:/opt/ros/humble/lib'), ('HOME', '/home/jon'), ('CHROME_DESKTOP', 'code.desktop'), ('TERM_PROGRAM_VERSION', '1.138.0'), ('DESKTOP_SESSION', 'ubuntu'), ('NO_PROXY', 'localhost,127.0.0.0/8,::1'), ('GIO_LAUNCHED_DESKTOP_FILE', '/usr/share/applications/code.desktop'), ('ROS_PYTHON_VERSION', '3'), ('GNOME_SHELL_SESSION_MODE', 'ubuntu'), ('GTK_MODULES', 'gail:atk-bridge'), ('VSCODE_GIT_ASKPASS_MAIN', '/usr/share/code/resources/app/extensions/git/dist/askpass-main.js'), ('VSCODE_GIT_ASKPASS_NODE', '/usr/share/code/code'), ('MANAGERPID', '1286'), ('PYDEVD_DISABLE_FILE_VALIDATION', '1'), ('SYSTEMD_EXEC_PID', '2464'), ('BUNDLED_DEBUGPY_PATH', '/home/jon/.vscode/extensions/ms-python.debugpy-2026.6.0-linux-x64/bundled/libs/debugpy'), ('VSCODE_PYTHON_AUTOACTIVATE_GUARD', '1'), ('DBUS_SESSION_BUS_ADDRESS', 'unix:path=/run/user/1000/bus'), ('COLORTERM', 'truecolor'), ('GIO_LAUNCHED_DESKTOP_FILE_PID', '4092'), ('IM_CONFIG_PHASE', '1'), ('https_proxy', 'http://127.0.0.1:7890'), ('COLCON_PREFIX_PATH', '/home/jon/ws01/install:/home/jon/ros2_ws/install'), ('ROS_DISTRO', 'humble'), ('LOGNAME', 'jon'), ('ALL_PROXY', 'socks5h://127.0.0.1:7890'), ('http_proxy', 'http://127.0.0.1:7890'), ('JOURNAL_STREAM', '8:15521'), ('_', '/usr/bin/colcon'), ('ROS_VERSION', '2'), ('XDG_SESSION_CLASS', 'user'), ('USERNAME', 'jon'), ('TERM', 'xterm-256color'), ('GNOME_DESKTOP_SESSION_ID', 'this-is-deprecated'), ('FC_FONTATIONS', '1'), ('ROS_LOCALHOST_ONLY', '0'), ('WINDOWPATH', '2'), ('PATH', '/home/jon/.config/Code/User/globalStorage/github.copilot-chat/debugCommand:/home/jon/.config/Code/User/globalStorage/github.copilot-chat/copilotCli:/home/jon/.local/bin:/opt/ros/humble/bin:/home/jon/.local/bin:/home/jon/.local/bin:/usr/local/sbin:/usr/local/bin:/usr/sbin:/usr/bin:/sbin:/bin:/usr/games:/usr/local/games:/snap/bin:/snap/bin:/home/jon/.vscode/extensions/ms-python.debugpy-2026.6.0-linux-x64/bundled/scripts/noConfigScripts'), ('SESSION_MANAGER', 'local/WJ:@/tmp/.ICE-unix/2436,unix/WJ:/tmp/.ICE-unix/2436'), ('INVOCATION_ID', 'dc714fa0cdc34e3a9439b83ad9a63145'), ('XDG_MENU_PREFIX', 'gnome-'), ('XDG_RUNTIME_DIR', '/run/user/1000'), ('GDK_BACKEND', 'x11'), ('DISPLAY', ':0'), ('VSCODE_DEBUGPY_ADAPTER_ENDPOINTS', '/home/jon/.vscode/extensions/ms-python.debugpy-2026.6.0-linux-x64/.noConfigDebugAdapterEndpoints/endpoint-b8a5c5d86f95c8fb.txt'), ('LANG', 'zh_CN.UTF-8'), ('XDG_CURRENT_DESKTOP', 'ubuntu:GNOME'), ('PYTHONSTARTUP', '/home/jon/.config/Code/User/workspaceStorage/1f60e15f81795b7429f56f0c0e99fe64/ms-python.python/pythonrc.py'), ('XMODIFIERS', '@im=ibus'), ('XDG_SESSION_DESKTOP', 'ubuntu'), ('XAUTHORITY', '/run/user/1000/gdm/Xauthority'), ('LS_COLORS', 'rs=0:di=01;34:ln=01;36:mh=00:pi=40;33:so=01;35:do=01;35:bd=40;33;01:cd=40;33;01:or=40;31;01:mi=00:su=37;41:sg=30;43:ca=30;41:tw=30;42:ow=34;42:st=37;44:ex=01;32:*.tar=01;31:*.tgz=01;31:*.arc=01;31:*.arj=01;31:*.taz=01;31:*.lha=01;31:*.lz4=01;31:*.lzh=01;31:*.lzma=01;31:*.tlz=01;31:*.txz=01;31:*.tzo=01;31:*.t7z=01;31:*.zip=01;31:*.z=01;31:*.dz=01;31:*.gz=01;31:*.lrz=01;31:*.lz=01;31:*.lzo=01;31:*.xz=01;31:*.zst=01;31:*.tzst=01;31:*.bz2=01;31:*.bz=01;31:*.tbz=01;31:*.tbz2=01;31:*.tz=01;31:*.deb=01;31:*.rpm=01;31:*.jar=01;31:*.war=01;31:*.ear=01;31:*.sar=01;31:*.rar=01;31:*.alz=01;31:*.ace=01;31:*.zoo=01;31:*.cpio=01;31:*.7z=01;31:*.rz=01;31:*.cab=01;31:*.wim=01;31:*.swm=01;31:*.dwm=01;31:*.esd=01;31:*.jpg=01;35:*.jpeg=01;35:*.mjpg=01;35:*.mjpeg=01;35:*.gif=01;35:*.bmp=01;35:*.pbm=01;35:*.pgm=01;35:*.ppm=01;35:*.tga=01;35:*.xbm=01;35:*.xpm=01;35:*.tif=01;35:*.tiff=01;35:*.png=01;35:*.svg=01;35:*.svgz=01;35:*.mng=01;35:*.pcx=01;35:*.mov=01;35:*.mpg=01;35:*.mpeg=01;35:*.m2v=01;35:*.mkv=01;35:*.webm=01;35:*.webp=01;35:*.ogm=01;35:*.mp4=01;35:*.m4v=01;35:*.mp4v=01;35:*.vob=01;35:*.qt=01;35:*.nuv=01;35:*.wmv=01;35:*.asf=01;35:*.rm=01;35:*.rmvb=01;35:*.flc=01;35:*.avi=01;35:*.fli=01;35:*.flv=01;35:*.gl=01;35:*.dl=01;35:*.xcf=01;35:*.xwd=01;35:*.yuv=01;35:*.cgm=01;35:*.emf=01;35:*.ogv=01;35:*.ogx=01;35:*.aac=00;36:*.au=00;36:*.flac=00;36:*.m4a=00;36:*.mid=00;36:*.midi=00;36:*.mka=00;36:*.mp3=00;36:*.mpc=00;36:*.ogg=00;36:*.ra=00;36:*.wav=00;36:*.oga=00;36:*.opus=00;36:*.spx=00;36:*.xspf=00;36:'), ('VSCODE_GIT_IPC_HANDLE', '/run/user/1000/vscode-git-81883a5c4f.sock'), ('TERM_PROGRAM', 'vscode'), ('SSH_AGENT_LAUNCHER', 'gnome-keyring'), ('SSH_AUTH_SOCK', '/run/user/1000/keyring/ssh'), ('AMENT_PREFIX_PATH', '/home/jon/ws01/install/cpp02_service:/home/jon/ws01/install/cpp01_topic:/home/jon/ws01/install/base_demo:/home/jon/ros2_ws/install/hellovscode_cpp:/home/jon/ros2_ws/install/hello_cpp:/opt/ros/humble'), ('SHELL', '/bin/bash'), ('QT_ACCESSIBILITY', '1'), ('GDMSESSION', 'ubuntu'), ('LESSCLOSE', '/usr/bin/lesspipe %s %s'), ('GPG_AGENT_INFO', '/run/user/1000/gnupg/S.gpg-agent:0:1'), ('GJS_DEBUG_OUTPUT', 'stderr'), ('VSCODE_GIT_ASKPASS_EXTRA_ARGS', ''), ('QT_IM_MODULE', 'ibus'), ('PWD', '/home/jon/ws01/build/cpp02_service'), ('XDG_CONFIG_DIRS', '/etc/xdg/xdg-ubuntu:/etc/xdg'), ('COPILOT_DEBUG_NONCE', '20fc3c0b33e88ebaf2914c4d51f59b28'), ('XDG_DATA_DIRS', '/usr/share/gnome:/usr/share/ubuntu:/usr/local/share/:/usr/share/:/var/lib/snapd/desktop'), ('PYTHONPATH', '/home/jon/ws01/install/base_demo/local/lib/python3.10/dist-packages:/opt/ros/humble/lib/python3.10/site-packages:/opt/ros/humble/local/lib/python3.10/dist-packages'), ('HTTP_PROXY', 'http://127.0.0.1:7890'), ('COLCON', '1'), ('CMAKE_PREFIX_PATH', '/home/jon/ws01/install/base_demo:/home/jon/ws01/install/cpp02_service:/home/jon/ws01/install/cpp01_topic:/home/jon/ros2_ws/install/hellovscode_cpp:/home/jon/ros2_ws/install/hello_cpp:/opt/ros/humble')]), 'shell': False}
[0.274973] (cpp01_topic) StdoutLine: {'line': b'[ 25%] Built target demo03_talker\n'}
[0.275815] (cpp01_topic) StdoutLine: {'line': b'[ 50%] Built target demo01_talker\n'}
[0.275910] (cpp02_service) StdoutLine: {'line': b'\x1b[35m\x1b[1mConsolidate compiler generated dependencies of target demo02_client\x1b[0m\n'}
[0.275962] (cpp01_topic) StdoutLine: {'line': b'[ 75%] Built target demo02_listener\n'}
[0.276295] (cpp01_topic) StdoutLine: {'line': b'[100%] Built target demo04_listener\n'}
[0.279903] (cpp02_service) StdoutLine: {'line': b'[ 50%] Built target demo01_server\n'}
[0.282550] (cpp02_service) StdoutLine: {'line': b'[ 75%] \x1b[32mBuilding CXX object CMakeFiles/demo02_client.dir/src/demo02_client.cpp.o\x1b[0m\n'}
[0.285182] (cpp01_topic) CommandEnded: {'returncode': 0}
[0.285385] (cpp01_topic) JobProgress: {'identifier': 'cpp01_topic', 'progress': 'install'}
[0.285396] (cpp01_topic) Command: {'cmd': ['/usr/bin/cmake', '--install', '/home/jon/ws01/build/cpp01_topic'], 'cwd': '/home/jon/ws01/build/cpp01_topic', 'env': OrderedDict([('GJS_DEBUG_TOPICS', 'JS ERROR;JS LOG'), ('PYTHON_BASIC_REPL', '1'), ('LESSOPEN', '| /usr/bin/lesspipe %s'), ('HTTPS_PROXY', 'http://127.0.0.1:7890'), ('no_proxy', 'localhost,127.0.0.0/8,::1'), ('LANGUAGE', 'zh_CN:zh'), ('USER', 'jon'), ('all_proxy', 'socks5h://127.0.0.1:7890'), ('XDG_SESSION_TYPE', 'x11'), ('GIT_ASKPASS', '/usr/share/code/resources/app/extensions/git/dist/askpass.sh'), ('SHLVL', '1'), ('LD_LIBRARY_PATH', '/home/jon/ws01/install/base_demo/lib:/opt/ros/humble/opt/rviz_ogre_vendor/lib:/opt/ros/humble/lib/x86_64-linux-gnu:/opt/ros/humble/lib'), ('HOME', '/home/jon'), ('CHROME_DESKTOP', 'code.desktop'), ('TERM_PROGRAM_VERSION', '1.138.0'), ('DESKTOP_SESSION', 'ubuntu'), ('NO_PROXY', 'localhost,127.0.0.0/8,::1'), ('GIO_LAUNCHED_DESKTOP_FILE', '/usr/share/applications/code.desktop'), ('ROS_PYTHON_VERSION', '3'), ('GNOME_SHELL_SESSION_MODE', 'ubuntu'), ('GTK_MODULES', 'gail:atk-bridge'), ('VSCODE_GIT_ASKPASS_MAIN', '/usr/share/code/resources/app/extensions/git/dist/askpass-main.js'), ('VSCODE_GIT_ASKPASS_NODE', '/usr/share/code/code'), ('MANAGERPID', '1286'), ('PYDEVD_DISABLE_FILE_VALIDATION', '1'), ('SYSTEMD_EXEC_PID', '2464'), ('BUNDLED_DEBUGPY_PATH', '/home/jon/.vscode/extensions/ms-python.debugpy-2026.6.0-linux-x64/bundled/libs/debugpy'), ('VSCODE_PYTHON_AUTOACTIVATE_GUARD', '1'), ('DBUS_SESSION_BUS_ADDRESS', 'unix:path=/run/user/1000/bus'), ('COLORTERM', 'truecolor'), ('GIO_LAUNCHED_DESKTOP_FILE_PID', '4092'), ('IM_CONFIG_PHASE', '1'), ('https_proxy', 'http://127.0.0.1:7890'), ('COLCON_PREFIX_PATH', '/home/jon/ws01/install:/home/jon/ros2_ws/install'), ('ROS_DISTRO', 'humble'), ('LOGNAME', 'jon'), ('ALL_PROXY', 'socks5h://127.0.0.1:7890'), ('http_proxy', 'http://127.0.0.1:7890'), ('JOURNAL_STREAM', '8:15521'), ('_', '/usr/bin/colcon'), ('ROS_VERSION', '2'), ('XDG_SESSION_CLASS', 'user'), ('USERNAME', 'jon'), ('TERM', 'xterm-256color'), ('GNOME_DESKTOP_SESSION_ID', 'this-is-deprecated'), ('FC_FONTATIONS', '1'), ('ROS_LOCALHOST_ONLY', '0'), ('WINDOWPATH', '2'), ('PATH', '/home/jon/.config/Code/User/globalStorage/github.copilot-chat/debugCommand:/home/jon/.config/Code/User/globalStorage/github.copilot-chat/copilotCli:/home/jon/.local/bin:/opt/ros/humble/bin:/home/jon/.local/bin:/home/jon/.local/bin:/usr/local/sbin:/usr/local/bin:/usr/sbin:/usr/bin:/sbin:/bin:/usr/games:/usr/local/games:/snap/bin:/snap/bin:/home/jon/.vscode/extensions/ms-python.debugpy-2026.6.0-linux-x64/bundled/scripts/noConfigScripts'), ('SESSION_MANAGER', 'local/WJ:@/tmp/.ICE-unix/2436,unix/WJ:/tmp/.ICE-unix/2436'), ('INVOCATION_ID', 'dc714fa0cdc34e3a9439b83ad9a63145'), ('XDG_MENU_PREFIX', 'gnome-'), ('XDG_RUNTIME_DIR', '/run/user/1000'), ('GDK_BACKEND', 'x11'), ('DISPLAY', ':0'), ('VSCODE_DEBUGPY_ADAPTER_ENDPOINTS', '/home/jon/.vscode/extensions/ms-python.debugpy-2026.6.0-linux-x64/.noConfigDebugAdapterEndpoints/endpoint-b8a5c5d86f95c8fb.txt'), ('LANG', 'zh_CN.UTF-8'), ('XDG_CURRENT_DESKTOP', 'ubuntu:GNOME'), ('PYTHONSTARTUP', '/home/jon/.config/Code/User/workspaceStorage/1f60e15f81795b7429f56f0c0e99fe64/ms-python.python/pythonrc.py'), ('XMODIFIERS', '@im=ibus'), ('XDG_SESSION_DESKTOP', 'ubuntu'), ('XAUTHORITY', '/run/user/1000/gdm/Xauthority'), ('LS_COLORS', 'rs=0:di=01;34:ln=01;36:mh=00:pi=40;33:so=01;35:do=01;35:bd=40;33;01:cd=40;33;01:or=40;31;01:mi=00:su=37;41:sg=30;43:ca=30;41:tw=30;42:ow=34;42:st=37;44:ex=01;32:*.tar=01;31:*.tgz=01;31:*.arc=01;31:*.arj=01;31:*.taz=01;31:*.lha=01;31:*.lz4=01;31:*.lzh=01;31:*.lzma=01;31:*.tlz=01;31:*.txz=01;31:*.tzo=01;31:*.t7z=01;31:*.zip=01;31:*.z=01;31:*.dz=01;31:*.gz=01;31:*.lrz=01;31:*.lz=01;31:*.lzo=01;31:*.xz=01;31:*.zst=01;31:*.tzst=01;31:*.bz2=01;31:*.bz=01;31:*.tbz=01;31:*.tbz2=01;31:*.tz=01;31:*.deb=01;31:*.rpm=01;31:*.jar=01;31:*.war=01;31:*.ear=01;31:*.sar=01;31:*.rar=01;31:*.alz=01;31:*.ace=01;31:*.zoo=01;31:*.cpio=01;31:*.7z=01;31:*.rz=01;31:*.cab=01;31:*.wim=01;31:*.swm=01;31:*.dwm=01;31:*.esd=01;31:*.jpg=01;35:*.jpeg=01;35:*.mjpg=01;35:*.mjpeg=01;35:*.gif=01;35:*.bmp=01;35:*.pbm=01;35:*.pgm=01;35:*.ppm=01;35:*.tga=01;35:*.xbm=01;35:*.xpm=01;35:*.tif=01;35:*.tiff=01;35:*.png=01;35:*.svg=01;35:*.svgz=01;35:*.mng=01;35:*.pcx=01;35:*.mov=01;35:*.mpg=01;35:*.mpeg=01;35:*.m2v=01;35:*.mkv=01;35:*.webm=01;35:*.webp=01;35:*.ogm=01;35:*.mp4=01;35:*.m4v=01;35:*.mp4v=01;35:*.vob=01;35:*.qt=01;35:*.nuv=01;35:*.wmv=01;35:*.asf=01;35:*.rm=01;35:*.rmvb=01;35:*.flc=01;35:*.avi=01;35:*.fli=01;35:*.flv=01;35:*.gl=01;35:*.dl=01;35:*.xcf=01;35:*.xwd=01;35:*.yuv=01;35:*.cgm=01;35:*.emf=01;35:*.ogv=01;35:*.ogx=01;35:*.aac=00;36:*.au=00;36:*.flac=00;36:*.m4a=00;36:*.mid=00;36:*.midi=00;36:*.mka=00;36:*.mp3=00;36:*.mpc=00;36:*.ogg=00;36:*.ra=00;36:*.wav=00;36:*.oga=00;36:*.opus=00;36:*.spx=00;36:*.xspf=00;36:'), ('VSCODE_GIT_IPC_HANDLE', '/run/user/1000/vscode-git-81883a5c4f.sock'), ('TERM_PROGRAM', 'vscode'), ('SSH_AGENT_LAUNCHER', 'gnome-keyring'), ('SSH_AUTH_SOCK', '/run/user/1000/keyring/ssh'), ('AMENT_PREFIX_PATH', '/home/jon/ws01/install/cpp02_service:/home/jon/ws01/install/cpp01_topic:/home/jon/ws01/install/base_demo:/home/jon/ros2_ws/install/hellovscode_cpp:/home/jon/ros2_ws/install/hello_cpp:/opt/ros/humble'), ('SHELL', '/bin/bash'), ('QT_ACCESSIBILITY', '1'), ('GDMSESSION', 'ubuntu'), ('LESSCLOSE', '/usr/bin/lesspipe %s %s'), ('GPG_AGENT_INFO', '/run/user/1000/gnupg/S.gpg-agent:0:1'), ('GJS_DEBUG_OUTPUT', 'stderr'), ('VSCODE_GIT_ASKPASS_EXTRA_ARGS', ''), ('QT_IM_MODULE', 'ibus'), ('PWD', '/home/jon/ws01/build/cpp01_topic'), ('XDG_CONFIG_DIRS', '/etc/xdg/xdg-ubuntu:/etc/xdg'), ('COPILOT_DEBUG_NONCE', '20fc3c0b33e88ebaf2914c4d51f59b28'), ('XDG_DATA_DIRS', '/usr/share/gnome:/usr/share/ubuntu:/usr/local/share/:/usr/share/:/var/lib/snapd/desktop'), ('PYTHONPATH', '/home/jon/ws01/install/base_demo/local/lib/python3.10/dist-packages:/opt/ros/humble/lib/python3.10/site-packages:/opt/ros/humble/local/lib/python3.10/dist-packages'), ('HTTP_PROXY', 'http://127.0.0.1:7890'), ('COLCON', '1'), ('CMAKE_PREFIX_PATH', '/home/jon/ws01/install/base_demo:/home/jon/ws01/install/cpp02_service:/home/jon/ws01/install/cpp01_topic:/home/jon/ros2_ws/install/hellovscode_cpp:/home/jon/ros2_ws/install/hello_cpp:/opt/ros/humble')]), 'shell': False}
[0.289477] (cpp01_topic) StdoutLine: {'line': b'-- Install configuration: ""\n'}
[0.290553] (cpp01_topic) StdoutLine: {'line': b'-- Up-to-date: /home/jon/ws01/install/cpp01_topic/lib/cpp01_topic/demo01_talker\n'}
[0.291784] (cpp01_topic) StdoutLine: {'line': b'-- Up-to-date: /home/jon/ws01/install/cpp01_topic/lib/cpp01_topic/demo02_listener\n'}
[0.291842] (cpp01_topic) StdoutLine: {'line': b'-- Up-to-date: /home/jon/ws01/install/cpp01_topic/lib/cpp01_topic/demo03_talker\n'}
[0.291892] (cpp01_topic) StdoutLine: {'line': b'-- Up-to-date: /home/jon/ws01/install/cpp01_topic/lib/cpp01_topic/demo04_listener\n'}
[0.291939] (cpp01_topic) StdoutLine: {'line': b'-- Up-to-date: /home/jon/ws01/install/cpp01_topic/share/ament_index/resource_index/package_run_dependencies/cpp01_topic\n'}
[0.291986] (cpp01_topic) StdoutLine: {'line': b'-- Up-to-date: /home/jon/ws01/install/cpp01_topic/share/ament_index/resource_index/parent_prefix_path/cpp01_topic\n'}
[0.292033] (cpp01_topic) StdoutLine: {'line': b'-- Up-to-date: /home/jon/ws01/install/cpp01_topic/share/cpp01_topic/environment/ament_prefix_path.sh\n'}
[0.292055] (cpp01_topic) StdoutLine: {'line': b'-- Up-to-date: /home/jon/ws01/install/cpp01_topic/share/cpp01_topic/environment/ament_prefix_path.dsv\n'}
[0.292074] (cpp01_topic) StdoutLine: {'line': b'-- Up-to-date: /home/jon/ws01/install/cpp01_topic/share/cpp01_topic/environment/path.sh\n'}
[0.292093] (cpp01_topic) StdoutLine: {'line': b'-- Up-to-date: /home/jon/ws01/install/cpp01_topic/share/cpp01_topic/environment/path.dsv\n'}
[0.292111] (cpp01_topic) StdoutLine: {'line': b'-- Up-to-date: /home/jon/ws01/install/cpp01_topic/share/cpp01_topic/local_setup.bash\n'}
[0.292129] (cpp01_topic) StdoutLine: {'line': b'-- Up-to-date: /home/jon/ws01/install/cpp01_topic/share/cpp01_topic/local_setup.sh\n'}
[0.292147] (cpp01_topic) StdoutLine: {'line': b'-- Up-to-date: /home/jon/ws01/install/cpp01_topic/share/cpp01_topic/local_setup.zsh\n'}
[0.292164] (cpp01_topic) StdoutLine: {'line': b'-- Up-to-date: /home/jon/ws01/install/cpp01_topic/share/cpp01_topic/local_setup.dsv\n'}
[0.292181] (cpp01_topic) StdoutLine: {'line': b'-- Installing: /home/jon/ws01/install/cpp01_topic/share/cpp01_topic/package.dsv\n'}
[0.292198] (cpp01_topic) StdoutLine: {'line': b'-- Up-to-date: /home/jon/ws01/install/cpp01_topic/share/ament_index/resource_index/packages/cpp01_topic\n'}
[0.292216] (cpp01_topic) StdoutLine: {'line': b'-- Up-to-date: /home/jon/ws01/install/cpp01_topic/share/cpp01_topic/cmake/cpp01_topicConfig.cmake\n'}
[0.292234] (cpp01_topic) StdoutLine: {'line': b'-- Up-to-date: /home/jon/ws01/install/cpp01_topic/share/cpp01_topic/cmake/cpp01_topicConfig-version.cmake\n'}
[0.292251] (cpp01_topic) StdoutLine: {'line': b'-- Up-to-date: /home/jon/ws01/install/cpp01_topic/share/cpp01_topic/package.xml\n'}
[0.292269] (cpp01_topic) CommandEnded: {'returncode': 0}
[0.297613] (cpp01_topic) JobEnded: {'identifier': 'cpp01_topic', 'rc': 0}
[0.299788] (-) TimerEvent: {}
[0.400174] (-) TimerEvent: {}
[0.500597] (-) TimerEvent: {}
[0.600974] (-) TimerEvent: {}
[0.701323] (-) TimerEvent: {}
[0.801594] (-) TimerEvent: {}
[0.901987] (-) TimerEvent: {}
[1.002494] (-) TimerEvent: {}
[1.102936] (-) TimerEvent: {}
[1.203389] (-) TimerEvent: {}
[1.303778] (-) TimerEvent: {}
[1.326150] (cpp02_service) StderrLine: {'line': b'In file included from \x1b[01m\x1b[K/opt/ros/humble/include/rclcpp/rclcpp/client.hpp:40\x1b[m\x1b[K,\n'}
[1.326572] (cpp02_service) StderrLine: {'line': b'                 from \x1b[01m\x1b[K/opt/ros/humble/include/rclcpp/rclcpp/callback_group.hpp:24\x1b[m\x1b[K,\n'}
[1.326612] (cpp02_service) StderrLine: {'line': b'                 from \x1b[01m\x1b[K/opt/ros/humble/include/rclcpp/rclcpp/any_executable.hpp:20\x1b[m\x1b[K,\n'}
[1.326637] (cpp02_service) StderrLine: {'line': b'                 from \x1b[01m\x1b[K/opt/ros/humble/include/rclcpp/rclcpp/memory_strategy.hpp:25\x1b[m\x1b[K,\n'}
[1.326659] (cpp02_service) StderrLine: {'line': b'                 from \x1b[01m\x1b[K/opt/ros/humble/include/rclcpp/rclcpp/memory_strategies.hpp:18\x1b[m\x1b[K,\n'}
[1.326680] (cpp02_service) StderrLine: {'line': b'                 from \x1b[01m\x1b[K/opt/ros/humble/include/rclcpp/rclcpp/executor_options.hpp:20\x1b[m\x1b[K,\n'}
[1.326867] (cpp02_service) StderrLine: {'line': b'                 from \x1b[01m\x1b[K/opt/ros/humble/include/rclcpp/rclcpp/executor.hpp:37\x1b[m\x1b[K,\n'}
[1.326896] (cpp02_service) StderrLine: {'line': b'                 from \x1b[01m\x1b[K/opt/ros/humble/include/rclcpp/rclcpp/executors/multi_threaded_executor.hpp:25\x1b[m\x1b[K,\n'}
[1.326918] (cpp02_service) StderrLine: {'line': b'                 from \x1b[01m\x1b[K/opt/ros/humble/include/rclcpp/rclcpp/executors.hpp:21\x1b[m\x1b[K,\n'}
[1.326937] (cpp02_service) StderrLine: {'line': b'                 from \x1b[01m\x1b[K/opt/ros/humble/include/rclcpp/rclcpp/rclcpp.hpp:155\x1b[m\x1b[K,\n'}
[1.326959] (cpp02_service) StderrLine: {'line': b'                 from \x1b[01m\x1b[K/home/jon/ws01/src/cpp02_service/src/demo02_client.cpp:17\x1b[m\x1b[K:\n'}
[1.326983] (cpp02_service) StderrLine: {'line': b'\x1b[01m\x1b[K/home/jon/ws01/src/cpp02_service/src/demo02_client.cpp:\x1b[m\x1b[K In constructor \xe2\x80\x98\x1b[01m\x1b[KAddintsClient::AddintsClient()\x1b[m\x1b[K\xe2\x80\x99:\n'}
[1.327005] (cpp02_service) StderrLine: {'line': b'\x1b[01m\x1b[K/home/jon/ws01/src/cpp02_service/src/demo02_client.cpp:29:35:\x1b[m\x1b[K \x1b[01;31m\x1b[Kerror: \x1b[m\x1b[Ktoo few arguments to function \xe2\x80\x98\x1b[01m\x1b[Krclcpp::Logger rclcpp::get_logger(const string&)\x1b[m\x1b[K\xe2\x80\x99\n'}
[1.327025] (cpp02_service) StderrLine: {'line': b'   29 |     RCLCPP_INFO(\x1b[01;31m\x1b[Krclcpp::get_logger()\x1b[m\x1b[K, "addints_client\xe8\x8a\x82\xe7\x82\xb9\xe5\x90\xaf\xe5\x8a\xa8\xef\xbc\x81");\n'}
[1.327044] (cpp02_service) StderrLine: {'line': b'      |                 \x1b[01;31m\x1b[K~~~~~~~~~~~~~~~~~~^~\x1b[m\x1b[K\n'}
[1.327125] (cpp02_service) StderrLine: {'line': b'In file included from \x1b[01m\x1b[K/opt/ros/humble/include/rclcpp/rclcpp/logging.hpp:23\x1b[m\x1b[K,\n'}
[1.327148] (cpp02_service) StderrLine: {'line': b'                 from \x1b[01m\x1b[K/opt/ros/humble/include/rclcpp/rclcpp/client.hpp:40\x1b[m\x1b[K,\n'}
[1.327166] (cpp02_service) StderrLine: {'line': b'                 from \x1b[01m\x1b[K/opt/ros/humble/include/rclcpp/rclcpp/callback_group.hpp:24\x1b[m\x1b[K,\n'}
[1.327185] (cpp02_service) StderrLine: {'line': b'                 from \x1b[01m\x1b[K/opt/ros/humble/include/rclcpp/rclcpp/any_executable.hpp:20\x1b[m\x1b[K,\n'}
[1.327203] (cpp02_service) StderrLine: {'line': b'                 from \x1b[01m\x1b[K/opt/ros/humble/include/rclcpp/rclcpp/memory_strategy.hpp:25\x1b[m\x1b[K,\n'}
[1.327220] (cpp02_service) StderrLine: {'line': b'                 from \x1b[01m\x1b[K/opt/ros/humble/include/rclcpp/rclcpp/memory_strategies.hpp:18\x1b[m\x1b[K,\n'}
[1.327238] (cpp02_service) StderrLine: {'line': b'                 from \x1b[01m\x1b[K/opt/ros/humble/include/rclcpp/rclcpp/executor_options.hpp:20\x1b[m\x1b[K,\n'}
[1.327256] (cpp02_service) StderrLine: {'line': b'                 from \x1b[01m\x1b[K/opt/ros/humble/include/rclcpp/rclcpp/executor.hpp:37\x1b[m\x1b[K,\n'}
[1.327273] (cpp02_service) StderrLine: {'line': b'                 from \x1b[01m\x1b[K/opt/ros/humble/include/rclcpp/rclcpp/executors/multi_threaded_executor.hpp:25\x1b[m\x1b[K,\n'}
[1.327294] (cpp02_service) StderrLine: {'line': b'                 from \x1b[01m\x1b[K/opt/ros/humble/include/rclcpp/rclcpp/executors.hpp:21\x1b[m\x1b[K,\n'}
[1.327314] (cpp02_service) StderrLine: {'line': b'                 from \x1b[01m\x1b[K/opt/ros/humble/include/rclcpp/rclcpp/rclcpp.hpp:155\x1b[m\x1b[K,\n'}
[1.327384] (cpp02_service) StderrLine: {'line': b'                 from \x1b[01m\x1b[K/home/jon/ws01/src/cpp02_service/src/demo02_client.cpp:17\x1b[m\x1b[K:\n'}
[1.327462] (cpp02_service) StderrLine: {'line': b'\x1b[01m\x1b[K/opt/ros/humble/include/rclcpp/rclcpp/logger.hpp:106:17:\x1b[m\x1b[K \x1b[01;36m\x1b[Knote: \x1b[m\x1b[Kdeclared here\n'}
[1.327532] (cpp02_service) StderrLine: {'line': b'  106 |   friend Logger \x1b[01;36m\x1b[Krclcpp\x1b[m\x1b[K::get_logger(const std::string & name);\n'}
[1.327714] (cpp02_service) StderrLine: {'line': b'      |                 \x1b[01;36m\x1b[K^~~~~~\x1b[m\x1b[K\n'}
[1.328194] (cpp02_service) StderrLine: {'line': b'In file included from \x1b[01m\x1b[K/opt/ros/humble/include/rclcpp/rclcpp/client.hpp:40\x1b[m\x1b[K,\n'}
[1.328223] (cpp02_service) StderrLine: {'line': b'                 from \x1b[01m\x1b[K/opt/ros/humble/include/rclcpp/rclcpp/callback_group.hpp:24\x1b[m\x1b[K,\n'}
[1.328245] (cpp02_service) StderrLine: {'line': b'                 from \x1b[01m\x1b[K/opt/ros/humble/include/rclcpp/rclcpp/any_executable.hpp:20\x1b[m\x1b[K,\n'}
[1.328271] (cpp02_service) StderrLine: {'line': b'                 from \x1b[01m\x1b[K/opt/ros/humble/include/rclcpp/rclcpp/memory_strategy.hpp:25\x1b[m\x1b[K,\n'}
[1.328290] (cpp02_service) StderrLine: {'line': b'                 from \x1b[01m\x1b[K/opt/ros/humble/include/rclcpp/rclcpp/memory_strategies.hpp:18\x1b[m\x1b[K,\n'}
[1.328308] (cpp02_service) StderrLine: {'line': b'                 from \x1b[01m\x1b[K/opt/ros/humble/include/rclcpp/rclcpp/executor_options.hpp:20\x1b[m\x1b[K,\n'}
[1.328327] (cpp02_service) StderrLine: {'line': b'                 from \x1b[01m\x1b[K/opt/ros/humble/include/rclcpp/rclcpp/executor.hpp:37\x1b[m\x1b[K,\n'}
[1.328345] (cpp02_service) StderrLine: {'line': b'                 from \x1b[01m\x1b[K/opt/ros/humble/include/rclcpp/rclcpp/executors/multi_threaded_executor.hpp:25\x1b[m\x1b[K,\n'}
[1.328363] (cpp02_service) StderrLine: {'line': b'                 from \x1b[01m\x1b[K/opt/ros/humble/include/rclcpp/rclcpp/executors.hpp:21\x1b[m\x1b[K,\n'}
[1.328380] (cpp02_service) StderrLine: {'line': b'                 from \x1b[01m\x1b[K/opt/ros/humble/include/rclcpp/rclcpp/rclcpp.hpp:155\x1b[m\x1b[K,\n'}
[1.328401] (cpp02_service) StderrLine: {'line': b'                 from \x1b[01m\x1b[K/home/jon/ws01/src/cpp02_service/src/demo02_client.cpp:17\x1b[m\x1b[K:\n'}
[1.328419] (cpp02_service) StderrLine: {'line': b'\x1b[01m\x1b[K/home/jon/ws01/src/cpp02_service/src/demo02_client.cpp:29:35:\x1b[m\x1b[K \x1b[01;31m\x1b[Kerror: \x1b[m\x1b[Ktoo few arguments to function \xe2\x80\x98\x1b[01m\x1b[Krclcpp::Logger rclcpp::get_logger(const string&)\x1b[m\x1b[K\xe2\x80\x99\n'}
[1.328439] (cpp02_service) StderrLine: {'line': b'   29 |     RCLCPP_INFO(\x1b[01;31m\x1b[Krclcpp::get_logger()\x1b[m\x1b[K, "addints_client\xe8\x8a\x82\xe7\x82\xb9\xe5\x90\xaf\xe5\x8a\xa8\xef\xbc\x81");\n'}
[1.328456] (cpp02_service) StderrLine: {'line': b'      |                 \x1b[01;31m\x1b[K~~~~~~~~~~~~~~~~~~^~\x1b[m\x1b[K\n'}
[1.328478] (cpp02_service) StderrLine: {'line': b'In file included from \x1b[01m\x1b[K/opt/ros/humble/include/rclcpp/rclcpp/logging.hpp:23\x1b[m\x1b[K,\n'}
[1.328496] (cpp02_service) StderrLine: {'line': b'                 from \x1b[01m\x1b[K/opt/ros/humble/include/rclcpp/rclcpp/client.hpp:40\x1b[m\x1b[K,\n'}
[1.328512] (cpp02_service) StderrLine: {'line': b'                 from \x1b[01m\x1b[K/opt/ros/humble/include/rclcpp/rclcpp/callback_group.hpp:24\x1b[m\x1b[K,\n'}
[1.328529] (cpp02_service) StderrLine: {'line': b'                 from \x1b[01m\x1b[K/opt/ros/humble/include/rclcpp/rclcpp/any_executable.hpp:20\x1b[m\x1b[K,\n'}
[1.328545] (cpp02_service) StderrLine: {'line': b'                 from \x1b[01m\x1b[K/opt/ros/humble/include/rclcpp/rclcpp/memory_strategy.hpp:25\x1b[m\x1b[K,\n'}
[1.328563] (cpp02_service) StderrLine: {'line': b'                 from \x1b[01m\x1b[K/opt/ros/humble/include/rclcpp/rclcpp/memory_strategies.hpp:18\x1b[m\x1b[K,\n'}
[1.328579] (cpp02_service) StderrLine: {'line': b'                 from \x1b[01m\x1b[K/opt/ros/humble/include/rclcpp/rclcpp/executor_options.hpp:20\x1b[m\x1b[K,\n'}
[1.328595] (cpp02_service) StderrLine: {'line': b'                 from \x1b[01m\x1b[K/opt/ros/humble/include/rclcpp/rclcpp/executor.hpp:37\x1b[m\x1b[K,\n'}
[1.328610] (cpp02_service) StderrLine: {'line': b'                 from \x1b[01m\x1b[K/opt/ros/humble/include/rclcpp/rclcpp/executors/multi_threaded_executor.hpp:25\x1b[m\x1b[K,\n'}
[1.328627] (cpp02_service) StderrLine: {'line': b'                 from \x1b[01m\x1b[K/opt/ros/humble/include/rclcpp/rclcpp/executors.hpp:21\x1b[m\x1b[K,\n'}
[1.328644] (cpp02_service) StderrLine: {'line': b'                 from \x1b[01m\x1b[K/opt/ros/humble/include/rclcpp/rclcpp/rclcpp.hpp:155\x1b[m\x1b[K,\n'}
[1.328661] (cpp02_service) StderrLine: {'line': b'                 from \x1b[01m\x1b[K/home/jon/ws01/src/cpp02_service/src/demo02_client.cpp:17\x1b[m\x1b[K:\n'}
[1.328676] (cpp02_service) StderrLine: {'line': b'\x1b[01m\x1b[K/opt/ros/humble/include/rclcpp/rclcpp/logger.hpp:106:17:\x1b[m\x1b[K \x1b[01;36m\x1b[Knote: \x1b[m\x1b[Kdeclared here\n'}
[1.328692] (cpp02_service) StderrLine: {'line': b'  106 |   friend Logger \x1b[01;36m\x1b[Krclcpp\x1b[m\x1b[K::get_logger(const std::string & name);\n'}
[1.328709] (cpp02_service) StderrLine: {'line': b'      |                 \x1b[01;36m\x1b[K^~~~~~\x1b[m\x1b[K\n'}
[1.328725] (cpp02_service) StderrLine: {'line': b'In file included from \x1b[01m\x1b[K/opt/ros/humble/include/rclcpp/rclcpp/client.hpp:40\x1b[m\x1b[K,\n'}
[1.328740] (cpp02_service) StderrLine: {'line': b'                 from \x1b[01m\x1b[K/opt/ros/humble/include/rclcpp/rclcpp/callback_group.hpp:24\x1b[m\x1b[K,\n'}
[1.328756] (cpp02_service) StderrLine: {'line': b'                 from \x1b[01m\x1b[K/opt/ros/humble/include/rclcpp/rclcpp/any_executable.hpp:20\x1b[m\x1b[K,\n'}
[1.328771] (cpp02_service) StderrLine: {'line': b'                 from \x1b[01m\x1b[K/opt/ros/humble/include/rclcpp/rclcpp/memory_strategy.hpp:25\x1b[m\x1b[K,\n'}
[1.328786] (cpp02_service) StderrLine: {'line': b'                 from \x1b[01m\x1b[K/opt/ros/humble/include/rclcpp/rclcpp/memory_strategies.hpp:18\x1b[m\x1b[K,\n'}
[1.328802] (cpp02_service) StderrLine: {'line': b'                 from \x1b[01m\x1b[K/opt/ros/humble/include/rclcpp/rclcpp/executor_options.hpp:20\x1b[m\x1b[K,\n'}
[1.328818] (cpp02_service) StderrLine: {'line': b'                 from \x1b[01m\x1b[K/opt/ros/humble/include/rclcpp/rclcpp/executor.hpp:37\x1b[m\x1b[K,\n'}
[1.328834] (cpp02_service) StderrLine: {'line': b'                 from \x1b[01m\x1b[K/opt/ros/humble/include/rclcpp/rclcpp/executors/multi_threaded_executor.hpp:25\x1b[m\x1b[K,\n'}
[1.328850] (cpp02_service) StderrLine: {'line': b'                 from \x1b[01m\x1b[K/opt/ros/humble/include/rclcpp/rclcpp/executors.hpp:21\x1b[m\x1b[K,\n'}
[1.328865] (cpp02_service) StderrLine: {'line': b'                 from \x1b[01m\x1b[K/opt/ros/humble/include/rclcpp/rclcpp/rclcpp.hpp:155\x1b[m\x1b[K,\n'}
[1.328882] (cpp02_service) StderrLine: {'line': b'                 from \x1b[01m\x1b[K/home/jon/ws01/src/cpp02_service/src/demo02_client.cpp:17\x1b[m\x1b[K:\n'}
[1.328900] (cpp02_service) StderrLine: {'line': b'\x1b[01m\x1b[K/home/jon/ws01/src/cpp02_service/src/demo02_client.cpp:29:5:\x1b[m\x1b[K \x1b[01;31m\x1b[Kerror: \x1b[m\x1b[Ktemplate argument 1 is invalid\n'}
[1.328920] (cpp02_service) StderrLine: {'line': b'   29 |     \x1b[01;31m\x1b[KRCLCPP_INFO\x1b[m\x1b[K(rclcpp::get_logger(), "addints_client\xe8\x8a\x82\xe7\x82\xb9\xe5\x90\xaf\xe5\x8a\xa8\xef\xbc\x81");\n'}
[1.329105] (cpp02_service) StderrLine: {'line': b'      |     \x1b[01;31m\x1b[K^~~~~~~~~~~\x1b[m\x1b[K\n'}
[1.329139] (cpp02_service) StderrLine: {'line': b'In file included from \x1b[01m\x1b[K/opt/ros/humble/include/rclcpp/rclcpp/logging.hpp:24\x1b[m\x1b[K,\n'}
[1.329164] (cpp02_service) StderrLine: {'line': b'                 from \x1b[01m\x1b[K/opt/ros/humble/include/rclcpp/rclcpp/client.hpp:40\x1b[m\x1b[K,\n'}
[1.329210] (cpp02_service) StderrLine: {'line': b'                 from \x1b[01m\x1b[K/opt/ros/humble/include/rclcpp/rclcpp/callback_group.hpp:24\x1b[m\x1b[K,\n'}
[1.329236] (cpp02_service) StderrLine: {'line': b'                 from \x1b[01m\x1b[K/opt/ros/humble/include/rclcpp/rclcpp/any_executable.hpp:20\x1b[m\x1b[K,\n'}
[1.329257] (cpp02_service) StderrLine: {'line': b'                 from \x1b[01m\x1b[K/opt/ros/humble/include/rclcpp/rclcpp/memory_strategy.hpp:25\x1b[m\x1b[K,\n'}
[1.329276] (cpp02_service) StderrLine: {'line': b'                 from \x1b[01m\x1b[K/opt/ros/humble/include/rclcpp/rclcpp/memory_strategies.hpp:18\x1b[m\x1b[K,\n'}
[1.329296] (cpp02_service) StderrLine: {'line': b'                 from \x1b[01m\x1b[K/opt/ros/humble/include/rclcpp/rclcpp/executor_options.hpp:20\x1b[m\x1b[K,\n'}
[1.329314] (cpp02_service) StderrLine: {'line': b'                 from \x1b[01m\x1b[K/opt/ros/humble/include/rclcpp/rclcpp/executor.hpp:37\x1b[m\x1b[K,\n'}
[1.329333] (cpp02_service) StderrLine: {'line': b'                 from \x1b[01m\x1b[K/opt/ros/humble/include/rclcpp/rclcpp/executors/multi_threaded_executor.hpp:25\x1b[m\x1b[K,\n'}
[1.329352] (cpp02_service) StderrLine: {'line': b'                 from \x1b[01m\x1b[K/opt/ros/humble/include/rclcpp/rclcpp/executors.hpp:21\x1b[m\x1b[K,\n'}
[1.329396] (cpp02_service) StderrLine: {'line': b'                 from \x1b[01m\x1b[K/opt/ros/humble/include/rclcpp/rclcpp/rclcpp.hpp:155\x1b[m\x1b[K,\n'}
[1.329414] (cpp02_service) StderrLine: {'line': b'                 from \x1b[01m\x1b[K/home/jon/ws01/src/cpp02_service/src/demo02_client.cpp:17\x1b[m\x1b[K:\n'}
[1.329432] (cpp02_service) StderrLine: {'line': b'\x1b[01m\x1b[K/home/jon/ws01/src/cpp02_service/src/demo02_client.cpp:29:35:\x1b[m\x1b[K \x1b[01;31m\x1b[Kerror: \x1b[m\x1b[Ktoo few arguments to function \xe2\x80\x98\x1b[01m\x1b[Krclcpp::Logger rclcpp::get_logger(const string&)\x1b[m\x1b[K\xe2\x80\x99\n'}
[1.329449] (cpp02_service) StderrLine: {'line': b'   29 |     RCLCPP_INFO(\x1b[01;31m\x1b[Krclcpp::get_logger()\x1b[m\x1b[K, "addints_client\xe8\x8a\x82\xe7\x82\xb9\xe5\x90\xaf\xe5\x8a\xa8\xef\xbc\x81");\n'}
[1.329470] (cpp02_service) StderrLine: {'line': b'      |                 \x1b[01;31m\x1b[K~~~~~~~~~~~~~~~~~~^~\x1b[m\x1b[K\n'}
[1.329488] (cpp02_service) StderrLine: {'line': b'In file included from \x1b[01m\x1b[K/opt/ros/humble/include/rclcpp/rclcpp/logging.hpp:23\x1b[m\x1b[K,\n'}
[1.329505] (cpp02_service) StderrLine: {'line': b'                 from \x1b[01m\x1b[K/opt/ros/humble/include/rclcpp/rclcpp/client.hpp:40\x1b[m\x1b[K,\n'}
[1.329521] (cpp02_service) StderrLine: {'line': b'                 from \x1b[01m\x1b[K/opt/ros/humble/include/rclcpp/rclcpp/callback_group.hpp:24\x1b[m\x1b[K,\n'}
[1.329545] (cpp02_service) StderrLine: {'line': b'                 from \x1b[01m\x1b[K/opt/ros/humble/include/rclcpp/rclcpp/any_executable.hpp:20\x1b[m\x1b[K,\n'}
[1.329561] (cpp02_service) StderrLine: {'line': b'                 from \x1b[01m\x1b[K/opt/ros/humble/include/rclcpp/rclcpp/memory_strategy.hpp:25\x1b[m\x1b[K,\n'}
[1.329615] (cpp02_service) StderrLine: {'line': b'                 from \x1b[01m\x1b[K/opt/ros/humble/include/rclcpp/rclcpp/memory_strategies.hpp:18\x1b[m\x1b[K,\n'}
[1.329630] (cpp02_service) StderrLine: {'line': b'                 from \x1b[01m\x1b[K/opt/ros/humble/include/rclcpp/rclcpp/executor_options.hpp:20\x1b[m\x1b[K,\n'}
[1.329646] (cpp02_service) StderrLine: {'line': b'                 from \x1b[01m\x1b[K/opt/ros/humble/include/rclcpp/rclcpp/executor.hpp:37\x1b[m\x1b[K,\n'}
[1.329664] (cpp02_service) StderrLine: {'line': b'                 from \x1b[01m\x1b[K/opt/ros/humble/include/rclcpp/rclcpp/executors/multi_threaded_executor.hpp:25\x1b[m\x1b[K,\n'}
[1.329683] (cpp02_service) StderrLine: {'line': b'                 from \x1b[01m\x1b[K/opt/ros/humble/include/rclcpp/rclcpp/executors.hpp:21\x1b[m\x1b[K,\n'}
[1.329797] (cpp02_service) StderrLine: {'line': b'                 from \x1b[01m\x1b[K/opt/ros/humble/include/rclcpp/rclcpp/rclcpp.hpp:155\x1b[m\x1b[K,\n'}
[1.329818] (cpp02_service) StderrLine: {'line': b'                 from \x1b[01m\x1b[K/home/jon/ws01/src/cpp02_service/src/demo02_client.cpp:17\x1b[m\x1b[K:\n'}
[1.329838] (cpp02_service) StderrLine: {'line': b'\x1b[01m\x1b[K/opt/ros/humble/include/rclcpp/rclcpp/logger.hpp:106:17:\x1b[m\x1b[K \x1b[01;36m\x1b[Knote: \x1b[m\x1b[Kdeclared here\n'}
[1.329857] (cpp02_service) StderrLine: {'line': b'  106 |   friend Logger \x1b[01;36m\x1b[Krclcpp\x1b[m\x1b[K::get_logger(const std::string & name);\n'}
[1.329877] (cpp02_service) StderrLine: {'line': b'      |                 \x1b[01;36m\x1b[K^~~~~~\x1b[m\x1b[K\n'}
[1.329896] (cpp02_service) StderrLine: {'line': b'In file included from \x1b[01m\x1b[K/opt/ros/humble/include/rclcpp/rclcpp/logging.hpp:24\x1b[m\x1b[K,\n'}
[1.329915] (cpp02_service) StderrLine: {'line': b'                 from \x1b[01m\x1b[K/opt/ros/humble/include/rclcpp/rclcpp/client.hpp:40\x1b[m\x1b[K,\n'}
[1.329934] (cpp02_service) StderrLine: {'line': b'                 from \x1b[01m\x1b[K/opt/ros/humble/include/rclcpp/rclcpp/callback_group.hpp:24\x1b[m\x1b[K,\n'}
[1.329954] (cpp02_service) StderrLine: {'line': b'                 from \x1b[01m\x1b[K/opt/ros/humble/include/rclcpp/rclcpp/any_executable.hpp:20\x1b[m\x1b[K,\n'}
[1.329973] (cpp02_service) StderrLine: {'line': b'                 from \x1b[01m\x1b[K/opt/ros/humble/include/rclcpp/rclcpp/memory_strategy.hpp:25\x1b[m\x1b[K,\n'}
[1.329992] (cpp02_service) StderrLine: {'line': b'                 from \x1b[01m\x1b[K/opt/ros/humble/include/rclcpp/rclcpp/memory_strategies.hpp:18\x1b[m\x1b[K,\n'}
[1.330011] (cpp02_service) StderrLine: {'line': b'                 from \x1b[01m\x1b[K/opt/ros/humble/include/rclcpp/rclcpp/executor_options.hpp:20\x1b[m\x1b[K,\n'}
[1.330030] (cpp02_service) StderrLine: {'line': b'                 from \x1b[01m\x1b[K/opt/ros/humble/include/rclcpp/rclcpp/executor.hpp:37\x1b[m\x1b[K,\n'}
[1.330093] (cpp02_service) StderrLine: {'line': b'                 from \x1b[01m\x1b[K/opt/ros/humble/include/rclcpp/rclcpp/executors/multi_threaded_executor.hpp:25\x1b[m\x1b[K,\n'}
[1.330112] (cpp02_service) StderrLine: {'line': b'                 from \x1b[01m\x1b[K/opt/ros/humble/include/rclcpp/rclcpp/executors.hpp:21\x1b[m\x1b[K,\n'}
[1.330129] (cpp02_service) StderrLine: {'line': b'                 from \x1b[01m\x1b[K/opt/ros/humble/include/rclcpp/rclcpp/rclcpp.hpp:155\x1b[m\x1b[K,\n'}
[1.330147] (cpp02_service) StderrLine: {'line': b'                 from \x1b[01m\x1b[K/home/jon/ws01/src/cpp02_service/src/demo02_client.cpp:17\x1b[m\x1b[K:\n'}
[1.330164] (cpp02_service) StderrLine: {'line': b'\x1b[01m\x1b[K/home/jon/ws01/src/cpp02_service/src/demo02_client.cpp:29:35:\x1b[m\x1b[K \x1b[01;31m\x1b[Kerror: \x1b[m\x1b[Ktoo few arguments to function \xe2\x80\x98\x1b[01m\x1b[Krclcpp::Logger rclcpp::get_logger(const string&)\x1b[m\x1b[K\xe2\x80\x99\n'}
[1.330217] (cpp02_service) StderrLine: {'line': b'   29 |     RCLCPP_INFO(\x1b[01;31m\x1b[Krclcpp::get_logger()\x1b[m\x1b[K, "addints_client\xe8\x8a\x82\xe7\x82\xb9\xe5\x90\xaf\xe5\x8a\xa8\xef\xbc\x81");\n'}
[1.330242] (cpp02_service) StderrLine: {'line': b'      |                 \x1b[01;31m\x1b[K~~~~~~~~~~~~~~~~~~^~\x1b[m\x1b[K\n'}
[1.330288] (cpp02_service) StderrLine: {'line': b'In file included from \x1b[01m\x1b[K/opt/ros/humble/include/rclcpp/rclcpp/logging.hpp:23\x1b[m\x1b[K,\n'}
[1.330307] (cpp02_service) StderrLine: {'line': b'                 from \x1b[01m\x1b[K/opt/ros/humble/include/rclcpp/rclcpp/client.hpp:40\x1b[m\x1b[K,\n'}
[1.330324] (cpp02_service) StderrLine: {'line': b'                 from \x1b[01m\x1b[K/opt/ros/humble/include/rclcpp/rclcpp/callback_group.hpp:24\x1b[m\x1b[K,\n'}
[1.330341] (cpp02_service) StderrLine: {'line': b'                 from \x1b[01m\x1b[K/opt/ros/humble/include/rclcpp/rclcpp/any_executable.hpp:20\x1b[m\x1b[K,\n'}
[1.330359] (cpp02_service) StderrLine: {'line': b'                 from \x1b[01m\x1b[K/opt/ros/humble/include/rclcpp/rclcpp/memory_strategy.hpp:25\x1b[m\x1b[K,\n'}
[1.330377] (cpp02_service) StderrLine: {'line': b'                 from \x1b[01m\x1b[K/opt/ros/humble/include/rclcpp/rclcpp/memory_strategies.hpp:18\x1b[m\x1b[K,\n'}
[1.330395] (cpp02_service) StderrLine: {'line': b'                 from \x1b[01m\x1b[K/opt/ros/humble/include/rclcpp/rclcpp/executor_options.hpp:20\x1b[m\x1b[K,\n'}
[1.330412] (cpp02_service) StderrLine: {'line': b'                 from \x1b[01m\x1b[K/opt/ros/humble/include/rclcpp/rclcpp/executor.hpp:37\x1b[m\x1b[K,\n'}
[1.330433] (cpp02_service) StderrLine: {'line': b'                 from \x1b[01m\x1b[K/opt/ros/humble/include/rclcpp/rclcpp/executors/multi_threaded_executor.hpp:25\x1b[m\x1b[K,\n'}
[1.330451] (cpp02_service) StderrLine: {'line': b'                 from \x1b[01m\x1b[K/opt/ros/humble/include/rclcpp/rclcpp/executors.hpp:21\x1b[m\x1b[K,\n'}
[1.330472] (cpp02_service) StderrLine: {'line': b'                 from \x1b[01m\x1b[K/opt/ros/humble/include/rclcpp/rclcpp/rclcpp.hpp:155\x1b[m\x1b[K,\n'}
[1.330490] (cpp02_service) StderrLine: {'line': b'                 from \x1b[01m\x1b[K/home/jon/ws01/src/cpp02_service/src/demo02_client.cpp:17\x1b[m\x1b[K:\n'}
[1.330507] (cpp02_service) StderrLine: {'line': b'\x1b[01m\x1b[K/opt/ros/humble/include/rclcpp/rclcpp/logger.hpp:106:17:\x1b[m\x1b[K \x1b[01;36m\x1b[Knote: \x1b[m\x1b[Kdeclared here\n'}
[1.330523] (cpp02_service) StderrLine: {'line': b'  106 |   friend Logger \x1b[01;36m\x1b[Krclcpp\x1b[m\x1b[K::get_logger(const std::string & name);\n'}
[1.330540] (cpp02_service) StderrLine: {'line': b'      |                 \x1b[01;36m\x1b[K^~~~~~\x1b[m\x1b[K\n'}
[1.330556] (cpp02_service) StderrLine: {'line': b'In file included from \x1b[01m\x1b[K/opt/ros/humble/include/rclcpp/rclcpp/client.hpp:40\x1b[m\x1b[K,\n'}
[1.330573] (cpp02_service) StderrLine: {'line': b'                 from \x1b[01m\x1b[K/opt/ros/humble/include/rclcpp/rclcpp/callback_group.hpp:24\x1b[m\x1b[K,\n'}
[1.330589] (cpp02_service) StderrLine: {'line': b'                 from \x1b[01m\x1b[K/opt/ros/humble/include/rclcpp/rclcpp/any_executable.hpp:20\x1b[m\x1b[K,\n'}
[1.330605] (cpp02_service) StderrLine: {'line': b'                 from \x1b[01m\x1b[K/opt/ros/humble/include/rclcpp/rclcpp/memory_strategy.hpp:25\x1b[m\x1b[K,\n'}
[1.330620] (cpp02_service) StderrLine: {'line': b'                 from \x1b[01m\x1b[K/opt/ros/humble/include/rclcpp/rclcpp/memory_strategies.hpp:18\x1b[m\x1b[K,\n'}
[1.330637] (cpp02_service) StderrLine: {'line': b'                 from \x1b[01m\x1b[K/opt/ros/humble/include/rclcpp/rclcpp/executor_options.hpp:20\x1b[m\x1b[K,\n'}
[1.330653] (cpp02_service) StderrLine: {'line': b'                 from \x1b[01m\x1b[K/opt/ros/humble/include/rclcpp/rclcpp/executor.hpp:37\x1b[m\x1b[K,\n'}
[1.330669] (cpp02_service) StderrLine: {'line': b'                 from \x1b[01m\x1b[K/opt/ros/humble/include/rclcpp/rclcpp/executors/multi_threaded_executor.hpp:25\x1b[m\x1b[K,\n'}
[1.330685] (cpp02_service) StderrLine: {'line': b'                 from \x1b[01m\x1b[K/opt/ros/humble/include/rclcpp/rclcpp/executors.hpp:21\x1b[m\x1b[K,\n'}
[1.330701] (cpp02_service) StderrLine: {'line': b'                 from \x1b[01m\x1b[K/opt/ros/humble/include/rclcpp/rclcpp/rclcpp.hpp:155\x1b[m\x1b[K,\n'}
[1.330783] (cpp02_service) StderrLine: {'line': b'                 from \x1b[01m\x1b[K/home/jon/ws01/src/cpp02_service/src/demo02_client.cpp:17\x1b[m\x1b[K:\n'}
[1.330825] (cpp02_service) StderrLine: {'line': b'\x1b[01m\x1b[K/home/jon/ws01/src/cpp02_service/src/demo02_client.cpp:\x1b[m\x1b[K In member function \xe2\x80\x98\x1b[01m\x1b[Kbool AddintsClient::connect_server()\x1b[m\x1b[K\xe2\x80\x99:\n'}
[1.330852] (cpp02_service) StderrLine: {'line': b'\x1b[01m\x1b[K/home/jon/ws01/src/cpp02_service/src/demo02_client.cpp:55:40:\x1b[m\x1b[K \x1b[01;31m\x1b[Kerror: \x1b[m\x1b[Ktoo few arguments to function \xe2\x80\x98\x1b[01m\x1b[Krclcpp::Logger rclcpp::get_logger(const string&)\x1b[m\x1b[K\xe2\x80\x99\n'}
[1.330875] (cpp02_service) StderrLine: {'line': b'   55 |         RCLCPP_ERROR(\x1b[01;31m\x1b[Krclcpp::get_logger()\x1b[m\x1b[K, "\xe5\xae\xa2\xe6\x88\xb7\xe7\xab\xaf\xe8\x8a\x82\xe7\x82\xb9\xe8\xa2\xab\xe4\xb8\xad\xe6\x96\xad\xef\xbc\x8c\xe9\x80\x80\xe5\x87\xba\xef\xbc\x81");\n'}
[1.330902] (cpp02_service) StderrLine: {'line': b'      |                      \x1b[01;31m\x1b[K~~~~~~~~~~~~~~~~~~^~\x1b[m\x1b[K\n'}
[1.330922] (cpp02_service) StderrLine: {'line': b'In file included from \x1b[01m\x1b[K/opt/ros/humble/include/rclcpp/rclcpp/logging.hpp:23\x1b[m\x1b[K,\n'}
[1.330943] (cpp02_service) StderrLine: {'line': b'                 from \x1b[01m\x1b[K/opt/ros/humble/include/rclcpp/rclcpp/client.hpp:40\x1b[m\x1b[K,\n'}
[1.330962] (cpp02_service) StderrLine: {'line': b'                 from \x1b[01m\x1b[K/opt/ros/humble/include/rclcpp/rclcpp/callback_group.hpp:24\x1b[m\x1b[K,\n'}
[1.330980] (cpp02_service) StderrLine: {'line': b'                 from \x1b[01m\x1b[K/opt/ros/humble/include/rclcpp/rclcpp/any_executable.hpp:20\x1b[m\x1b[K,\n'}
[1.330999] (cpp02_service) StderrLine: {'line': b'                 from \x1b[01m\x1b[K/opt/ros/humble/include/rclcpp/rclcpp/memory_strategy.hpp:25\x1b[m\x1b[K,\n'}
[1.331093] (cpp02_service) StderrLine: {'line': b'                 from \x1b[01m\x1b[K/opt/ros/humble/include/rclcpp/rclcpp/memory_strategies.hpp:18\x1b[m\x1b[K,\n'}
[1.331116] (cpp02_service) StderrLine: {'line': b'                 from \x1b[01m\x1b[K/opt/ros/humble/include/rclcpp/rclcpp/executor_options.hpp:20\x1b[m\x1b[K,\n'}
[1.331136] (cpp02_service) StderrLine: {'line': b'                 from \x1b[01m\x1b[K/opt/ros/humble/include/rclcpp/rclcpp/executor.hpp:37\x1b[m\x1b[K,\n'}
[1.331155] (cpp02_service) StderrLine: {'line': b'                 from \x1b[01m\x1b[K/opt/ros/humble/include/rclcpp/rclcpp/executors/multi_threaded_executor.hpp:25\x1b[m\x1b[K,\n'}
[1.331174] (cpp02_service) StderrLine: {'line': b'                 from \x1b[01m\x1b[K/opt/ros/humble/include/rclcpp/rclcpp/executors.hpp:21\x1b[m\x1b[K,\n'}
[1.331191] (cpp02_service) StderrLine: {'line': b'                 from \x1b[01m\x1b[K/opt/ros/humble/include/rclcpp/rclcpp/rclcpp.hpp:155\x1b[m\x1b[K,\n'}
[1.331209] (cpp02_service) StderrLine: {'line': b'                 from \x1b[01m\x1b[K/home/jon/ws01/src/cpp02_service/src/demo02_client.cpp:17\x1b[m\x1b[K:\n'}
[1.331227] (cpp02_service) StderrLine: {'line': b'\x1b[01m\x1b[K/opt/ros/humble/include/rclcpp/rclcpp/logger.hpp:106:17:\x1b[m\x1b[K \x1b[01;36m\x1b[Knote: \x1b[m\x1b[Kdeclared here\n'}
[1.331245] (cpp02_service) StderrLine: {'line': b'  106 |   friend Logger \x1b[01;36m\x1b[Krclcpp\x1b[m\x1b[K::get_logger(const std::string & name);\n'}
[1.331262] (cpp02_service) StderrLine: {'line': b'      |                 \x1b[01;36m\x1b[K^~~~~~\x1b[m\x1b[K\n'}
[1.331280] (cpp02_service) StderrLine: {'line': b'In file included from \x1b[01m\x1b[K/opt/ros/humble/include/rclcpp/rclcpp/client.hpp:40\x1b[m\x1b[K,\n'}
[1.331297] (cpp02_service) StderrLine: {'line': b'                 from \x1b[01m\x1b[K/opt/ros/humble/include/rclcpp/rclcpp/callback_group.hpp:24\x1b[m\x1b[K,\n'}
[1.331314] (cpp02_service) StderrLine: {'line': b'                 from \x1b[01m\x1b[K/opt/ros/humble/include/rclcpp/rclcpp/any_executable.hpp:20\x1b[m\x1b[K,\n'}
[1.331333] (cpp02_service) StderrLine: {'line': b'                 from \x1b[01m\x1b[K/opt/ros/humble/include/rclcpp/rclcpp/memory_strategy.hpp:25\x1b[m\x1b[K,\n'}
[1.331350] (cpp02_service) StderrLine: {'line': b'                 from \x1b[01m\x1b[K/opt/ros/humble/include/rclcpp/rclcpp/memory_strategies.hpp:18\x1b[m\x1b[K,\n'}
[1.331368] (cpp02_service) StderrLine: {'line': b'                 from \x1b[01m\x1b[K/opt/ros/humble/include/rclcpp/rclcpp/executor_options.hpp:20\x1b[m\x1b[K,\n'}
[1.331386] (cpp02_service) StderrLine: {'line': b'                 from \x1b[01m\x1b[K/opt/ros/humble/include/rclcpp/rclcpp/executor.hpp:37\x1b[m\x1b[K,\n'}
[1.331402] (cpp02_service) StderrLine: {'line': b'                 from \x1b[01m\x1b[K/opt/ros/humble/include/rclcpp/rclcpp/executors/multi_threaded_executor.hpp:25\x1b[m\x1b[K,\n'}
[1.331420] (cpp02_service) StderrLine: {'line': b'                 from \x1b[01m\x1b[K/opt/ros/humble/include/rclcpp/rclcpp/executors.hpp:21\x1b[m\x1b[K,\n'}
[1.331438] (cpp02_service) StderrLine: {'line': b'                 from \x1b[01m\x1b[K/opt/ros/humble/include/rclcpp/rclcpp/rclcpp.hpp:155\x1b[m\x1b[K,\n'}
[1.331455] (cpp02_service) StderrLine: {'line': b'                 from \x1b[01m\x1b[K/home/jon/ws01/src/cpp02_service/src/demo02_client.cpp:17\x1b[m\x1b[K:\n'}
[1.331479] (cpp02_service) StderrLine: {'line': b'\x1b[01m\x1b[K/home/jon/ws01/src/cpp02_service/src/demo02_client.cpp:55:40:\x1b[m\x1b[K \x1b[01;31m\x1b[Kerror: \x1b[m\x1b[Ktoo few arguments to function \xe2\x80\x98\x1b[01m\x1b[Krclcpp::Logger rclcpp::get_logger(const string&)\x1b[m\x1b[K\xe2\x80\x99\n'}
[1.331498] (cpp02_service) StderrLine: {'line': b'   55 |         RCLCPP_ERROR(\x1b[01;31m\x1b[Krclcpp::get_logger()\x1b[m\x1b[K, "\xe5\xae\xa2\xe6\x88\xb7\xe7\xab\xaf\xe8\x8a\x82\xe7\x82\xb9\xe8\xa2\xab\xe4\xb8\xad\xe6\x96\xad\xef\xbc\x8c\xe9\x80\x80\xe5\x87\xba\xef\xbc\x81");\n'}
[1.331516] (cpp02_service) StderrLine: {'line': b'      |                      \x1b[01;31m\x1b[K~~~~~~~~~~~~~~~~~~^~\x1b[m\x1b[K\n'}
[1.331533] (cpp02_service) StderrLine: {'line': b'In file included from \x1b[01m\x1b[K/opt/ros/humble/include/rclcpp/rclcpp/logging.hpp:23\x1b[m\x1b[K,\n'}
[1.331550] (cpp02_service) StderrLine: {'line': b'                 from \x1b[01m\x1b[K/opt/ros/humble/include/rclcpp/rclcpp/client.hpp:40\x1b[m\x1b[K,\n'}
[1.331567] (cpp02_service) StderrLine: {'line': b'                 from \x1b[01m\x1b[K/opt/ros/humble/include/rclcpp/rclcpp/callback_group.hpp:24\x1b[m\x1b[K,\n'}
[1.331583] (cpp02_service) StderrLine: {'line': b'                 from \x1b[01m\x1b[K/opt/ros/humble/include/rclcpp/rclcpp/any_executable.hpp:20\x1b[m\x1b[K,\n'}
[1.331599] (cpp02_service) StderrLine: {'line': b'                 from \x1b[01m\x1b[K/opt/ros/humble/include/rclcpp/rclcpp/memory_strategy.hpp:25\x1b[m\x1b[K,\n'}
[1.331614] (cpp02_service) StderrLine: {'line': b'                 from \x1b[01m\x1b[K/opt/ros/humble/include/rclcpp/rclcpp/memory_strategies.hpp:18\x1b[m\x1b[K,\n'}
[1.331630] (cpp02_service) StderrLine: {'line': b'                 from \x1b[01m\x1b[K/opt/ros/humble/include/rclcpp/rclcpp/executor_options.hpp:20\x1b[m\x1b[K,\n'}
[1.331646] (cpp02_service) StderrLine: {'line': b'                 from \x1b[01m\x1b[K/opt/ros/humble/include/rclcpp/rclcpp/executor.hpp:37\x1b[m\x1b[K,\n'}
[1.331662] (cpp02_service) StderrLine: {'line': b'                 from \x1b[01m\x1b[K/opt/ros/humble/include/rclcpp/rclcpp/executors/multi_threaded_executor.hpp:25\x1b[m\x1b[K,\n'}
[1.331682] (cpp02_service) StderrLine: {'line': b'                 from \x1b[01m\x1b[K/opt/ros/humble/include/rclcpp/rclcpp/executors.hpp:21\x1b[m\x1b[K,\n'}
[1.331699] (cpp02_service) StderrLine: {'line': b'                 from \x1b[01m\x1b[K/opt/ros/humble/include/rclcpp/rclcpp/rclcpp.hpp:155\x1b[m\x1b[K,\n'}
[1.331715] (cpp02_service) StderrLine: {'line': b'                 from \x1b[01m\x1b[K/home/jon/ws01/src/cpp02_service/src/demo02_client.cpp:17\x1b[m\x1b[K:\n'}
[1.331731] (cpp02_service) StderrLine: {'line': b'\x1b[01m\x1b[K/opt/ros/humble/include/rclcpp/rclcpp/logger.hpp:106:17:\x1b[m\x1b[K \x1b[01;36m\x1b[Knote: \x1b[m\x1b[Kdeclared here\n'}
[1.331749] (cpp02_service) StderrLine: {'line': b'  106 |   friend Logger \x1b[01;36m\x1b[Krclcpp\x1b[m\x1b[K::get_logger(const std::string & name);\n'}
[1.331766] (cpp02_service) StderrLine: {'line': b'      |                 \x1b[01;36m\x1b[K^~~~~~\x1b[m\x1b[K\n'}
[1.331783] (cpp02_service) StderrLine: {'line': b'In file included from \x1b[01m\x1b[K/opt/ros/humble/include/rclcpp/rclcpp/client.hpp:40\x1b[m\x1b[K,\n'}
[1.331800] (cpp02_service) StderrLine: {'line': b'                 from \x1b[01m\x1b[K/opt/ros/humble/include/rclcpp/rclcpp/callback_group.hpp:24\x1b[m\x1b[K,\n'}
[1.331816] (cpp02_service) StderrLine: {'line': b'                 from \x1b[01m\x1b[K/opt/ros/humble/include/rclcpp/rclcpp/any_executable.hpp:20\x1b[m\x1b[K,\n'}
[1.331834] (cpp02_service) StderrLine: {'line': b'                 from \x1b[01m\x1b[K/opt/ros/humble/include/rclcpp/rclcpp/memory_strategy.hpp:25\x1b[m\x1b[K,\n'}
[1.331851] (cpp02_service) StderrLine: {'line': b'                 from \x1b[01m\x1b[K/opt/ros/humble/include/rclcpp/rclcpp/memory_strategies.hpp:18\x1b[m\x1b[K,\n'}
[1.331867] (cpp02_service) StderrLine: {'line': b'                 from \x1b[01m\x1b[K/opt/ros/humble/include/rclcpp/rclcpp/executor_options.hpp:20\x1b[m\x1b[K,\n'}
[1.331885] (cpp02_service) StderrLine: {'line': b'                 from \x1b[01m\x1b[K/opt/ros/humble/include/rclcpp/rclcpp/executor.hpp:37\x1b[m\x1b[K,\n'}
[1.331903] (cpp02_service) StderrLine: {'line': b'                 from \x1b[01m\x1b[K/opt/ros/humble/include/rclcpp/rclcpp/executors/multi_threaded_executor.hpp:25\x1b[m\x1b[K,\n'}
[1.331921] (cpp02_service) StderrLine: {'line': b'                 from \x1b[01m\x1b[K/opt/ros/humble/include/rclcpp/rclcpp/executors.hpp:21\x1b[m\x1b[K,\n'}
[1.331938] (cpp02_service) StderrLine: {'line': b'                 from \x1b[01m\x1b[K/opt/ros/humble/include/rclcpp/rclcpp/rclcpp.hpp:155\x1b[m\x1b[K,\n'}
[1.331955] (cpp02_service) StderrLine: {'line': b'                 from \x1b[01m\x1b[K/home/jon/ws01/src/cpp02_service/src/demo02_client.cpp:17\x1b[m\x1b[K:\n'}
[1.331971] (cpp02_service) StderrLine: {'line': b'\x1b[01m\x1b[K/home/jon/ws01/src/cpp02_service/src/demo02_client.cpp:55:9:\x1b[m\x1b[K \x1b[01;31m\x1b[Kerror: \x1b[m\x1b[Ktemplate argument 1 is invalid\n'}
[1.331988] (cpp02_service) StderrLine: {'line': b'   55 |         \x1b[01;31m\x1b[KRCLCPP_ERROR\x1b[m\x1b[K(rclcpp::get_logger(), "\xe5\xae\xa2\xe6\x88\xb7\xe7\xab\xaf\xe8\x8a\x82\xe7\x82\xb9\xe8\xa2\xab\xe4\xb8\xad\xe6\x96\xad\xef\xbc\x8c\xe9\x80\x80\xe5\x87\xba\xef\xbc\x81");\n'}
[1.332005] (cpp02_service) StderrLine: {'line': b'      |         \x1b[01;31m\x1b[K^~~~~~~~~~~~\x1b[m\x1b[K\n'}
[1.332022] (cpp02_service) StderrLine: {'line': b'In file included from \x1b[01m\x1b[K/opt/ros/humble/include/rclcpp/rclcpp/logging.hpp:24\x1b[m\x1b[K,\n'}
[1.332039] (cpp02_service) StderrLine: {'line': b'                 from \x1b[01m\x1b[K/opt/ros/humble/include/rclcpp/rclcpp/client.hpp:40\x1b[m\x1b[K,\n'}
[1.332055] (cpp02_service) StderrLine: {'line': b'                 from \x1b[01m\x1b[K/opt/ros/humble/include/rclcpp/rclcpp/callback_group.hpp:24\x1b[m\x1b[K,\n'}
[1.332072] (cpp02_service) StderrLine: {'line': b'                 from \x1b[01m\x1b[K/opt/ros/humble/include/rclcpp/rclcpp/any_executable.hpp:20\x1b[m\x1b[K,\n'}
[1.332089] (cpp02_service) StderrLine: {'line': b'                 from \x1b[01m\x1b[K/opt/ros/humble/include/rclcpp/rclcpp/memory_strategy.hpp:25\x1b[m\x1b[K,\n'}
[1.332107] (cpp02_service) StderrLine: {'line': b'                 from \x1b[01m\x1b[K/opt/ros/humble/include/rclcpp/rclcpp/memory_strategies.hpp:18\x1b[m\x1b[K,\n'}
[1.332123] (cpp02_service) StderrLine: {'line': b'                 from \x1b[01m\x1b[K/opt/ros/humble/include/rclcpp/rclcpp/executor_options.hpp:20\x1b[m\x1b[K,\n'}
[1.332139] (cpp02_service) StderrLine: {'line': b'                 from \x1b[01m\x1b[K/opt/ros/humble/include/rclcpp/rclcpp/executor.hpp:37\x1b[m\x1b[K,\n'}
[1.332154] (cpp02_service) StderrLine: {'line': b'                 from \x1b[01m\x1b[K/opt/ros/humble/include/rclcpp/rclcpp/executors/multi_threaded_executor.hpp:25\x1b[m\x1b[K,\n'}
[1.332171] (cpp02_service) StderrLine: {'line': b'                 from \x1b[01m\x1b[K/opt/ros/humble/include/rclcpp/rclcpp/executors.hpp:21\x1b[m\x1b[K,\n'}
[1.332187] (cpp02_service) StderrLine: {'line': b'                 from \x1b[01m\x1b[K/opt/ros/humble/include/rclcpp/rclcpp/rclcpp.hpp:155\x1b[m\x1b[K,\n'}
[1.332204] (cpp02_service) StderrLine: {'line': b'                 from \x1b[01m\x1b[K/home/jon/ws01/src/cpp02_service/src/demo02_client.cpp:17\x1b[m\x1b[K:\n'}
[1.332220] (cpp02_service) StderrLine: {'line': b'\x1b[01m\x1b[K/home/jon/ws01/src/cpp02_service/src/demo02_client.cpp:55:40:\x1b[m\x1b[K \x1b[01;31m\x1b[Kerror: \x1b[m\x1b[Ktoo few arguments to function \xe2\x80\x98\x1b[01m\x1b[Krclcpp::Logger rclcpp::get_logger(const string&)\x1b[m\x1b[K\xe2\x80\x99\n'}
[1.332238] (cpp02_service) StderrLine: {'line': b'   55 |         RCLCPP_ERROR(\x1b[01;31m\x1b[Krclcpp::get_logger()\x1b[m\x1b[K, "\xe5\xae\xa2\xe6\x88\xb7\xe7\xab\xaf\xe8\x8a\x82\xe7\x82\xb9\xe8\xa2\xab\xe4\xb8\xad\xe6\x96\xad\xef\xbc\x8c\xe9\x80\x80\xe5\x87\xba\xef\xbc\x81");\n'}
[1.332255] (cpp02_service) StderrLine: {'line': b'      |                      \x1b[01;31m\x1b[K~~~~~~~~~~~~~~~~~~^~\x1b[m\x1b[K\n'}
[1.332271] (cpp02_service) StderrLine: {'line': b'In file included from \x1b[01m\x1b[K/opt/ros/humble/include/rclcpp/rclcpp/logging.hpp:23\x1b[m\x1b[K,\n'}
[1.332288] (cpp02_service) StderrLine: {'line': b'                 from \x1b[01m\x1b[K/opt/ros/humble/include/rclcpp/rclcpp/client.hpp:40\x1b[m\x1b[K,\n'}
[1.332304] (cpp02_service) StderrLine: {'line': b'                 from \x1b[01m\x1b[K/opt/ros/humble/include/rclcpp/rclcpp/callback_group.hpp:24\x1b[m\x1b[K,\n'}
[1.332319] (cpp02_service) StderrLine: {'line': b'                 from \x1b[01m\x1b[K/opt/ros/humble/include/rclcpp/rclcpp/any_executable.hpp:20\x1b[m\x1b[K,\n'}
[1.332337] (cpp02_service) StderrLine: {'line': b'                 from \x1b[01m\x1b[K/opt/ros/humble/include/rclcpp/rclcpp/memory_strategy.hpp:25\x1b[m\x1b[K,\n'}
[1.332352] (cpp02_service) StderrLine: {'line': b'                 from \x1b[01m\x1b[K/opt/ros/humble/include/rclcpp/rclcpp/memory_strategies.hpp:18\x1b[m\x1b[K,\n'}
[1.332368] (cpp02_service) StderrLine: {'line': b'                 from \x1b[01m\x1b[K/opt/ros/humble/include/rclcpp/rclcpp/executor_options.hpp:20\x1b[m\x1b[K,\n'}
[1.332384] (cpp02_service) StderrLine: {'line': b'                 from \x1b[01m\x1b[K/opt/ros/humble/include/rclcpp/rclcpp/executor.hpp:37\x1b[m\x1b[K,\n'}
[1.332400] (cpp02_service) StderrLine: {'line': b'                 from \x1b[01m\x1b[K/opt/ros/humble/include/rclcpp/rclcpp/executors/multi_threaded_executor.hpp:25\x1b[m\x1b[K,\n'}
[1.332416] (cpp02_service) StderrLine: {'line': b'                 from \x1b[01m\x1b[K/opt/ros/humble/include/rclcpp/rclcpp/executors.hpp:21\x1b[m\x1b[K,\n'}
[1.332432] (cpp02_service) StderrLine: {'line': b'                 from \x1b[01m\x1b[K/opt/ros/humble/include/rclcpp/rclcpp/rclcpp.hpp:155\x1b[m\x1b[K,\n'}
[1.332450] (cpp02_service) StderrLine: {'line': b'                 from \x1b[01m\x1b[K/home/jon/ws01/src/cpp02_service/src/demo02_client.cpp:17\x1b[m\x1b[K:\n'}
[1.332469] (cpp02_service) StderrLine: {'line': b'\x1b[01m\x1b[K/opt/ros/humble/include/rclcpp/rclcpp/logger.hpp:106:17:\x1b[m\x1b[K \x1b[01;36m\x1b[Knote: \x1b[m\x1b[Kdeclared here\n'}
[1.332486] (cpp02_service) StderrLine: {'line': b'  106 |   friend Logger \x1b[01;36m\x1b[Krclcpp\x1b[m\x1b[K::get_logger(const std::string & name);\n'}
[1.332502] (cpp02_service) StderrLine: {'line': b'      |                 \x1b[01;36m\x1b[K^~~~~~\x1b[m\x1b[K\n'}
[1.332518] (cpp02_service) StderrLine: {'line': b'In file included from \x1b[01m\x1b[K/opt/ros/humble/include/rclcpp/rclcpp/logging.hpp:24\x1b[m\x1b[K,\n'}
[1.332534] (cpp02_service) StderrLine: {'line': b'                 from \x1b[01m\x1b[K/opt/ros/humble/include/rclcpp/rclcpp/client.hpp:40\x1b[m\x1b[K,\n'}
[1.332550] (cpp02_service) StderrLine: {'line': b'                 from \x1b[01m\x1b[K/opt/ros/humble/include/rclcpp/rclcpp/callback_group.hpp:24\x1b[m\x1b[K,\n'}
[1.332566] (cpp02_service) StderrLine: {'line': b'                 from \x1b[01m\x1b[K/opt/ros/humble/include/rclcpp/rclcpp/any_executable.hpp:20\x1b[m\x1b[K,\n'}
[1.332582] (cpp02_service) StderrLine: {'line': b'                 from \x1b[01m\x1b[K/opt/ros/humble/include/rclcpp/rclcpp/memory_strategy.hpp:25\x1b[m\x1b[K,\n'}
[1.332598] (cpp02_service) StderrLine: {'line': b'                 from \x1b[01m\x1b[K/opt/ros/humble/include/rclcpp/rclcpp/memory_strategies.hpp:18\x1b[m\x1b[K,\n'}
[1.332613] (cpp02_service) StderrLine: {'line': b'                 from \x1b[01m\x1b[K/opt/ros/humble/include/rclcpp/rclcpp/executor_options.hpp:20\x1b[m\x1b[K,\n'}
[1.332629] (cpp02_service) StderrLine: {'line': b'                 from \x1b[01m\x1b[K/opt/ros/humble/include/rclcpp/rclcpp/executor.hpp:37\x1b[m\x1b[K,\n'}
[1.332646] (cpp02_service) StderrLine: {'line': b'                 from \x1b[01m\x1b[K/opt/ros/humble/include/rclcpp/rclcpp/executors/multi_threaded_executor.hpp:25\x1b[m\x1b[K,\n'}
[1.332661] (cpp02_service) StderrLine: {'line': b'                 from \x1b[01m\x1b[K/opt/ros/humble/include/rclcpp/rclcpp/executors.hpp:21\x1b[m\x1b[K,\n'}
[1.332677] (cpp02_service) StderrLine: {'line': b'                 from \x1b[01m\x1b[K/opt/ros/humble/include/rclcpp/rclcpp/rclcpp.hpp:155\x1b[m\x1b[K,\n'}
[1.332693] (cpp02_service) StderrLine: {'line': b'                 from \x1b[01m\x1b[K/home/jon/ws01/src/cpp02_service/src/demo02_client.cpp:17\x1b[m\x1b[K:\n'}
[1.332709] (cpp02_service) StderrLine: {'line': b'\x1b[01m\x1b[K/home/jon/ws01/src/cpp02_service/src/demo02_client.cpp:55:40:\x1b[m\x1b[K \x1b[01;31m\x1b[Kerror: \x1b[m\x1b[Ktoo few arguments to function \xe2\x80\x98\x1b[01m\x1b[Krclcpp::Logger rclcpp::get_logger(const string&)\x1b[m\x1b[K\xe2\x80\x99\n'}
[1.332725] (cpp02_service) StderrLine: {'line': b'   55 |         RCLCPP_ERROR(\x1b[01;31m\x1b[Krclcpp::get_logger()\x1b[m\x1b[K, "\xe5\xae\xa2\xe6\x88\xb7\xe7\xab\xaf\xe8\x8a\x82\xe7\x82\xb9\xe8\xa2\xab\xe4\xb8\xad\xe6\x96\xad\xef\xbc\x8c\xe9\x80\x80\xe5\x87\xba\xef\xbc\x81");\n'}
[1.332743] (cpp02_service) StderrLine: {'line': b'      |                      \x1b[01;31m\x1b[K~~~~~~~~~~~~~~~~~~^~\x1b[m\x1b[K\n'}
[1.332759] (cpp02_service) StderrLine: {'line': b'In file included from \x1b[01m\x1b[K/opt/ros/humble/include/rclcpp/rclcpp/logging.hpp:23\x1b[m\x1b[K,\n'}
[1.332776] (cpp02_service) StderrLine: {'line': b'                 from \x1b[01m\x1b[K/opt/ros/humble/include/rclcpp/rclcpp/client.hpp:40\x1b[m\x1b[K,\n'}
[1.332792] (cpp02_service) StderrLine: {'line': b'                 from \x1b[01m\x1b[K/opt/ros/humble/include/rclcpp/rclcpp/callback_group.hpp:24\x1b[m\x1b[K,\n'}
[1.332808] (cpp02_service) StderrLine: {'line': b'                 from \x1b[01m\x1b[K/opt/ros/humble/include/rclcpp/rclcpp/any_executable.hpp:20\x1b[m\x1b[K,\n'}
[1.332824] (cpp02_service) StderrLine: {'line': b'                 from \x1b[01m\x1b[K/opt/ros/humble/include/rclcpp/rclcpp/memory_strategy.hpp:25\x1b[m\x1b[K,\n'}
[1.332839] (cpp02_service) StderrLine: {'line': b'                 from \x1b[01m\x1b[K/opt/ros/humble/include/rclcpp/rclcpp/memory_strategies.hpp:18\x1b[m\x1b[K,\n'}
[1.332855] (cpp02_service) StderrLine: {'line': b'                 from \x1b[01m\x1b[K/opt/ros/humble/include/rclcpp/rclcpp/executor_options.hpp:20\x1b[m\x1b[K,\n'}
[1.332871] (cpp02_service) StderrLine: {'line': b'                 from \x1b[01m\x1b[K/opt/ros/humble/include/rclcpp/rclcpp/executor.hpp:37\x1b[m\x1b[K,\n'}
[1.332887] (cpp02_service) StderrLine: {'line': b'                 from \x1b[01m\x1b[K/opt/ros/humble/include/rclcpp/rclcpp/executors/multi_threaded_executor.hpp:25\x1b[m\x1b[K,\n'}
[1.332902] (cpp02_service) StderrLine: {'line': b'                 from \x1b[01m\x1b[K/opt/ros/humble/include/rclcpp/rclcpp/executors.hpp:21\x1b[m\x1b[K,\n'}
[1.332918] (cpp02_service) StderrLine: {'line': b'                 from \x1b[01m\x1b[K/opt/ros/humble/include/rclcpp/rclcpp/rclcpp.hpp:155\x1b[m\x1b[K,\n'}
[1.332934] (cpp02_service) StderrLine: {'line': b'                 from \x1b[01m\x1b[K/home/jon/ws01/src/cpp02_service/src/demo02_client.cpp:17\x1b[m\x1b[K:\n'}
[1.332949] (cpp02_service) StderrLine: {'line': b'\x1b[01m\x1b[K/opt/ros/humble/include/rclcpp/rclcpp/logger.hpp:106:17:\x1b[m\x1b[K \x1b[01;36m\x1b[Knote: \x1b[m\x1b[Kdeclared here\n'}
[1.332968] (cpp02_service) StderrLine: {'line': b'  106 |   friend Logger \x1b[01;36m\x1b[Krclcpp\x1b[m\x1b[K::get_logger(const std::string & name);\n'}
[1.332986] (cpp02_service) StderrLine: {'line': b'      |                 \x1b[01;36m\x1b[K^~~~~~\x1b[m\x1b[K\n'}
[1.333003] (cpp02_service) StderrLine: {'line': b'In file included from \x1b[01m\x1b[K/opt/ros/humble/include/rclcpp/rclcpp/client.hpp:40\x1b[m\x1b[K,\n'}
[1.333019] (cpp02_service) StderrLine: {'line': b'                 from \x1b[01m\x1b[K/opt/ros/humble/include/rclcpp/rclcpp/callback_group.hpp:24\x1b[m\x1b[K,\n'}
[1.333036] (cpp02_service) StderrLine: {'line': b'                 from \x1b[01m\x1b[K/opt/ros/humble/include/rclcpp/rclcpp/any_executable.hpp:20\x1b[m\x1b[K,\n'}
[1.333052] (cpp02_service) StderrLine: {'line': b'                 from \x1b[01m\x1b[K/opt/ros/humble/include/rclcpp/rclcpp/memory_strategy.hpp:25\x1b[m\x1b[K,\n'}
[1.333067] (cpp02_service) StderrLine: {'line': b'                 from \x1b[01m\x1b[K/opt/ros/humble/include/rclcpp/rclcpp/memory_strategies.hpp:18\x1b[m\x1b[K,\n'}
[1.333083] (cpp02_service) StderrLine: {'line': b'                 from \x1b[01m\x1b[K/opt/ros/humble/include/rclcpp/rclcpp/executor_options.hpp:20\x1b[m\x1b[K,\n'}
[1.333099] (cpp02_service) StderrLine: {'line': b'                 from \x1b[01m\x1b[K/opt/ros/humble/include/rclcpp/rclcpp/executor.hpp:37\x1b[m\x1b[K,\n'}
[1.333115] (cpp02_service) StderrLine: {'line': b'                 from \x1b[01m\x1b[K/opt/ros/humble/include/rclcpp/rclcpp/executors/multi_threaded_executor.hpp:25\x1b[m\x1b[K,\n'}
[1.333131] (cpp02_service) StderrLine: {'line': b'                 from \x1b[01m\x1b[K/opt/ros/humble/include/rclcpp/rclcpp/executors.hpp:21\x1b[m\x1b[K,\n'}
[1.333147] (cpp02_service) StderrLine: {'line': b'                 from \x1b[01m\x1b[K/opt/ros/humble/include/rclcpp/rclcpp/rclcpp.hpp:155\x1b[m\x1b[K,\n'}
[1.333163] (cpp02_service) StderrLine: {'line': b'                 from \x1b[01m\x1b[K/home/jon/ws01/src/cpp02_service/src/demo02_client.cpp:17\x1b[m\x1b[K:\n'}
[1.333178] (cpp02_service) StderrLine: {'line': b'\x1b[01m\x1b[K/home/jon/ws01/src/cpp02_service/src/demo02_client.cpp:58:37:\x1b[m\x1b[K \x1b[01;31m\x1b[Kerror: \x1b[m\x1b[Ktoo few arguments to function \xe2\x80\x98\x1b[01m\x1b[Krclcpp::Logger rclcpp::get_logger(const string&)\x1b[m\x1b[K\xe2\x80\x99\n'}
[1.333194] (cpp02_service) StderrLine: {'line': b'   58 |       RCLCPP_INFO(\x1b[01;31m\x1b[Krclcpp::get_logger()\x1b[m\x1b[K, "\xe6\x9c\x8d\xe5\x8a\xa1\xe5\x99\xa8\xe8\xbf\x9e\xe6\x8e\xa5\xe4\xb8\xad...");\n'}
[1.333211] (cpp02_service) StderrLine: {'line': b'      |                   \x1b[01;31m\x1b[K~~~~~~~~~~~~~~~~~~^~\x1b[m\x1b[K\n'}
[1.333226] (cpp02_service) StderrLine: {'line': b'In file included from \x1b[01m\x1b[K/opt/ros/humble/include/rclcpp/rclcpp/logging.hpp:23\x1b[m\x1b[K,\n'}
[1.333242] (cpp02_service) StderrLine: {'line': b'                 from \x1b[01m\x1b[K/opt/ros/humble/include/rclcpp/rclcpp/client.hpp:40\x1b[m\x1b[K,\n'}
[1.333258] (cpp02_service) StderrLine: {'line': b'                 from \x1b[01m\x1b[K/opt/ros/humble/include/rclcpp/rclcpp/callback_group.hpp:24\x1b[m\x1b[K,\n'}
[1.333274] (cpp02_service) StderrLine: {'line': b'                 from \x1b[01m\x1b[K/opt/ros/humble/include/rclcpp/rclcpp/any_executable.hpp:20\x1b[m\x1b[K,\n'}
[1.333289] (cpp02_service) StderrLine: {'line': b'                 from \x1b[01m\x1b[K/opt/ros/humble/include/rclcpp/rclcpp/memory_strategy.hpp:25\x1b[m\x1b[K,\n'}
[1.333305] (cpp02_service) StderrLine: {'line': b'                 from \x1b[01m\x1b[K/opt/ros/humble/include/rclcpp/rclcpp/memory_strategies.hpp:18\x1b[m\x1b[K,\n'}
[1.333321] (cpp02_service) StderrLine: {'line': b'                 from \x1b[01m\x1b[K/opt/ros/humble/include/rclcpp/rclcpp/executor_options.hpp:20\x1b[m\x1b[K,\n'}
[1.333336] (cpp02_service) StderrLine: {'line': b'                 from \x1b[01m\x1b[K/opt/ros/humble/include/rclcpp/rclcpp/executor.hpp:37\x1b[m\x1b[K,\n'}
[1.333351] (cpp02_service) StderrLine: {'line': b'                 from \x1b[01m\x1b[K/opt/ros/humble/include/rclcpp/rclcpp/executors/multi_threaded_executor.hpp:25\x1b[m\x1b[K,\n'}
[1.333367] (cpp02_service) StderrLine: {'line': b'                 from \x1b[01m\x1b[K/opt/ros/humble/include/rclcpp/rclcpp/executors.hpp:21\x1b[m\x1b[K,\n'}
[1.333383] (cpp02_service) StderrLine: {'line': b'                 from \x1b[01m\x1b[K/opt/ros/humble/include/rclcpp/rclcpp/rclcpp.hpp:155\x1b[m\x1b[K,\n'}
[1.333398] (cpp02_service) StderrLine: {'line': b'                 from \x1b[01m\x1b[K/home/jon/ws01/src/cpp02_service/src/demo02_client.cpp:17\x1b[m\x1b[K:\n'}
[1.333416] (cpp02_service) StderrLine: {'line': b'\x1b[01m\x1b[K/opt/ros/humble/include/rclcpp/rclcpp/logger.hpp:106:17:\x1b[m\x1b[K \x1b[01;36m\x1b[Knote: \x1b[m\x1b[Kdeclared here\n'}
[1.333432] (cpp02_service) StderrLine: {'line': b'  106 |   friend Logger \x1b[01;36m\x1b[Krclcpp\x1b[m\x1b[K::get_logger(const std::string & name);\n'}
[1.333449] (cpp02_service) StderrLine: {'line': b'      |                 \x1b[01;36m\x1b[K^~~~~~\x1b[m\x1b[K\n'}
[1.333465] (cpp02_service) StderrLine: {'line': b'In file included from \x1b[01m\x1b[K/opt/ros/humble/include/rclcpp/rclcpp/client.hpp:40\x1b[m\x1b[K,\n'}
[1.333482] (cpp02_service) StderrLine: {'line': b'                 from \x1b[01m\x1b[K/opt/ros/humble/include/rclcpp/rclcpp/callback_group.hpp:24\x1b[m\x1b[K,\n'}
[1.333498] (cpp02_service) StderrLine: {'line': b'                 from \x1b[01m\x1b[K/opt/ros/humble/include/rclcpp/rclcpp/any_executable.hpp:20\x1b[m\x1b[K,\n'}
[1.333513] (cpp02_service) StderrLine: {'line': b'                 from \x1b[01m\x1b[K/opt/ros/humble/include/rclcpp/rclcpp/memory_strategy.hpp:25\x1b[m\x1b[K,\n'}
[1.333528] (cpp02_service) StderrLine: {'line': b'                 from \x1b[01m\x1b[K/opt/ros/humble/include/rclcpp/rclcpp/memory_strategies.hpp:18\x1b[m\x1b[K,\n'}
[1.333544] (cpp02_service) StderrLine: {'line': b'                 from \x1b[01m\x1b[K/opt/ros/humble/include/rclcpp/rclcpp/executor_options.hpp:20\x1b[m\x1b[K,\n'}
[1.333559] (cpp02_service) StderrLine: {'line': b'                 from \x1b[01m\x1b[K/opt/ros/humble/include/rclcpp/rclcpp/executor.hpp:37\x1b[m\x1b[K,\n'}
[1.333575] (cpp02_service) StderrLine: {'line': b'                 from \x1b[01m\x1b[K/opt/ros/humble/include/rclcpp/rclcpp/executors/multi_threaded_executor.hpp:25\x1b[m\x1b[K,\n'}
[1.333592] (cpp02_service) StderrLine: {'line': b'                 from \x1b[01m\x1b[K/opt/ros/humble/include/rclcpp/rclcpp/executors.hpp:21\x1b[m\x1b[K,\n'}
[1.333608] (cpp02_service) StderrLine: {'line': b'                 from \x1b[01m\x1b[K/opt/ros/humble/include/rclcpp/rclcpp/rclcpp.hpp:155\x1b[m\x1b[K,\n'}
[1.333623] (cpp02_service) StderrLine: {'line': b'                 from \x1b[01m\x1b[K/home/jon/ws01/src/cpp02_service/src/demo02_client.cpp:17\x1b[m\x1b[K:\n'}
[1.333638] (cpp02_service) StderrLine: {'line': b'\x1b[01m\x1b[K/home/jon/ws01/src/cpp02_service/src/demo02_client.cpp:58:37:\x1b[m\x1b[K \x1b[01;31m\x1b[Kerror: \x1b[m\x1b[Ktoo few arguments to function \xe2\x80\x98\x1b[01m\x1b[Krclcpp::Logger rclcpp::get_logger(const string&)\x1b[m\x1b[K\xe2\x80\x99\n'}
[1.333654] (cpp02_service) StderrLine: {'line': b'   58 |       RCLCPP_INFO(\x1b[01;31m\x1b[Krclcpp::get_logger()\x1b[m\x1b[K, "\xe6\x9c\x8d\xe5\x8a\xa1\xe5\x99\xa8\xe8\xbf\x9e\xe6\x8e\xa5\xe4\xb8\xad...");\n'}
[1.333670] (cpp02_service) StderrLine: {'line': b'      |                   \x1b[01;31m\x1b[K~~~~~~~~~~~~~~~~~~^~\x1b[m\x1b[K\n'}
[1.333686] (cpp02_service) StderrLine: {'line': b'In file included from \x1b[01m\x1b[K/opt/ros/humble/include/rclcpp/rclcpp/logging.hpp:23\x1b[m\x1b[K,\n'}
[1.333701] (cpp02_service) StderrLine: {'line': b'                 from \x1b[01m\x1b[K/opt/ros/humble/include/rclcpp/rclcpp/client.hpp:40\x1b[m\x1b[K,\n'}
[1.333717] (cpp02_service) StderrLine: {'line': b'                 from \x1b[01m\x1b[K/opt/ros/humble/include/rclcpp/rclcpp/callback_group.hpp:24\x1b[m\x1b[K,\n'}
[1.333732] (cpp02_service) StderrLine: {'line': b'                 from \x1b[01m\x1b[K/opt/ros/humble/include/rclcpp/rclcpp/any_executable.hpp:20\x1b[m\x1b[K,\n'}
[1.333747] (cpp02_service) StderrLine: {'line': b'                 from \x1b[01m\x1b[K/opt/ros/humble/include/rclcpp/rclcpp/memory_strategy.hpp:25\x1b[m\x1b[K,\n'}
[1.333763] (cpp02_service) StderrLine: {'line': b'                 from \x1b[01m\x1b[K/opt/ros/humble/include/rclcpp/rclcpp/memory_strategies.hpp:18\x1b[m\x1b[K,\n'}
[1.333778] (cpp02_service) StderrLine: {'line': b'                 from \x1b[01m\x1b[K/opt/ros/humble/include/rclcpp/rclcpp/executor_options.hpp:20\x1b[m\x1b[K,\n'}
[1.333794] (cpp02_service) StderrLine: {'line': b'                 from \x1b[01m\x1b[K/opt/ros/humble/include/rclcpp/rclcpp/executor.hpp:37\x1b[m\x1b[K,\n'}
[1.333811] (cpp02_service) StderrLine: {'line': b'                 from \x1b[01m\x1b[K/opt/ros/humble/include/rclcpp/rclcpp/executors/multi_threaded_executor.hpp:25\x1b[m\x1b[K,\n'}
[1.333826] (cpp02_service) StderrLine: {'line': b'                 from \x1b[01m\x1b[K/opt/ros/humble/include/rclcpp/rclcpp/executors.hpp:21\x1b[m\x1b[K,\n'}
[1.333842] (cpp02_service) StderrLine: {'line': b'                 from \x1b[01m\x1b[K/opt/ros/humble/include/rclcpp/rclcpp/rclcpp.hpp:155\x1b[m\x1b[K,\n'}
[1.333858] (cpp02_service) StderrLine: {'line': b'                 from \x1b[01m\x1b[K/home/jon/ws01/src/cpp02_service/src/demo02_client.cpp:17\x1b[m\x1b[K:\n'}
[1.333873] (cpp02_service) StderrLine: {'line': b'\x1b[01m\x1b[K/opt/ros/humble/include/rclcpp/rclcpp/logger.hpp:106:17:\x1b[m\x1b[K \x1b[01;36m\x1b[Knote: \x1b[m\x1b[Kdeclared here\n'}
[1.333888] (cpp02_service) StderrLine: {'line': b'  106 |   friend Logger \x1b[01;36m\x1b[Krclcpp\x1b[m\x1b[K::get_logger(const std::string & name);\n'}
[1.333903] (cpp02_service) StderrLine: {'line': b'      |                 \x1b[01;36m\x1b[K^~~~~~\x1b[m\x1b[K\n'}
[1.333919] (cpp02_service) StderrLine: {'line': b'In file included from \x1b[01m\x1b[K/opt/ros/humble/include/rclcpp/rclcpp/client.hpp:40\x1b[m\x1b[K,\n'}
[1.333934] (cpp02_service) StderrLine: {'line': b'                 from \x1b[01m\x1b[K/opt/ros/humble/include/rclcpp/rclcpp/callback_group.hpp:24\x1b[m\x1b[K,\n'}
[1.333949] (cpp02_service) StderrLine: {'line': b'                 from \x1b[01m\x1b[K/opt/ros/humble/include/rclcpp/rclcpp/any_executable.hpp:20\x1b[m\x1b[K,\n'}
[1.333964] (cpp02_service) StderrLine: {'line': b'                 from \x1b[01m\x1b[K/opt/ros/humble/include/rclcpp/rclcpp/memory_strategy.hpp:25\x1b[m\x1b[K,\n'}
[1.333981] (cpp02_service) StderrLine: {'line': b'                 from \x1b[01m\x1b[K/opt/ros/humble/include/rclcpp/rclcpp/memory_strategies.hpp:18\x1b[m\x1b[K,\n'}
[1.333999] (cpp02_service) StderrLine: {'line': b'                 from \x1b[01m\x1b[K/opt/ros/humble/include/rclcpp/rclcpp/executor_options.hpp:20\x1b[m\x1b[K,\n'}
[1.334017] (cpp02_service) StderrLine: {'line': b'                 from \x1b[01m\x1b[K/opt/ros/humble/include/rclcpp/rclcpp/executor.hpp:37\x1b[m\x1b[K,\n'}
[1.334033] (cpp02_service) StderrLine: {'line': b'                 from \x1b[01m\x1b[K/opt/ros/humble/include/rclcpp/rclcpp/executors/multi_threaded_executor.hpp:25\x1b[m\x1b[K,\n'}
[1.334052] (cpp02_service) StderrLine: {'line': b'                 from \x1b[01m\x1b[K/opt/ros/humble/include/rclcpp/rclcpp/executors.hpp:21\x1b[m\x1b[K,\n'}
[1.334070] (cpp02_service) StderrLine: {'line': b'                 from \x1b[01m\x1b[K/opt/ros/humble/include/rclcpp/rclcpp/rclcpp.hpp:155\x1b[m\x1b[K,\n'}
[1.334086] (cpp02_service) StderrLine: {'line': b'                 from \x1b[01m\x1b[K/home/jon/ws01/src/cpp02_service/src/demo02_client.cpp:17\x1b[m\x1b[K:\n'}
[1.334104] (cpp02_service) StderrLine: {'line': b'\x1b[01m\x1b[K/home/jon/ws01/src/cpp02_service/src/demo02_client.cpp:58:7:\x1b[m\x1b[K \x1b[01;31m\x1b[Kerror: \x1b[m\x1b[Ktemplate argument 1 is invalid\n'}
[1.334122] (cpp02_service) StderrLine: {'line': b'   58 |       \x1b[01;31m\x1b[KRCLCPP_INFO\x1b[m\x1b[K(rclcpp::get_logger(), "\xe6\x9c\x8d\xe5\x8a\xa1\xe5\x99\xa8\xe8\xbf\x9e\xe6\x8e\xa5\xe4\xb8\xad...");\n'}
[1.334138] (cpp02_service) StderrLine: {'line': b'      |       \x1b[01;31m\x1b[K^~~~~~~~~~~\x1b[m\x1b[K\n'}
[1.334154] (cpp02_service) StderrLine: {'line': b'In file included from \x1b[01m\x1b[K/opt/ros/humble/include/rclcpp/rclcpp/logging.hpp:24\x1b[m\x1b[K,\n'}
[1.334170] (cpp02_service) StderrLine: {'line': b'                 from \x1b[01m\x1b[K/opt/ros/humble/include/rclcpp/rclcpp/client.hpp:40\x1b[m\x1b[K,\n'}
[1.334186] (cpp02_service) StderrLine: {'line': b'                 from \x1b[01m\x1b[K/opt/ros/humble/include/rclcpp/rclcpp/callback_group.hpp:24\x1b[m\x1b[K,\n'}
[1.334202] (cpp02_service) StderrLine: {'line': b'                 from \x1b[01m\x1b[K/opt/ros/humble/include/rclcpp/rclcpp/any_executable.hpp:20\x1b[m\x1b[K,\n'}
[1.334219] (cpp02_service) StderrLine: {'line': b'                 from \x1b[01m\x1b[K/opt/ros/humble/include/rclcpp/rclcpp/memory_strategy.hpp:25\x1b[m\x1b[K,\n'}
[1.334235] (cpp02_service) StderrLine: {'line': b'                 from \x1b[01m\x1b[K/opt/ros/humble/include/rclcpp/rclcpp/memory_strategies.hpp:18\x1b[m\x1b[K,\n'}
[1.334250] (cpp02_service) StderrLine: {'line': b'                 from \x1b[01m\x1b[K/opt/ros/humble/include/rclcpp/rclcpp/executor_options.hpp:20\x1b[m\x1b[K,\n'}
[1.334266] (cpp02_service) StderrLine: {'line': b'                 from \x1b[01m\x1b[K/opt/ros/humble/include/rclcpp/rclcpp/executor.hpp:37\x1b[m\x1b[K,\n'}
[1.334282] (cpp02_service) StderrLine: {'line': b'                 from \x1b[01m\x1b[K/opt/ros/humble/include/rclcpp/rclcpp/executors/multi_threaded_executor.hpp:25\x1b[m\x1b[K,\n'}
[1.334297] (cpp02_service) StderrLine: {'line': b'                 from \x1b[01m\x1b[K/opt/ros/humble/include/rclcpp/rclcpp/executors.hpp:21\x1b[m\x1b[K,\n'}
[1.334312] (cpp02_service) StderrLine: {'line': b'                 from \x1b[01m\x1b[K/opt/ros/humble/include/rclcpp/rclcpp/rclcpp.hpp:155\x1b[m\x1b[K,\n'}
[1.334328] (cpp02_service) StderrLine: {'line': b'                 from \x1b[01m\x1b[K/home/jon/ws01/src/cpp02_service/src/demo02_client.cpp:17\x1b[m\x1b[K:\n'}
[1.334345] (cpp02_service) StderrLine: {'line': b'\x1b[01m\x1b[K/home/jon/ws01/src/cpp02_service/src/demo02_client.cpp:58:37:\x1b[m\x1b[K \x1b[01;31m\x1b[Kerror: \x1b[m\x1b[Ktoo few arguments to function \xe2\x80\x98\x1b[01m\x1b[Krclcpp::Logger rclcpp::get_logger(const string&)\x1b[m\x1b[K\xe2\x80\x99\n'}
[1.334362] (cpp02_service) StderrLine: {'line': b'   58 |       RCLCPP_INFO(\x1b[01;31m\x1b[Krclcpp::get_logger()\x1b[m\x1b[K, "\xe6\x9c\x8d\xe5\x8a\xa1\xe5\x99\xa8\xe8\xbf\x9e\xe6\x8e\xa5\xe4\xb8\xad...");\n'}
[1.334379] (cpp02_service) StderrLine: {'line': b'      |                   \x1b[01;31m\x1b[K~~~~~~~~~~~~~~~~~~^~\x1b[m\x1b[K\n'}
[1.334395] (cpp02_service) StderrLine: {'line': b'In file included from \x1b[01m\x1b[K/opt/ros/humble/include/rclcpp/rclcpp/logging.hpp:23\x1b[m\x1b[K,\n'}
[1.334411] (cpp02_service) StderrLine: {'line': b'                 from \x1b[01m\x1b[K/opt/ros/humble/include/rclcpp/rclcpp/client.hpp:40\x1b[m\x1b[K,\n'}
[1.334427] (cpp02_service) StderrLine: {'line': b'                 from \x1b[01m\x1b[K/opt/ros/humble/include/rclcpp/rclcpp/callback_group.hpp:24\x1b[m\x1b[K,\n'}
[1.334443] (cpp02_service) StderrLine: {'line': b'                 from \x1b[01m\x1b[K/opt/ros/humble/include/rclcpp/rclcpp/any_executable.hpp:20\x1b[m\x1b[K,\n'}
[1.334459] (cpp02_service) StderrLine: {'line': b'                 from \x1b[01m\x1b[K/opt/ros/humble/include/rclcpp/rclcpp/memory_strategy.hpp:25\x1b[m\x1b[K,\n'}
[1.336425] (cpp02_service) StderrLine: {'line': b'                 from \x1b[01m\x1b[K/opt/ros/humble/include/rclcpp/rclcpp/memory_strategies.hpp:18\x1b[m\x1b[K,\n'}
[1.336453] (cpp02_service) StderrLine: {'line': b'                 from \x1b[01m\x1b[K/opt/ros/humble/include/rclcpp/rclcpp/executor_options.hpp:20\x1b[m\x1b[K,\n'}
[1.336475] (cpp02_service) StderrLine: {'line': b'                 from \x1b[01m\x1b[K/opt/ros/humble/include/rclcpp/rclcpp/executor.hpp:37\x1b[m\x1b[K,\n'}
[1.336494] (cpp02_service) StderrLine: {'line': b'                 from \x1b[01m\x1b[K/opt/ros/humble/include/rclcpp/rclcpp/executors/multi_threaded_executor.hpp:25\x1b[m\x1b[K,\n'}
[1.336512] (cpp02_service) StderrLine: {'line': b'                 from \x1b[01m\x1b[K/opt/ros/humble/include/rclcpp/rclcpp/executors.hpp:21\x1b[m\x1b[K,\n'}
[1.336529] (cpp02_service) StderrLine: {'line': b'                 from \x1b[01m\x1b[K/opt/ros/humble/include/rclcpp/rclcpp/rclcpp.hpp:155\x1b[m\x1b[K,\n'}
[1.336546] (cpp02_service) StderrLine: {'line': b'                 from \x1b[01m\x1b[K/home/jon/ws01/src/cpp02_service/src/demo02_client.cpp:17\x1b[m\x1b[K:\n'}
[1.336562] (cpp02_service) StderrLine: {'line': b'\x1b[01m\x1b[K/opt/ros/humble/include/rclcpp/rclcpp/logger.hpp:106:17:\x1b[m\x1b[K \x1b[01;36m\x1b[Knote: \x1b[m\x1b[Kdeclared here\n'}
[1.336581] (cpp02_service) StderrLine: {'line': b'  106 |   friend Logger \x1b[01;36m\x1b[Krclcpp\x1b[m\x1b[K::get_logger(const std::string & name);\n'}
[1.336597] (cpp02_service) StderrLine: {'line': b'      |                 \x1b[01;36m\x1b[K^~~~~~\x1b[m\x1b[K\n'}
[1.336613] (cpp02_service) StderrLine: {'line': b'In file included from \x1b[01m\x1b[K/opt/ros/humble/include/rclcpp/rclcpp/logging.hpp:24\x1b[m\x1b[K,\n'}
[1.336629] (cpp02_service) StderrLine: {'line': b'                 from \x1b[01m\x1b[K/opt/ros/humble/include/rclcpp/rclcpp/client.hpp:40\x1b[m\x1b[K,\n'}
[1.336645] (cpp02_service) StderrLine: {'line': b'                 from \x1b[01m\x1b[K/opt/ros/humble/include/rclcpp/rclcpp/callback_group.hpp:24\x1b[m\x1b[K,\n'}
[1.336660] (cpp02_service) StderrLine: {'line': b'                 from \x1b[01m\x1b[K/opt/ros/humble/include/rclcpp/rclcpp/any_executable.hpp:20\x1b[m\x1b[K,\n'}
[1.336676] (cpp02_service) StderrLine: {'line': b'                 from \x1b[01m\x1b[K/opt/ros/humble/include/rclcpp/rclcpp/memory_strategy.hpp:25\x1b[m\x1b[K,\n'}
[1.336691] (cpp02_service) StderrLine: {'line': b'                 from \x1b[01m\x1b[K/opt/ros/humble/include/rclcpp/rclcpp/memory_strategies.hpp:18\x1b[m\x1b[K,\n'}
[1.336707] (cpp02_service) StderrLine: {'line': b'                 from \x1b[01m\x1b[K/opt/ros/humble/include/rclcpp/rclcpp/executor_options.hpp:20\x1b[m\x1b[K,\n'}
[1.336722] (cpp02_service) StderrLine: {'line': b'                 from \x1b[01m\x1b[K/opt/ros/humble/include/rclcpp/rclcpp/executor.hpp:37\x1b[m\x1b[K,\n'}
[1.336737] (cpp02_service) StderrLine: {'line': b'                 from \x1b[01m\x1b[K/opt/ros/humble/include/rclcpp/rclcpp/executors/multi_threaded_executor.hpp:25\x1b[m\x1b[K,\n'}
[1.336754] (cpp02_service) StderrLine: {'line': b'                 from \x1b[01m\x1b[K/opt/ros/humble/include/rclcpp/rclcpp/executors.hpp:21\x1b[m\x1b[K,\n'}
[1.336770] (cpp02_service) StderrLine: {'line': b'                 from \x1b[01m\x1b[K/opt/ros/humble/include/rclcpp/rclcpp/rclcpp.hpp:155\x1b[m\x1b[K,\n'}
[1.336786] (cpp02_service) StderrLine: {'line': b'                 from \x1b[01m\x1b[K/home/jon/ws01/src/cpp02_service/src/demo02_client.cpp:17\x1b[m\x1b[K:\n'}
[1.336803] (cpp02_service) StderrLine: {'line': b'\x1b[01m\x1b[K/home/jon/ws01/src/cpp02_service/src/demo02_client.cpp:58:37:\x1b[m\x1b[K \x1b[01;31m\x1b[Kerror: \x1b[m\x1b[Ktoo few arguments to function \xe2\x80\x98\x1b[01m\x1b[Krclcpp::Logger rclcpp::get_logger(const string&)\x1b[m\x1b[K\xe2\x80\x99\n'}
[1.336819] (cpp02_service) StderrLine: {'line': b'   58 |       RCLCPP_INFO(\x1b[01;31m\x1b[Krclcpp::get_logger()\x1b[m\x1b[K, "\xe6\x9c\x8d\xe5\x8a\xa1\xe5\x99\xa8\xe8\xbf\x9e\xe6\x8e\xa5\xe4\xb8\xad...");\n'}
[1.336834] (cpp02_service) StderrLine: {'line': b'      |                   \x1b[01;31m\x1b[K~~~~~~~~~~~~~~~~~~^~\x1b[m\x1b[K\n'}
[1.336849] (cpp02_service) StderrLine: {'line': b'In file included from \x1b[01m\x1b[K/opt/ros/humble/include/rclcpp/rclcpp/logging.hpp:23\x1b[m\x1b[K,\n'}
[1.336864] (cpp02_service) StderrLine: {'line': b'                 from \x1b[01m\x1b[K/opt/ros/humble/include/rclcpp/rclcpp/client.hpp:40\x1b[m\x1b[K,\n'}
[1.336878] (cpp02_service) StderrLine: {'line': b'                 from \x1b[01m\x1b[K/opt/ros/humble/include/rclcpp/rclcpp/callback_group.hpp:24\x1b[m\x1b[K,\n'}
[1.336893] (cpp02_service) StderrLine: {'line': b'                 from \x1b[01m\x1b[K/opt/ros/humble/include/rclcpp/rclcpp/any_executable.hpp:20\x1b[m\x1b[K,\n'}
[1.336908] (cpp02_service) StderrLine: {'line': b'                 from \x1b[01m\x1b[K/opt/ros/humble/include/rclcpp/rclcpp/memory_strategy.hpp:25\x1b[m\x1b[K,\n'}
[1.336923] (cpp02_service) StderrLine: {'line': b'                 from \x1b[01m\x1b[K/opt/ros/humble/include/rclcpp/rclcpp/memory_strategies.hpp:18\x1b[m\x1b[K,\n'}
[1.336939] (cpp02_service) StderrLine: {'line': b'                 from \x1b[01m\x1b[K/opt/ros/humble/include/rclcpp/rclcpp/executor_options.hpp:20\x1b[m\x1b[K,\n'}
[1.336958] (cpp02_service) StderrLine: {'line': b'                 from \x1b[01m\x1b[K/opt/ros/humble/include/rclcpp/rclcpp/executor.hpp:37\x1b[m\x1b[K,\n'}
[1.336975] (cpp02_service) StderrLine: {'line': b'                 from \x1b[01m\x1b[K/opt/ros/humble/include/rclcpp/rclcpp/executors/multi_threaded_executor.hpp:25\x1b[m\x1b[K,\n'}
[1.336991] (cpp02_service) StderrLine: {'line': b'                 from \x1b[01m\x1b[K/opt/ros/humble/include/rclcpp/rclcpp/executors.hpp:21\x1b[m\x1b[K,\n'}
[1.337005] (cpp02_service) StderrLine: {'line': b'                 from \x1b[01m\x1b[K/opt/ros/humble/include/rclcpp/rclcpp/rclcpp.hpp:155\x1b[m\x1b[K,\n'}
[1.337020] (cpp02_service) StderrLine: {'line': b'                 from \x1b[01m\x1b[K/home/jon/ws01/src/cpp02_service/src/demo02_client.cpp:17\x1b[m\x1b[K:\n'}
[1.337035] (cpp02_service) StderrLine: {'line': b'\x1b[01m\x1b[K/opt/ros/humble/include/rclcpp/rclcpp/logger.hpp:106:17:\x1b[m\x1b[K \x1b[01;36m\x1b[Knote: \x1b[m\x1b[Kdeclared here\n'}
[1.337072] (cpp02_service) StderrLine: {'line': b'  106 |   friend Logger \x1b[01;36m\x1b[Krclcpp\x1b[m\x1b[K::get_logger(const std::string & name);\n'}
[1.337091] (cpp02_service) StderrLine: {'line': b'      |                 \x1b[01;36m\x1b[K^~~~~~\x1b[m\x1b[K\n'}
[1.337107] (cpp02_service) StderrLine: {'line': b'In file included from \x1b[01m\x1b[K/opt/ros/humble/include/rclcpp/rclcpp/client.hpp:40\x1b[m\x1b[K,\n'}
[1.337123] (cpp02_service) StderrLine: {'line': b'                 from \x1b[01m\x1b[K/opt/ros/humble/include/rclcpp/rclcpp/callback_group.hpp:24\x1b[m\x1b[K,\n'}
[1.337139] (cpp02_service) StderrLine: {'line': b'                 from \x1b[01m\x1b[K/opt/ros/humble/include/rclcpp/rclcpp/any_executable.hpp:20\x1b[m\x1b[K,\n'}
[1.337157] (cpp02_service) StderrLine: {'line': b'                 from \x1b[01m\x1b[K/opt/ros/humble/include/rclcpp/rclcpp/memory_strategy.hpp:25\x1b[m\x1b[K,\n'}
[1.337172] (cpp02_service) StderrLine: {'line': b'                 from \x1b[01m\x1b[K/opt/ros/humble/include/rclcpp/rclcpp/memory_strategies.hpp:18\x1b[m\x1b[K,\n'}
[1.337187] (cpp02_service) StderrLine: {'line': b'                 from \x1b[01m\x1b[K/opt/ros/humble/include/rclcpp/rclcpp/executor_options.hpp:20\x1b[m\x1b[K,\n'}
[1.337202] (cpp02_service) StderrLine: {'line': b'                 from \x1b[01m\x1b[K/opt/ros/humble/include/rclcpp/rclcpp/executor.hpp:37\x1b[m\x1b[K,\n'}
[1.337217] (cpp02_service) StderrLine: {'line': b'                 from \x1b[01m\x1b[K/opt/ros/humble/include/rclcpp/rclcpp/executors/multi_threaded_executor.hpp:25\x1b[m\x1b[K,\n'}
[1.337232] (cpp02_service) StderrLine: {'line': b'                 from \x1b[01m\x1b[K/opt/ros/humble/include/rclcpp/rclcpp/executors.hpp:21\x1b[m\x1b[K,\n'}
[1.337247] (cpp02_service) StderrLine: {'line': b'                 from \x1b[01m\x1b[K/opt/ros/humble/include/rclcpp/rclcpp/rclcpp.hpp:155\x1b[m\x1b[K,\n'}
[1.337261] (cpp02_service) StderrLine: {'line': b'                 from \x1b[01m\x1b[K/home/jon/ws01/src/cpp02_service/src/demo02_client.cpp:17\x1b[m\x1b[K:\n'}
[1.337276] (cpp02_service) StderrLine: {'line': b'\x1b[01m\x1b[K/home/jon/ws01/src/cpp02_service/src/demo02_client.cpp:\x1b[m\x1b[K In function \xe2\x80\x98\x1b[01m\x1b[Kint main(int, char**)\x1b[m\x1b[K\xe2\x80\x99:\n'}
[1.337292] (cpp02_service) StderrLine: {'line': b'\x1b[01m\x1b[K/home/jon/ws01/src/cpp02_service/src/demo02_client.cpp:84:36:\x1b[m\x1b[K \x1b[01;31m\x1b[Kerror: \x1b[m\x1b[Ktoo few arguments to function \xe2\x80\x98\x1b[01m\x1b[Krclcpp::Logger rclcpp::get_logger(const string&)\x1b[m\x1b[K\xe2\x80\x99\n'}
[1.337308] (cpp02_service) StderrLine: {'line': b'   84 |     RCLCPP_ERROR(\x1b[01;31m\x1b[Krclcpp::get_logger()\x1b[m\x1b[K, "\xe8\xbf\x9e\xe6\x8e\xa5\xe6\x9c\x8d\xe5\x8a\xa1\xe5\x99\xa8\xe5\xa4\xb1\xe8\xb4\xa5\xef\xbc\x81client\xe8\x8a\x82\xe7\x82\xb9\xe9\x80\x80\xe5\x87\xba\xef\xbc\x81");\n'}
[1.337325] (cpp02_service) StderrLine: {'line': b'      |                  \x1b[01;31m\x1b[K~~~~~~~~~~~~~~~~~~^~\x1b[m\x1b[K\n'}
[1.337340] (cpp02_service) StderrLine: {'line': b'In file included from \x1b[01m\x1b[K/opt/ros/humble/include/rclcpp/rclcpp/logging.hpp:23\x1b[m\x1b[K,\n'}
[1.337357] (cpp02_service) StderrLine: {'line': b'                 from \x1b[01m\x1b[K/opt/ros/humble/include/rclcpp/rclcpp/client.hpp:40\x1b[m\x1b[K,\n'}
[1.337372] (cpp02_service) StderrLine: {'line': b'                 from \x1b[01m\x1b[K/opt/ros/humble/include/rclcpp/rclcpp/callback_group.hpp:24\x1b[m\x1b[K,\n'}
[1.337387] (cpp02_service) StderrLine: {'line': b'                 from \x1b[01m\x1b[K/opt/ros/humble/include/rclcpp/rclcpp/any_executable.hpp:20\x1b[m\x1b[K,\n'}
[1.337402] (cpp02_service) StderrLine: {'line': b'                 from \x1b[01m\x1b[K/opt/ros/humble/include/rclcpp/rclcpp/memory_strategy.hpp:25\x1b[m\x1b[K,\n'}
[1.337419] (cpp02_service) StderrLine: {'line': b'                 from \x1b[01m\x1b[K/opt/ros/humble/include/rclcpp/rclcpp/memory_strategies.hpp:18\x1b[m\x1b[K,\n'}
[1.337435] (cpp02_service) StderrLine: {'line': b'                 from \x1b[01m\x1b[K/opt/ros/humble/include/rclcpp/rclcpp/executor_options.hpp:20\x1b[m\x1b[K,\n'}
[1.337451] (cpp02_service) StderrLine: {'line': b'                 from \x1b[01m\x1b[K/opt/ros/humble/include/rclcpp/rclcpp/executor.hpp:37\x1b[m\x1b[K,\n'}
[1.337472] (cpp02_service) StderrLine: {'line': b'                 from \x1b[01m\x1b[K/opt/ros/humble/include/rclcpp/rclcpp/executors/multi_threaded_executor.hpp:25\x1b[m\x1b[K,\n'}
[1.337489] (cpp02_service) StderrLine: {'line': b'                 from \x1b[01m\x1b[K/opt/ros/humble/include/rclcpp/rclcpp/executors.hpp:21\x1b[m\x1b[K,\n'}
[1.337504] (cpp02_service) StderrLine: {'line': b'                 from \x1b[01m\x1b[K/opt/ros/humble/include/rclcpp/rclcpp/rclcpp.hpp:155\x1b[m\x1b[K,\n'}
[1.337518] (cpp02_service) StderrLine: {'line': b'                 from \x1b[01m\x1b[K/home/jon/ws01/src/cpp02_service/src/demo02_client.cpp:17\x1b[m\x1b[K:\n'}
[1.337533] (cpp02_service) StderrLine: {'line': b'\x1b[01m\x1b[K/opt/ros/humble/include/rclcpp/rclcpp/logger.hpp:106:17:\x1b[m\x1b[K \x1b[01;36m\x1b[Knote: \x1b[m\x1b[Kdeclared here\n'}
[1.337548] (cpp02_service) StderrLine: {'line': b'  106 |   friend Logger \x1b[01;36m\x1b[Krclcpp\x1b[m\x1b[K::get_logger(const std::string & name);\n'}
[1.337563] (cpp02_service) StderrLine: {'line': b'      |                 \x1b[01;36m\x1b[K^~~~~~\x1b[m\x1b[K\n'}
[1.337578] (cpp02_service) StderrLine: {'line': b'In file included from \x1b[01m\x1b[K/opt/ros/humble/include/rclcpp/rclcpp/client.hpp:40\x1b[m\x1b[K,\n'}
[1.337592] (cpp02_service) StderrLine: {'line': b'                 from \x1b[01m\x1b[K/opt/ros/humble/include/rclcpp/rclcpp/callback_group.hpp:24\x1b[m\x1b[K,\n'}
[1.337607] (cpp02_service) StderrLine: {'line': b'                 from \x1b[01m\x1b[K/opt/ros/humble/include/rclcpp/rclcpp/any_executable.hpp:20\x1b[m\x1b[K,\n'}
[1.337623] (cpp02_service) StderrLine: {'line': b'                 from \x1b[01m\x1b[K/opt/ros/humble/include/rclcpp/rclcpp/memory_strategy.hpp:25\x1b[m\x1b[K,\n'}
[1.337638] (cpp02_service) StderrLine: {'line': b'                 from \x1b[01m\x1b[K/opt/ros/humble/include/rclcpp/rclcpp/memory_strategies.hpp:18\x1b[m\x1b[K,\n'}
[1.337653] (cpp02_service) StderrLine: {'line': b'                 from \x1b[01m\x1b[K/opt/ros/humble/include/rclcpp/rclcpp/executor_options.hpp:20\x1b[m\x1b[K,\n'}
[1.337668] (cpp02_service) StderrLine: {'line': b'                 from \x1b[01m\x1b[K/opt/ros/humble/include/rclcpp/rclcpp/executor.hpp:37\x1b[m\x1b[K,\n'}
[1.337682] (cpp02_service) StderrLine: {'line': b'                 from \x1b[01m\x1b[K/opt/ros/humble/include/rclcpp/rclcpp/executors/multi_threaded_executor.hpp:25\x1b[m\x1b[K,\n'}
[1.337697] (cpp02_service) StderrLine: {'line': b'                 from \x1b[01m\x1b[K/opt/ros/humble/include/rclcpp/rclcpp/executors.hpp:21\x1b[m\x1b[K,\n'}
[1.337712] (cpp02_service) StderrLine: {'line': b'                 from \x1b[01m\x1b[K/opt/ros/humble/include/rclcpp/rclcpp/rclcpp.hpp:155\x1b[m\x1b[K,\n'}
[1.337727] (cpp02_service) StderrLine: {'line': b'                 from \x1b[01m\x1b[K/home/jon/ws01/src/cpp02_service/src/demo02_client.cpp:17\x1b[m\x1b[K:\n'}
[1.337743] (cpp02_service) StderrLine: {'line': b'\x1b[01m\x1b[K/home/jon/ws01/src/cpp02_service/src/demo02_client.cpp:84:36:\x1b[m\x1b[K \x1b[01;31m\x1b[Kerror: \x1b[m\x1b[Ktoo few arguments to function \xe2\x80\x98\x1b[01m\x1b[Krclcpp::Logger rclcpp::get_logger(const string&)\x1b[m\x1b[K\xe2\x80\x99\n'}
[1.337758] (cpp02_service) StderrLine: {'line': b'   84 |     RCLCPP_ERROR(\x1b[01;31m\x1b[Krclcpp::get_logger()\x1b[m\x1b[K, "\xe8\xbf\x9e\xe6\x8e\xa5\xe6\x9c\x8d\xe5\x8a\xa1\xe5\x99\xa8\xe5\xa4\xb1\xe8\xb4\xa5\xef\xbc\x81client\xe8\x8a\x82\xe7\x82\xb9\xe9\x80\x80\xe5\x87\xba\xef\xbc\x81");\n'}
[1.337774] (cpp02_service) StderrLine: {'line': b'      |                  \x1b[01;31m\x1b[K~~~~~~~~~~~~~~~~~~^~\x1b[m\x1b[K\n'}
[1.337789] (cpp02_service) StderrLine: {'line': b'In file included from \x1b[01m\x1b[K/opt/ros/humble/include/rclcpp/rclcpp/logging.hpp:23\x1b[m\x1b[K,\n'}
[1.337804] (cpp02_service) StderrLine: {'line': b'                 from \x1b[01m\x1b[K/opt/ros/humble/include/rclcpp/rclcpp/client.hpp:40\x1b[m\x1b[K,\n'}
[1.337819] (cpp02_service) StderrLine: {'line': b'                 from \x1b[01m\x1b[K/opt/ros/humble/include/rclcpp/rclcpp/callback_group.hpp:24\x1b[m\x1b[K,\n'}
[1.337835] (cpp02_service) StderrLine: {'line': b'                 from \x1b[01m\x1b[K/opt/ros/humble/include/rclcpp/rclcpp/any_executable.hpp:20\x1b[m\x1b[K,\n'}
[1.337850] (cpp02_service) StderrLine: {'line': b'                 from \x1b[01m\x1b[K/opt/ros/humble/include/rclcpp/rclcpp/memory_strategy.hpp:25\x1b[m\x1b[K,\n'}
[1.337865] (cpp02_service) StderrLine: {'line': b'                 from \x1b[01m\x1b[K/opt/ros/humble/include/rclcpp/rclcpp/memory_strategies.hpp:18\x1b[m\x1b[K,\n'}
[1.337879] (cpp02_service) StderrLine: {'line': b'                 from \x1b[01m\x1b[K/opt/ros/humble/include/rclcpp/rclcpp/executor_options.hpp:20\x1b[m\x1b[K,\n'}
[1.337894] (cpp02_service) StderrLine: {'line': b'                 from \x1b[01m\x1b[K/opt/ros/humble/include/rclcpp/rclcpp/executor.hpp:37\x1b[m\x1b[K,\n'}
[1.337908] (cpp02_service) StderrLine: {'line': b'                 from \x1b[01m\x1b[K/opt/ros/humble/include/rclcpp/rclcpp/executors/multi_threaded_executor.hpp:25\x1b[m\x1b[K,\n'}
[1.337923] (cpp02_service) StderrLine: {'line': b'                 from \x1b[01m\x1b[K/opt/ros/humble/include/rclcpp/rclcpp/executors.hpp:21\x1b[m\x1b[K,\n'}
[1.337938] (cpp02_service) StderrLine: {'line': b'                 from \x1b[01m\x1b[K/opt/ros/humble/include/rclcpp/rclcpp/rclcpp.hpp:155\x1b[m\x1b[K,\n'}
[1.337952] (cpp02_service) StderrLine: {'line': b'                 from \x1b[01m\x1b[K/home/jon/ws01/src/cpp02_service/src/demo02_client.cpp:17\x1b[m\x1b[K:\n'}
[1.337967] (cpp02_service) StderrLine: {'line': b'\x1b[01m\x1b[K/opt/ros/humble/include/rclcpp/rclcpp/logger.hpp:106:17:\x1b[m\x1b[K \x1b[01;36m\x1b[Knote: \x1b[m\x1b[Kdeclared here\n'}
[1.337982] (cpp02_service) StderrLine: {'line': b'  106 |   friend Logger \x1b[01;36m\x1b[Krclcpp\x1b[m\x1b[K::get_logger(const std::string & name);\n'}
[1.337999] (cpp02_service) StderrLine: {'line': b'      |                 \x1b[01;36m\x1b[K^~~~~~\x1b[m\x1b[K\n'}
[1.338017] (cpp02_service) StderrLine: {'line': b'In file included from \x1b[01m\x1b[K/opt/ros/humble/include/rclcpp/rclcpp/client.hpp:40\x1b[m\x1b[K,\n'}
[1.338034] (cpp02_service) StderrLine: {'line': b'                 from \x1b[01m\x1b[K/opt/ros/humble/include/rclcpp/rclcpp/callback_group.hpp:24\x1b[m\x1b[K,\n'}
[1.338049] (cpp02_service) StderrLine: {'line': b'                 from \x1b[01m\x1b[K/opt/ros/humble/include/rclcpp/rclcpp/any_executable.hpp:20\x1b[m\x1b[K,\n'}
[1.338064] (cpp02_service) StderrLine: {'line': b'                 from \x1b[01m\x1b[K/opt/ros/humble/include/rclcpp/rclcpp/memory_strategy.hpp:25\x1b[m\x1b[K,\n'}
[1.338081] (cpp02_service) StderrLine: {'line': b'                 from \x1b[01m\x1b[K/opt/ros/humble/include/rclcpp/rclcpp/memory_strategies.hpp:18\x1b[m\x1b[K,\n'}
[1.338096] (cpp02_service) StderrLine: {'line': b'                 from \x1b[01m\x1b[K/opt/ros/humble/include/rclcpp/rclcpp/executor_options.hpp:20\x1b[m\x1b[K,\n'}
[1.338114] (cpp02_service) StderrLine: {'line': b'                 from \x1b[01m\x1b[K/opt/ros/humble/include/rclcpp/rclcpp/executor.hpp:37\x1b[m\x1b[K,\n'}
[1.338129] (cpp02_service) StderrLine: {'line': b'                 from \x1b[01m\x1b[K/opt/ros/humble/include/rclcpp/rclcpp/executors/multi_threaded_executor.hpp:25\x1b[m\x1b[K,\n'}
[1.338144] (cpp02_service) StderrLine: {'line': b'                 from \x1b[01m\x1b[K/opt/ros/humble/include/rclcpp/rclcpp/executors.hpp:21\x1b[m\x1b[K,\n'}
[1.338159] (cpp02_service) StderrLine: {'line': b'                 from \x1b[01m\x1b[K/opt/ros/humble/include/rclcpp/rclcpp/rclcpp.hpp:155\x1b[m\x1b[K,\n'}
[1.338174] (cpp02_service) StderrLine: {'line': b'                 from \x1b[01m\x1b[K/home/jon/ws01/src/cpp02_service/src/demo02_client.cpp:17\x1b[m\x1b[K:\n'}
[1.338188] (cpp02_service) StderrLine: {'line': b'\x1b[01m\x1b[K/home/jon/ws01/src/cpp02_service/src/demo02_client.cpp:84:5:\x1b[m\x1b[K \x1b[01;31m\x1b[Kerror: \x1b[m\x1b[Ktemplate argument 1 is invalid\n'}
[1.338203] (cpp02_service) StderrLine: {'line': b'   84 |     \x1b[01;31m\x1b[KRCLCPP_ERROR\x1b[m\x1b[K(rclcpp::get_logger(), "\xe8\xbf\x9e\xe6\x8e\xa5\xe6\x9c\x8d\xe5\x8a\xa1\xe5\x99\xa8\xe5\xa4\xb1\xe8\xb4\xa5\xef\xbc\x81client\xe8\x8a\x82\xe7\x82\xb9\xe9\x80\x80\xe5\x87\xba\xef\xbc\x81");\n'}
[1.338218] (cpp02_service) StderrLine: {'line': b'      |     \x1b[01;31m\x1b[K^~~~~~~~~~~~\x1b[m\x1b[K\n'}
[1.338233] (cpp02_service) StderrLine: {'line': b'In file included from \x1b[01m\x1b[K/opt/ros/humble/include/rclcpp/rclcpp/logging.hpp:24\x1b[m\x1b[K,\n'}
[1.338247] (cpp02_service) StderrLine: {'line': b'                 from \x1b[01m\x1b[K/opt/ros/humble/include/rclcpp/rclcpp/client.hpp:40\x1b[m\x1b[K,\n'}
[1.338262] (cpp02_service) StderrLine: {'line': b'                 from \x1b[01m\x1b[K/opt/ros/humble/include/rclcpp/rclcpp/callback_group.hpp:24\x1b[m\x1b[K,\n'}
[1.338277] (cpp02_service) StderrLine: {'line': b'                 from \x1b[01m\x1b[K/opt/ros/humble/include/rclcpp/rclcpp/any_executable.hpp:20\x1b[m\x1b[K,\n'}
[1.338292] (cpp02_service) StderrLine: {'line': b'                 from \x1b[01m\x1b[K/opt/ros/humble/include/rclcpp/rclcpp/memory_strategy.hpp:25\x1b[m\x1b[K,\n'}
[1.338307] (cpp02_service) StderrLine: {'line': b'                 from \x1b[01m\x1b[K/opt/ros/humble/include/rclcpp/rclcpp/memory_strategies.hpp:18\x1b[m\x1b[K,\n'}
[1.338322] (cpp02_service) StderrLine: {'line': b'                 from \x1b[01m\x1b[K/opt/ros/humble/include/rclcpp/rclcpp/executor_options.hpp:20\x1b[m\x1b[K,\n'}
[1.338337] (cpp02_service) StderrLine: {'line': b'                 from \x1b[01m\x1b[K/opt/ros/humble/include/rclcpp/rclcpp/executor.hpp:37\x1b[m\x1b[K,\n'}
[1.338352] (cpp02_service) StderrLine: {'line': b'                 from \x1b[01m\x1b[K/opt/ros/humble/include/rclcpp/rclcpp/executors/multi_threaded_executor.hpp:25\x1b[m\x1b[K,\n'}
[1.338367] (cpp02_service) StderrLine: {'line': b'                 from \x1b[01m\x1b[K/opt/ros/humble/include/rclcpp/rclcpp/executors.hpp:21\x1b[m\x1b[K,\n'}
[1.338381] (cpp02_service) StderrLine: {'line': b'                 from \x1b[01m\x1b[K/opt/ros/humble/include/rclcpp/rclcpp/rclcpp.hpp:155\x1b[m\x1b[K,\n'}
[1.338396] (cpp02_service) StderrLine: {'line': b'                 from \x1b[01m\x1b[K/home/jon/ws01/src/cpp02_service/src/demo02_client.cpp:17\x1b[m\x1b[K:\n'}
[1.338411] (cpp02_service) StderrLine: {'line': b'\x1b[01m\x1b[K/home/jon/ws01/src/cpp02_service/src/demo02_client.cpp:84:36:\x1b[m\x1b[K \x1b[01;31m\x1b[Kerror: \x1b[m\x1b[Ktoo few arguments to function \xe2\x80\x98\x1b[01m\x1b[Krclcpp::Logger rclcpp::get_logger(const string&)\x1b[m\x1b[K\xe2\x80\x99\n'}
[1.338427] (cpp02_service) StderrLine: {'line': b'   84 |     RCLCPP_ERROR(\x1b[01;31m\x1b[Krclcpp::get_logger()\x1b[m\x1b[K, "\xe8\xbf\x9e\xe6\x8e\xa5\xe6\x9c\x8d\xe5\x8a\xa1\xe5\x99\xa8\xe5\xa4\xb1\xe8\xb4\xa5\xef\xbc\x81client\xe8\x8a\x82\xe7\x82\xb9\xe9\x80\x80\xe5\x87\xba\xef\xbc\x81");\n'}
[1.338442] (cpp02_service) StderrLine: {'line': b'      |                  \x1b[01;31m\x1b[K~~~~~~~~~~~~~~~~~~^~\x1b[m\x1b[K\n'}
[1.338460] (cpp02_service) StderrLine: {'line': b'In file included from \x1b[01m\x1b[K/opt/ros/humble/include/rclcpp/rclcpp/logging.hpp:23\x1b[m\x1b[K,\n'}
[1.338480] (cpp02_service) StderrLine: {'line': b'                 from \x1b[01m\x1b[K/opt/ros/humble/include/rclcpp/rclcpp/client.hpp:40\x1b[m\x1b[K,\n'}
[1.338497] (cpp02_service) StderrLine: {'line': b'                 from \x1b[01m\x1b[K/opt/ros/humble/include/rclcpp/rclcpp/callback_group.hpp:24\x1b[m\x1b[K,\n'}
[1.338513] (cpp02_service) StderrLine: {'line': b'                 from \x1b[01m\x1b[K/opt/ros/humble/include/rclcpp/rclcpp/any_executable.hpp:20\x1b[m\x1b[K,\n'}
[1.338528] (cpp02_service) StderrLine: {'line': b'                 from \x1b[01m\x1b[K/opt/ros/humble/include/rclcpp/rclcpp/memory_strategy.hpp:25\x1b[m\x1b[K,\n'}
[1.338544] (cpp02_service) StderrLine: {'line': b'                 from \x1b[01m\x1b[K/opt/ros/humble/include/rclcpp/rclcpp/memory_strategies.hpp:18\x1b[m\x1b[K,\n'}
[1.338560] (cpp02_service) StderrLine: {'line': b'                 from \x1b[01m\x1b[K/opt/ros/humble/include/rclcpp/rclcpp/executor_options.hpp:20\x1b[m\x1b[K,\n'}
[1.338575] (cpp02_service) StderrLine: {'line': b'                 from \x1b[01m\x1b[K/opt/ros/humble/include/rclcpp/rclcpp/executor.hpp:37\x1b[m\x1b[K,\n'}
[1.338591] (cpp02_service) StderrLine: {'line': b'                 from \x1b[01m\x1b[K/opt/ros/humble/include/rclcpp/rclcpp/executors/multi_threaded_executor.hpp:25\x1b[m\x1b[K,\n'}
[1.338608] (cpp02_service) StderrLine: {'line': b'                 from \x1b[01m\x1b[K/opt/ros/humble/include/rclcpp/rclcpp/executors.hpp:21\x1b[m\x1b[K,\n'}
[1.338624] (cpp02_service) StderrLine: {'line': b'                 from \x1b[01m\x1b[K/opt/ros/humble/include/rclcpp/rclcpp/rclcpp.hpp:155\x1b[m\x1b[K,\n'}
[1.338639] (cpp02_service) StderrLine: {'line': b'                 from \x1b[01m\x1b[K/home/jon/ws01/src/cpp02_service/src/demo02_client.cpp:17\x1b[m\x1b[K:\n'}
[1.338654] (cpp02_service) StderrLine: {'line': b'\x1b[01m\x1b[K/opt/ros/humble/include/rclcpp/rclcpp/logger.hpp:106:17:\x1b[m\x1b[K \x1b[01;36m\x1b[Knote: \x1b[m\x1b[Kdeclared here\n'}
[1.338669] (cpp02_service) StderrLine: {'line': b'  106 |   friend Logger \x1b[01;36m\x1b[Krclcpp\x1b[m\x1b[K::get_logger(const std::string & name);\n'}
[1.338686] (cpp02_service) StderrLine: {'line': b'      |                 \x1b[01;36m\x1b[K^~~~~~\x1b[m\x1b[K\n'}
[1.338702] (cpp02_service) StderrLine: {'line': b'In file included from \x1b[01m\x1b[K/opt/ros/humble/include/rclcpp/rclcpp/logging.hpp:24\x1b[m\x1b[K,\n'}
[1.338717] (cpp02_service) StderrLine: {'line': b'                 from \x1b[01m\x1b[K/opt/ros/humble/include/rclcpp/rclcpp/client.hpp:40\x1b[m\x1b[K,\n'}
[1.338734] (cpp02_service) StderrLine: {'line': b'                 from \x1b[01m\x1b[K/opt/ros/humble/include/rclcpp/rclcpp/callback_group.hpp:24\x1b[m\x1b[K,\n'}
[1.338749] (cpp02_service) StderrLine: {'line': b'                 from \x1b[01m\x1b[K/opt/ros/humble/include/rclcpp/rclcpp/any_executable.hpp:20\x1b[m\x1b[K,\n'}
[1.338766] (cpp02_service) StderrLine: {'line': b'                 from \x1b[01m\x1b[K/opt/ros/humble/include/rclcpp/rclcpp/memory_strategy.hpp:25\x1b[m\x1b[K,\n'}
[1.338781] (cpp02_service) StderrLine: {'line': b'                 from \x1b[01m\x1b[K/opt/ros/humble/include/rclcpp/rclcpp/memory_strategies.hpp:18\x1b[m\x1b[K,\n'}
[1.338796] (cpp02_service) StderrLine: {'line': b'                 from \x1b[01m\x1b[K/opt/ros/humble/include/rclcpp/rclcpp/executor_options.hpp:20\x1b[m\x1b[K,\n'}
[1.338811] (cpp02_service) StderrLine: {'line': b'                 from \x1b[01m\x1b[K/opt/ros/humble/include/rclcpp/rclcpp/executor.hpp:37\x1b[m\x1b[K,\n'}
[1.338826] (cpp02_service) StderrLine: {'line': b'                 from \x1b[01m\x1b[K/opt/ros/humble/include/rclcpp/rclcpp/executors/multi_threaded_executor.hpp:25\x1b[m\x1b[K,\n'}
[1.338842] (cpp02_service) StderrLine: {'line': b'                 from \x1b[01m\x1b[K/opt/ros/humble/include/rclcpp/rclcpp/executors.hpp:21\x1b[m\x1b[K,\n'}
[1.338857] (cpp02_service) StderrLine: {'line': b'                 from \x1b[01m\x1b[K/opt/ros/humble/include/rclcpp/rclcpp/rclcpp.hpp:155\x1b[m\x1b[K,\n'}
[1.338873] (cpp02_service) StderrLine: {'line': b'                 from \x1b[01m\x1b[K/home/jon/ws01/src/cpp02_service/src/demo02_client.cpp:17\x1b[m\x1b[K:\n'}
[1.338889] (cpp02_service) StderrLine: {'line': b'\x1b[01m\x1b[K/home/jon/ws01/src/cpp02_service/src/demo02_client.cpp:84:36:\x1b[m\x1b[K \x1b[01;31m\x1b[Kerror: \x1b[m\x1b[Ktoo few arguments to function \xe2\x80\x98\x1b[01m\x1b[Krclcpp::Logger rclcpp::get_logger(const string&)\x1b[m\x1b[K\xe2\x80\x99\n'}
[1.338905] (cpp02_service) StderrLine: {'line': b'   84 |     RCLCPP_ERROR(\x1b[01;31m\x1b[Krclcpp::get_logger()\x1b[m\x1b[K, "\xe8\xbf\x9e\xe6\x8e\xa5\xe6\x9c\x8d\xe5\x8a\xa1\xe5\x99\xa8\xe5\xa4\xb1\xe8\xb4\xa5\xef\xbc\x81client\xe8\x8a\x82\xe7\x82\xb9\xe9\x80\x80\xe5\x87\xba\xef\xbc\x81");\n'}
[1.338921] (cpp02_service) StderrLine: {'line': b'      |                  \x1b[01;31m\x1b[K~~~~~~~~~~~~~~~~~~^~\x1b[m\x1b[K\n'}
[1.338937] (cpp02_service) StderrLine: {'line': b'In file included from \x1b[01m\x1b[K/opt/ros/humble/include/rclcpp/rclcpp/logging.hpp:23\x1b[m\x1b[K,\n'}
[1.338953] (cpp02_service) StderrLine: {'line': b'                 from \x1b[01m\x1b[K/opt/ros/humble/include/rclcpp/rclcpp/client.hpp:40\x1b[m\x1b[K,\n'}
[1.338969] (cpp02_service) StderrLine: {'line': b'                 from \x1b[01m\x1b[K/opt/ros/humble/include/rclcpp/rclcpp/callback_group.hpp:24\x1b[m\x1b[K,\n'}
[1.338985] (cpp02_service) StderrLine: {'line': b'                 from \x1b[01m\x1b[K/opt/ros/humble/include/rclcpp/rclcpp/any_executable.hpp:20\x1b[m\x1b[K,\n'}
[1.339001] (cpp02_service) StderrLine: {'line': b'                 from \x1b[01m\x1b[K/opt/ros/humble/include/rclcpp/rclcpp/memory_strategy.hpp:25\x1b[m\x1b[K,\n'}
[1.339016] (cpp02_service) StderrLine: {'line': b'                 from \x1b[01m\x1b[K/opt/ros/humble/include/rclcpp/rclcpp/memory_strategies.hpp:18\x1b[m\x1b[K,\n'}
[1.339032] (cpp02_service) StderrLine: {'line': b'                 from \x1b[01m\x1b[K/opt/ros/humble/include/rclcpp/rclcpp/executor_options.hpp:20\x1b[m\x1b[K,\n'}
[1.339047] (cpp02_service) StderrLine: {'line': b'                 from \x1b[01m\x1b[K/opt/ros/humble/include/rclcpp/rclcpp/executor.hpp:37\x1b[m\x1b[K,\n'}
[1.339063] (cpp02_service) StderrLine: {'line': b'                 from \x1b[01m\x1b[K/opt/ros/humble/include/rclcpp/rclcpp/executors/multi_threaded_executor.hpp:25\x1b[m\x1b[K,\n'}
[1.339081] (cpp02_service) StderrLine: {'line': b'                 from \x1b[01m\x1b[K/opt/ros/humble/include/rclcpp/rclcpp/executors.hpp:21\x1b[m\x1b[K,\n'}
[1.339099] (cpp02_service) StderrLine: {'line': b'                 from \x1b[01m\x1b[K/opt/ros/humble/include/rclcpp/rclcpp/rclcpp.hpp:155\x1b[m\x1b[K,\n'}
[1.339114] (cpp02_service) StderrLine: {'line': b'                 from \x1b[01m\x1b[K/home/jon/ws01/src/cpp02_service/src/demo02_client.cpp:17\x1b[m\x1b[K:\n'}
[1.339130] (cpp02_service) StderrLine: {'line': b'\x1b[01m\x1b[K/opt/ros/humble/include/rclcpp/rclcpp/logger.hpp:106:17:\x1b[m\x1b[K \x1b[01;36m\x1b[Knote: \x1b[m\x1b[Kdeclared here\n'}
[1.339146] (cpp02_service) StderrLine: {'line': b'  106 |   friend Logger \x1b[01;36m\x1b[Krclcpp\x1b[m\x1b[K::get_logger(const std::string & name);\n'}
[1.339162] (cpp02_service) StderrLine: {'line': b'      |                 \x1b[01;36m\x1b[K^~~~~~\x1b[m\x1b[K\n'}
[1.403873] (-) TimerEvent: {}
[1.504143] (-) TimerEvent: {}
[1.574751] (cpp02_service) StderrLine: {'line': b'gmake[2]: *** [CMakeFiles/demo02_client.dir/build.make:76\xef\xbc\x9aCMakeFiles/demo02_client.dir/src/demo02_client.cpp.o] \xe9\x94\x99\xe8\xaf\xaf 1\n'}
[1.575120] (cpp02_service) StderrLine: {'line': b'gmake[1]: *** [CMakeFiles/Makefile2:165\xef\xbc\x9aCMakeFiles/demo02_client.dir/all] \xe9\x94\x99\xe8\xaf\xaf 2\n'}
[1.575311] (cpp02_service) StderrLine: {'line': b'gmake: *** [Makefile:146\xef\xbc\x9aall] \xe9\x94\x99\xe8\xaf\xaf 2\n'}
[1.576954] (cpp02_service) CommandEnded: {'returncode': 2}
[1.580251] (cpp02_service) JobEnded: {'identifier': 'cpp02_service', 'rc': 2}
[1.590835] (-) EventReactorShutdown: {}
