[0.000000] (-) TimerEvent: {}
[0.000194] (base_demo) JobQueued: {'identifier': 'base_demo', 'dependencies': OrderedDict()}
[0.000216] (cpp01_topic) JobQueued: {'identifier': 'cpp01_topic', 'dependencies': OrderedDict([('base_demo', '/home/jon/ws01/install/base_demo')])}
[0.000232] (cpp02_service) JobQueued: {'identifier': 'cpp02_service', 'dependencies': OrderedDict([('base_demo', '/home/jon/ws01/install/base_demo')])}
[0.000258] (base_demo) JobStarted: {'identifier': 'base_demo'}
[0.004310] (base_demo) JobProgress: {'identifier': 'base_demo', 'progress': 'cmake'}
[0.008466] (base_demo) JobProgress: {'identifier': 'base_demo', 'progress': 'build'}
[0.008733] (base_demo) Command: {'cmd': ['/usr/bin/cmake', '--build', '/home/jon/ws01/build/base_demo', '--', '-j24', '-l24'], 'cwd': '/home/jon/ws01/build/base_demo', 'env': OrderedDict([('GJS_DEBUG_TOPICS', 'JS ERROR;JS LOG'), ('PYTHON_BASIC_REPL', '1'), ('LESSOPEN', '| /usr/bin/lesspipe %s'), ('HTTPS_PROXY', 'http://127.0.0.1:7890'), ('no_proxy', 'localhost,127.0.0.0/8,::1'), ('LANGUAGE', 'zh_CN:zh'), ('USER', 'jon'), ('all_proxy', 'socks5h://127.0.0.1:7890'), ('XDG_SESSION_TYPE', 'x11'), ('GIT_ASKPASS', '/usr/share/code/resources/app/extensions/git/dist/askpass.sh'), ('SHLVL', '1'), ('LD_LIBRARY_PATH', '/home/jon/ws01/install/base_demo/lib:/opt/ros/humble/opt/rviz_ogre_vendor/lib:/opt/ros/humble/lib/x86_64-linux-gnu:/opt/ros/humble/lib'), ('HOME', '/home/jon'), ('CHROME_DESKTOP', 'code.desktop'), ('TERM_PROGRAM_VERSION', '1.138.0'), ('DESKTOP_SESSION', 'ubuntu'), ('NO_PROXY', 'localhost,127.0.0.0/8,::1'), ('GIO_LAUNCHED_DESKTOP_FILE', '/usr/share/applications/code.desktop'), ('ROS_PYTHON_VERSION', '3'), ('GNOME_SHELL_SESSION_MODE', 'ubuntu'), ('GTK_MODULES', 'gail:atk-bridge'), ('VSCODE_GIT_ASKPASS_MAIN', '/usr/share/code/resources/app/extensions/git/dist/askpass-main.js'), ('VSCODE_GIT_ASKPASS_NODE', '/usr/share/code/code'), ('MANAGERPID', '1286'), ('PYDEVD_DISABLE_FILE_VALIDATION', '1'), ('SYSTEMD_EXEC_PID', '2464'), ('BUNDLED_DEBUGPY_PATH', '/home/jon/.vscode/extensions/ms-python.debugpy-2026.6.0-linux-x64/bundled/libs/debugpy'), ('VSCODE_PYTHON_AUTOACTIVATE_GUARD', '1'), ('DBUS_SESSION_BUS_ADDRESS', 'unix:path=/run/user/1000/bus'), ('COLORTERM', 'truecolor'), ('GIO_LAUNCHED_DESKTOP_FILE_PID', '4092'), ('IM_CONFIG_PHASE', '1'), ('https_proxy', 'http://127.0.0.1:7890'), ('COLCON_PREFIX_PATH', '/home/jon/ws01/install:/home/jon/ros2_ws/install'), ('ROS_DISTRO', 'humble'), ('LOGNAME', 'jon'), ('ALL_PROXY', 'socks5h://127.0.0.1:7890'), ('http_proxy', 'http://127.0.0.1:7890'), ('JOURNAL_STREAM', '8:15521'), ('_', '/usr/bin/colcon'), ('ROS_VERSION', '2'), ('XDG_SESSION_CLASS', 'user'), ('USERNAME', 'jon'), ('TERM', 'xterm-256color'), ('GNOME_DESKTOP_SESSION_ID', 'this-is-deprecated'), ('FC_FONTATIONS', '1'), ('ROS_LOCALHOST_ONLY', '0'), ('WINDOWPATH', '2'), ('PATH', '/home/jon/.config/Code/User/globalStorage/github.copilot-chat/debugCommand:/home/jon/.config/Code/User/globalStorage/github.copilot-chat/copilotCli:/home/jon/.local/bin:/opt/ros/humble/bin:/home/jon/.local/bin:/home/jon/.local/bin:/usr/local/sbin:/usr/local/bin:/usr/sbin:/usr/bin:/sbin:/bin:/usr/games:/usr/local/games:/snap/bin:/snap/bin:/home/jon/.vscode/extensions/ms-python.debugpy-2026.6.0-linux-x64/bundled/scripts/noConfigScripts'), ('SESSION_MANAGER', 'local/WJ:@/tmp/.ICE-unix/2436,unix/WJ:/tmp/.ICE-unix/2436'), ('INVOCATION_ID', 'dc714fa0cdc34e3a9439b83ad9a63145'), ('XDG_MENU_PREFIX', 'gnome-'), ('XDG_RUNTIME_DIR', '/run/user/1000'), ('GDK_BACKEND', 'x11'), ('DISPLAY', ':0'), ('VSCODE_DEBUGPY_ADAPTER_ENDPOINTS', '/home/jon/.vscode/extensions/ms-python.debugpy-2026.6.0-linux-x64/.noConfigDebugAdapterEndpoints/endpoint-b8a5c5d86f95c8fb.txt'), ('LANG', 'zh_CN.UTF-8'), ('XDG_CURRENT_DESKTOP', 'ubuntu:GNOME'), ('PYTHONSTARTUP', '/home/jon/.config/Code/User/workspaceStorage/1f60e15f81795b7429f56f0c0e99fe64/ms-python.python/pythonrc.py'), ('XMODIFIERS', '@im=ibus'), ('XDG_SESSION_DESKTOP', 'ubuntu'), ('XAUTHORITY', '/run/user/1000/gdm/Xauthority'), ('LS_COLORS', 'rs=0:di=01;34:ln=01;36:mh=00:pi=40;33:so=01;35:do=01;35:bd=40;33;01:cd=40;33;01:or=40;31;01:mi=00:su=37;41:sg=30;43:ca=30;41:tw=30;42:ow=34;42:st=37;44:ex=01;32:*.tar=01;31:*.tgz=01;31:*.arc=01;31:*.arj=01;31:*.taz=01;31:*.lha=01;31:*.lz4=01;31:*.lzh=01;31:*.lzma=01;31:*.tlz=01;31:*.txz=01;31:*.tzo=01;31:*.t7z=01;31:*.zip=01;31:*.z=01;31:*.dz=01;31:*.gz=01;31:*.lrz=01;31:*.lz=01;31:*.lzo=01;31:*.xz=01;31:*.zst=01;31:*.tzst=01;31:*.bz2=01;31:*.bz=01;31:*.tbz=01;31:*.tbz2=01;31:*.tz=01;31:*.deb=01;31:*.rpm=01;31:*.jar=01;31:*.war=01;31:*.ear=01;31:*.sar=01;31:*.rar=01;31:*.alz=01;31:*.ace=01;31:*.zoo=01;31:*.cpio=01;31:*.7z=01;31:*.rz=01;31:*.cab=01;31:*.wim=01;31:*.swm=01;31:*.dwm=01;31:*.esd=01;31:*.jpg=01;35:*.jpeg=01;35:*.mjpg=01;35:*.mjpeg=01;35:*.gif=01;35:*.bmp=01;35:*.pbm=01;35:*.pgm=01;35:*.ppm=01;35:*.tga=01;35:*.xbm=01;35:*.xpm=01;35:*.tif=01;35:*.tiff=01;35:*.png=01;35:*.svg=01;35:*.svgz=01;35:*.mng=01;35:*.pcx=01;35:*.mov=01;35:*.mpg=01;35:*.mpeg=01;35:*.m2v=01;35:*.mkv=01;35:*.webm=01;35:*.webp=01;35:*.ogm=01;35:*.mp4=01;35:*.m4v=01;35:*.mp4v=01;35:*.vob=01;35:*.qt=01;35:*.nuv=01;35:*.wmv=01;35:*.asf=01;35:*.rm=01;35:*.rmvb=01;35:*.flc=01;35:*.avi=01;35:*.fli=01;35:*.flv=01;35:*.gl=01;35:*.dl=01;35:*.xcf=01;35:*.xwd=01;35:*.yuv=01;35:*.cgm=01;35:*.emf=01;35:*.ogv=01;35:*.ogx=01;35:*.aac=00;36:*.au=00;36:*.flac=00;36:*.m4a=00;36:*.mid=00;36:*.midi=00;36:*.mka=00;36:*.mp3=00;36:*.mpc=00;36:*.ogg=00;36:*.ra=00;36:*.wav=00;36:*.oga=00;36:*.opus=00;36:*.spx=00;36:*.xspf=00;36:'), ('VSCODE_GIT_IPC_HANDLE', '/run/user/1000/vscode-git-81883a5c4f.sock'), ('TERM_PROGRAM', 'vscode'), ('SSH_AGENT_LAUNCHER', 'gnome-keyring'), ('SSH_AUTH_SOCK', '/run/user/1000/keyring/ssh'), ('AMENT_PREFIX_PATH', '/home/jon/ws01/install/cpp02_service:/home/jon/ws01/install/cpp01_topic:/home/jon/ws01/install/base_demo:/home/jon/ros2_ws/install/hellovscode_cpp:/home/jon/ros2_ws/install/hello_cpp:/opt/ros/humble'), ('SHELL', '/bin/bash'), ('QT_ACCESSIBILITY', '1'), ('GDMSESSION', 'ubuntu'), ('LESSCLOSE', '/usr/bin/lesspipe %s %s'), ('GPG_AGENT_INFO', '/run/user/1000/gnupg/S.gpg-agent:0:1'), ('GJS_DEBUG_OUTPUT', 'stderr'), ('VSCODE_GIT_ASKPASS_EXTRA_ARGS', ''), ('QT_IM_MODULE', 'ibus'), ('PWD', '/home/jon/ws01/build/base_demo'), ('XDG_CONFIG_DIRS', '/etc/xdg/xdg-ubuntu:/etc/xdg'), ('COPILOT_DEBUG_NONCE', '20fc3c0b33e88ebaf2914c4d51f59b28'), ('XDG_DATA_DIRS', '/usr/share/gnome:/usr/share/ubuntu:/usr/local/share/:/usr/share/:/var/lib/snapd/desktop'), ('PYTHONPATH', '/home/jon/ws01/install/base_demo/local/lib/python3.10/dist-packages:/opt/ros/humble/lib/python3.10/site-packages:/opt/ros/humble/local/lib/python3.10/dist-packages'), ('HTTP_PROXY', 'http://127.0.0.1:7890'), ('COLCON', '1'), ('CMAKE_PREFIX_PATH', '/home/jon/ws01/install/cpp02_service:/home/jon/ws01/install/cpp01_topic:/home/jon/ws01/install/base_demo:/home/jon/ros2_ws/install/hellovscode_cpp:/home/jon/ros2_ws/install/hello_cpp:/opt/ros/humble')]), 'shell': False}
[0.043468] (base_demo) StdoutLine: {'line': b'[  2%] Built target base_demo__rs\n'}
[0.043606] (base_demo) StdoutLine: {'line': b'[  5%] Built target base_demo__cpp\n'}
[0.044543] (base_demo) StdoutLine: {'line': b'[ 15%] Built target base_demo__rosidl_generator_c\n'}
[0.051365] (base_demo) StdoutLine: {'line': b'[ 15%] Built target ament_cmake_python_copy_base_demo\n'}
[0.059241] (base_demo) StdoutLine: {'line': b'[ 25%] Built target base_demo__rosidl_typesupport_introspection_cpp\n'}
[0.059435] (base_demo) StdoutLine: {'line': b'[ 35%] Built target base_demo__rosidl_typesupport_fastrtps_cpp\n'}
[0.059532] (base_demo) StdoutLine: {'line': b'[ 45%] Built target base_demo__rosidl_typesupport_cpp\n'}
[0.067308] (base_demo) StdoutLine: {'line': b'[ 55%] Built target base_demo__rosidl_typesupport_fastrtps_c\n'}
[0.068055] (base_demo) StdoutLine: {'line': b'[ 65%] Built target base_demo__rosidl_typesupport_introspection_c\n'}
[0.068160] (base_demo) StdoutLine: {'line': b'[ 75%] Built target base_demo__rosidl_typesupport_c\n'}
[0.082184] (base_demo) StdoutLine: {'line': b'[ 75%] Built target base_demo\n'}
[0.093395] (base_demo) StdoutLine: {'line': b'[ 77%] Built target base_demo__py\n'}
[0.099564] (-) TimerEvent: {}
[0.108137] (base_demo) StdoutLine: {'line': b'[ 85%] Built target base_demo__rosidl_generator_py\n'}
[0.121423] (base_demo) StdoutLine: {'line': b'[ 90%] Built target base_demo__rosidl_typesupport_fastrtps_c__pyext\n'}
[0.122023] (base_demo) StdoutLine: {'line': b'[ 95%] Built target base_demo__rosidl_typesupport_introspection_c__pyext\n'}
[0.122067] (base_demo) StdoutLine: {'line': b'[100%] Built target base_demo__rosidl_typesupport_c__pyext\n'}
[0.166005] (base_demo) StdoutLine: {'line': b'running egg_info\n'}
[0.166255] (base_demo) StdoutLine: {'line': b'writing base_demo.egg-info/PKG-INFO\n'}
[0.166385] (base_demo) StdoutLine: {'line': b'writing dependency_links to base_demo.egg-info/dependency_links.txt\n'}
[0.166661] (base_demo) StdoutLine: {'line': b'writing top-level names to base_demo.egg-info/top_level.txt\n'}
[0.167382] (base_demo) StdoutLine: {'line': b"reading manifest file 'base_demo.egg-info/SOURCES.txt'\n"}
[0.167447] (base_demo) StdoutLine: {'line': b"writing manifest file 'base_demo.egg-info/SOURCES.txt'\n"}
[0.183197] (base_demo) StdoutLine: {'line': b'[100%] Built target ament_cmake_python_build_base_demo_egg\n'}
[0.190519] (base_demo) CommandEnded: {'returncode': 0}
[0.192386] (base_demo) JobProgress: {'identifier': 'base_demo', 'progress': 'install'}
[0.195003] (base_demo) Command: {'cmd': ['/usr/bin/cmake', '--install', '/home/jon/ws01/build/base_demo'], 'cwd': '/home/jon/ws01/build/base_demo', 'env': OrderedDict([('GJS_DEBUG_TOPICS', 'JS ERROR;JS LOG'), ('PYTHON_BASIC_REPL', '1'), ('LESSOPEN', '| /usr/bin/lesspipe %s'), ('HTTPS_PROXY', 'http://127.0.0.1:7890'), ('no_proxy', 'localhost,127.0.0.0/8,::1'), ('LANGUAGE', 'zh_CN:zh'), ('USER', 'jon'), ('all_proxy', 'socks5h://127.0.0.1:7890'), ('XDG_SESSION_TYPE', 'x11'), ('GIT_ASKPASS', '/usr/share/code/resources/app/extensions/git/dist/askpass.sh'), ('SHLVL', '1'), ('LD_LIBRARY_PATH', '/home/jon/ws01/install/base_demo/lib:/opt/ros/humble/opt/rviz_ogre_vendor/lib:/opt/ros/humble/lib/x86_64-linux-gnu:/opt/ros/humble/lib'), ('HOME', '/home/jon'), ('CHROME_DESKTOP', 'code.desktop'), ('TERM_PROGRAM_VERSION', '1.138.0'), ('DESKTOP_SESSION', 'ubuntu'), ('NO_PROXY', 'localhost,127.0.0.0/8,::1'), ('GIO_LAUNCHED_DESKTOP_FILE', '/usr/share/applications/code.desktop'), ('ROS_PYTHON_VERSION', '3'), ('GNOME_SHELL_SESSION_MODE', 'ubuntu'), ('GTK_MODULES', 'gail:atk-bridge'), ('VSCODE_GIT_ASKPASS_MAIN', '/usr/share/code/resources/app/extensions/git/dist/askpass-main.js'), ('VSCODE_GIT_ASKPASS_NODE', '/usr/share/code/code'), ('MANAGERPID', '1286'), ('PYDEVD_DISABLE_FILE_VALIDATION', '1'), ('SYSTEMD_EXEC_PID', '2464'), ('BUNDLED_DEBUGPY_PATH', '/home/jon/.vscode/extensions/ms-python.debugpy-2026.6.0-linux-x64/bundled/libs/debugpy'), ('VSCODE_PYTHON_AUTOACTIVATE_GUARD', '1'), ('DBUS_SESSION_BUS_ADDRESS', 'unix:path=/run/user/1000/bus'), ('COLORTERM', 'truecolor'), ('GIO_LAUNCHED_DESKTOP_FILE_PID', '4092'), ('IM_CONFIG_PHASE', '1'), ('https_proxy', 'http://127.0.0.1:7890'), ('COLCON_PREFIX_PATH', '/home/jon/ws01/install:/home/jon/ros2_ws/install'), ('ROS_DISTRO', 'humble'), ('LOGNAME', 'jon'), ('ALL_PROXY', 'socks5h://127.0.0.1:7890'), ('http_proxy', 'http://127.0.0.1:7890'), ('JOURNAL_STREAM', '8:15521'), ('_', '/usr/bin/colcon'), ('ROS_VERSION', '2'), ('XDG_SESSION_CLASS', 'user'), ('USERNAME', 'jon'), ('TERM', 'xterm-256color'), ('GNOME_DESKTOP_SESSION_ID', 'this-is-deprecated'), ('FC_FONTATIONS', '1'), ('ROS_LOCALHOST_ONLY', '0'), ('WINDOWPATH', '2'), ('PATH', '/home/jon/.config/Code/User/globalStorage/github.copilot-chat/debugCommand:/home/jon/.config/Code/User/globalStorage/github.copilot-chat/copilotCli:/home/jon/.local/bin:/opt/ros/humble/bin:/home/jon/.local/bin:/home/jon/.local/bin:/usr/local/sbin:/usr/local/bin:/usr/sbin:/usr/bin:/sbin:/bin:/usr/games:/usr/local/games:/snap/bin:/snap/bin:/home/jon/.vscode/extensions/ms-python.debugpy-2026.6.0-linux-x64/bundled/scripts/noConfigScripts'), ('SESSION_MANAGER', 'local/WJ:@/tmp/.ICE-unix/2436,unix/WJ:/tmp/.ICE-unix/2436'), ('INVOCATION_ID', 'dc714fa0cdc34e3a9439b83ad9a63145'), ('XDG_MENU_PREFIX', 'gnome-'), ('XDG_RUNTIME_DIR', '/run/user/1000'), ('GDK_BACKEND', 'x11'), ('DISPLAY', ':0'), ('VSCODE_DEBUGPY_ADAPTER_ENDPOINTS', '/home/jon/.vscode/extensions/ms-python.debugpy-2026.6.0-linux-x64/.noConfigDebugAdapterEndpoints/endpoint-b8a5c5d86f95c8fb.txt'), ('LANG', 'zh_CN.UTF-8'), ('XDG_CURRENT_DESKTOP', 'ubuntu:GNOME'), ('PYTHONSTARTUP', '/home/jon/.config/Code/User/workspaceStorage/1f60e15f81795b7429f56f0c0e99fe64/ms-python.python/pythonrc.py'), ('XMODIFIERS', '@im=ibus'), ('XDG_SESSION_DESKTOP', 'ubuntu'), ('XAUTHORITY', '/run/user/1000/gdm/Xauthority'), ('LS_COLORS', 'rs=0:di=01;34:ln=01;36:mh=00:pi=40;33:so=01;35:do=01;35:bd=40;33;01:cd=40;33;01:or=40;31;01:mi=00:su=37;41:sg=30;43:ca=30;41:tw=30;42:ow=34;42:st=37;44:ex=01;32:*.tar=01;31:*.tgz=01;31:*.arc=01;31:*.arj=01;31:*.taz=01;31:*.lha=01;31:*.lz4=01;31:*.lzh=01;31:*.lzma=01;31:*.tlz=01;31:*.txz=01;31:*.tzo=01;31:*.t7z=01;31:*.zip=01;31:*.z=01;31:*.dz=01;31:*.gz=01;31:*.lrz=01;31:*.lz=01;31:*.lzo=01;31:*.xz=01;31:*.zst=01;31:*.tzst=01;31:*.bz2=01;31:*.bz=01;31:*.tbz=01;31:*.tbz2=01;31:*.tz=01;31:*.deb=01;31:*.rpm=01;31:*.jar=01;31:*.war=01;31:*.ear=01;31:*.sar=01;31:*.rar=01;31:*.alz=01;31:*.ace=01;31:*.zoo=01;31:*.cpio=01;31:*.7z=01;31:*.rz=01;31:*.cab=01;31:*.wim=01;31:*.swm=01;31:*.dwm=01;31:*.esd=01;31:*.jpg=01;35:*.jpeg=01;35:*.mjpg=01;35:*.mjpeg=01;35:*.gif=01;35:*.bmp=01;35:*.pbm=01;35:*.pgm=01;35:*.ppm=01;35:*.tga=01;35:*.xbm=01;35:*.xpm=01;35:*.tif=01;35:*.tiff=01;35:*.png=01;35:*.svg=01;35:*.svgz=01;35:*.mng=01;35:*.pcx=01;35:*.mov=01;35:*.mpg=01;35:*.mpeg=01;35:*.m2v=01;35:*.mkv=01;35:*.webm=01;35:*.webp=01;35:*.ogm=01;35:*.mp4=01;35:*.m4v=01;35:*.mp4v=01;35:*.vob=01;35:*.qt=01;35:*.nuv=01;35:*.wmv=01;35:*.asf=01;35:*.rm=01;35:*.rmvb=01;35:*.flc=01;35:*.avi=01;35:*.fli=01;35:*.flv=01;35:*.gl=01;35:*.dl=01;35:*.xcf=01;35:*.xwd=01;35:*.yuv=01;35:*.cgm=01;35:*.emf=01;35:*.ogv=01;35:*.ogx=01;35:*.aac=00;36:*.au=00;36:*.flac=00;36:*.m4a=00;36:*.mid=00;36:*.midi=00;36:*.mka=00;36:*.mp3=00;36:*.mpc=00;36:*.ogg=00;36:*.ra=00;36:*.wav=00;36:*.oga=00;36:*.opus=00;36:*.spx=00;36:*.xspf=00;36:'), ('VSCODE_GIT_IPC_HANDLE', '/run/user/1000/vscode-git-81883a5c4f.sock'), ('TERM_PROGRAM', 'vscode'), ('SSH_AGENT_LAUNCHER', 'gnome-keyring'), ('SSH_AUTH_SOCK', '/run/user/1000/keyring/ssh'), ('AMENT_PREFIX_PATH', '/home/jon/ws01/install/cpp02_service:/home/jon/ws01/install/cpp01_topic:/home/jon/ws01/install/base_demo:/home/jon/ros2_ws/install/hellovscode_cpp:/home/jon/ros2_ws/install/hello_cpp:/opt/ros/humble'), ('SHELL', '/bin/bash'), ('QT_ACCESSIBILITY', '1'), ('GDMSESSION', 'ubuntu'), ('LESSCLOSE', '/usr/bin/lesspipe %s %s'), ('GPG_AGENT_INFO', '/run/user/1000/gnupg/S.gpg-agent:0:1'), ('GJS_DEBUG_OUTPUT', 'stderr'), ('VSCODE_GIT_ASKPASS_EXTRA_ARGS', ''), ('QT_IM_MODULE', 'ibus'), ('PWD', '/home/jon/ws01/build/base_demo'), ('XDG_CONFIG_DIRS', '/etc/xdg/xdg-ubuntu:/etc/xdg'), ('COPILOT_DEBUG_NONCE', '20fc3c0b33e88ebaf2914c4d51f59b28'), ('XDG_DATA_DIRS', '/usr/share/gnome:/usr/share/ubuntu:/usr/local/share/:/usr/share/:/var/lib/snapd/desktop'), ('PYTHONPATH', '/home/jon/ws01/install/base_demo/local/lib/python3.10/dist-packages:/opt/ros/humble/lib/python3.10/site-packages:/opt/ros/humble/local/lib/python3.10/dist-packages'), ('HTTP_PROXY', 'http://127.0.0.1:7890'), ('COLCON', '1'), ('CMAKE_PREFIX_PATH', '/home/jon/ws01/install/cpp02_service:/home/jon/ws01/install/cpp01_topic:/home/jon/ws01/install/base_demo:/home/jon/ros2_ws/install/hellovscode_cpp:/home/jon/ros2_ws/install/hello_cpp:/opt/ros/humble')]), 'shell': False}
[0.199592] (-) TimerEvent: {}
[0.200587] (base_demo) StdoutLine: {'line': b'-- Install configuration: ""\n'}
[0.200646] (base_demo) StdoutLine: {'line': b'-- Up-to-date: /home/jon/ws01/install/base_demo/share/ament_index/resource_index/rosidl_interfaces/base_demo\n'}
[0.200684] (base_demo) StdoutLine: {'line': b'-- Up-to-date: /home/jon/ws01/install/base_demo/include/base_demo/base_demo\n'}
[0.200716] (base_demo) StdoutLine: {'line': b'-- Up-to-date: /home/jon/ws01/install/base_demo/include/base_demo/base_demo/msg\n'}
[0.200748] (base_demo) StdoutLine: {'line': b'-- Up-to-date: /home/jon/ws01/install/base_demo/include/base_demo/base_demo/msg/student.h\n'}
[0.200785] (base_demo) StdoutLine: {'line': b'-- Up-to-date: /home/jon/ws01/install/base_demo/include/base_demo/base_demo/msg/detail\n'}
[0.200817] (base_demo) StdoutLine: {'line': b'-- Up-to-date: /home/jon/ws01/install/base_demo/include/base_demo/base_demo/msg/detail/student__struct.h\n'}
[0.200849] (base_demo) StdoutLine: {'line': b'-- Up-to-date: /home/jon/ws01/install/base_demo/include/base_demo/base_demo/msg/detail/student__functions.c\n'}
[0.200882] (base_demo) StdoutLine: {'line': b'-- Up-to-date: /home/jon/ws01/install/base_demo/include/base_demo/base_demo/msg/detail/student__functions.h\n'}
[0.200914] (base_demo) StdoutLine: {'line': b'-- Up-to-date: /home/jon/ws01/install/base_demo/include/base_demo/base_demo/msg/detail/student__type_support.h\n'}
[0.200945] (base_demo) StdoutLine: {'line': b'-- Up-to-date: /home/jon/ws01/install/base_demo/include/base_demo/base_demo/msg/rosidl_generator_c__visibility_control.h\n'}
[0.200976] (base_demo) StdoutLine: {'line': b'-- Up-to-date: /home/jon/ws01/install/base_demo/include/base_demo/base_demo/srv\n'}
[0.201008] (base_demo) StdoutLine: {'line': b'-- Up-to-date: /home/jon/ws01/install/base_demo/include/base_demo/base_demo/srv/addints.h\n'}
[0.201041] (base_demo) StdoutLine: {'line': b'-- Up-to-date: /home/jon/ws01/install/base_demo/include/base_demo/base_demo/srv/detail\n'}
[0.201073] (base_demo) StdoutLine: {'line': b'-- Up-to-date: /home/jon/ws01/install/base_demo/include/base_demo/base_demo/srv/detail/addints__type_support.h\n'}
[0.201105] (base_demo) StdoutLine: {'line': b'-- Up-to-date: /home/jon/ws01/install/base_demo/include/base_demo/base_demo/srv/detail/addints__functions.h\n'}
[0.201137] (base_demo) StdoutLine: {'line': b'-- Up-to-date: /home/jon/ws01/install/base_demo/include/base_demo/base_demo/srv/detail/addints__struct.h\n'}
[0.201168] (base_demo) StdoutLine: {'line': b'-- Up-to-date: /home/jon/ws01/install/base_demo/include/base_demo/base_demo/srv/detail/addints__functions.c\n'}
[0.201248] (base_demo) StdoutLine: {'line': b'-- Up-to-date: /home/jon/ws01/install/base_demo/share/base_demo/environment/library_path.sh\n'}
[0.201281] (base_demo) StdoutLine: {'line': b'-- Up-to-date: /home/jon/ws01/install/base_demo/share/base_demo/environment/library_path.dsv\n'}
[0.201313] (base_demo) StdoutLine: {'line': b'-- Up-to-date: /home/jon/ws01/install/base_demo/lib/libbase_demo__rosidl_generator_c.so\n'}
[0.201352] (base_demo) StdoutLine: {'line': b'-- Up-to-date: /home/jon/ws01/install/base_demo/include/base_demo/base_demo\n'}
[0.201384] (base_demo) StdoutLine: {'line': b'-- Up-to-date: /home/jon/ws01/install/base_demo/include/base_demo/base_demo/msg\n'}
[0.201415] (base_demo) StdoutLine: {'line': b'-- Up-to-date: /home/jon/ws01/install/base_demo/include/base_demo/base_demo/msg/rosidl_typesupport_fastrtps_c__visibility_control.h\n'}
[0.201451] (base_demo) StdoutLine: {'line': b'-- Up-to-date: /home/jon/ws01/install/base_demo/include/base_demo/base_demo/msg/detail\n'}
[0.201512] (base_demo) StdoutLine: {'line': b'-- Up-to-date: /home/jon/ws01/install/base_demo/include/base_demo/base_demo/msg/detail/student__rosidl_typesupport_fastrtps_c.h\n'}
[0.201550] (base_demo) StdoutLine: {'line': b'-- Up-to-date: /home/jon/ws01/install/base_demo/include/base_demo/base_demo/srv\n'}
[0.201581] (base_demo) StdoutLine: {'line': b'-- Up-to-date: /home/jon/ws01/install/base_demo/include/base_demo/base_demo/srv/detail\n'}
[0.201613] (base_demo) StdoutLine: {'line': b'-- Up-to-date: /home/jon/ws01/install/base_demo/include/base_demo/base_demo/srv/detail/addints__rosidl_typesupport_fastrtps_c.h\n'}
[0.201644] (base_demo) StdoutLine: {'line': b'-- Up-to-date: /home/jon/ws01/install/base_demo/lib/libbase_demo__rosidl_typesupport_fastrtps_c.so\n'}
[0.201675] (base_demo) StdoutLine: {'line': b'-- Up-to-date: /home/jon/ws01/install/base_demo/include/base_demo/base_demo\n'}
[0.201711] (base_demo) StdoutLine: {'line': b'-- Up-to-date: /home/jon/ws01/install/base_demo/include/base_demo/base_demo/msg\n'}
[0.201765] (base_demo) StdoutLine: {'line': b'-- Up-to-date: /home/jon/ws01/install/base_demo/include/base_demo/base_demo/msg/detail\n'}
[0.201796] (base_demo) StdoutLine: {'line': b'-- Up-to-date: /home/jon/ws01/install/base_demo/include/base_demo/base_demo/msg/detail/student__rosidl_typesupport_introspection_c.h\n'}
[0.201827] (base_demo) StdoutLine: {'line': b'-- Up-to-date: /home/jon/ws01/install/base_demo/include/base_demo/base_demo/msg/detail/student__type_support.c\n'}
[0.201858] (base_demo) StdoutLine: {'line': b'-- Up-to-date: /home/jon/ws01/install/base_demo/include/base_demo/base_demo/msg/rosidl_typesupport_introspection_c__visibility_control.h\n'}
[0.201889] (base_demo) StdoutLine: {'line': b'-- Up-to-date: /home/jon/ws01/install/base_demo/include/base_demo/base_demo/srv\n'}
[0.201919] (base_demo) StdoutLine: {'line': b'-- Up-to-date: /home/jon/ws01/install/base_demo/include/base_demo/base_demo/srv/detail\n'}
[0.201950] (base_demo) StdoutLine: {'line': b'-- Up-to-date: /home/jon/ws01/install/base_demo/include/base_demo/base_demo/srv/detail/addints__type_support.c\n'}
[0.201980] (base_demo) StdoutLine: {'line': b'-- Up-to-date: /home/jon/ws01/install/base_demo/include/base_demo/base_demo/srv/detail/addints__rosidl_typesupport_introspection_c.h\n'}
[0.202052] (base_demo) StdoutLine: {'line': b'-- Up-to-date: /home/jon/ws01/install/base_demo/lib/libbase_demo__rosidl_typesupport_introspection_c.so\n'}
[0.202108] (base_demo) StdoutLine: {'line': b'-- Up-to-date: /home/jon/ws01/install/base_demo/lib/libbase_demo__rosidl_typesupport_c.so\n'}
[0.202132] (base_demo) StdoutLine: {'line': b'-- Up-to-date: /home/jon/ws01/install/base_demo/include/base_demo/base_demo\n'}
[0.202153] (base_demo) StdoutLine: {'line': b'-- Up-to-date: /home/jon/ws01/install/base_demo/include/base_demo/base_demo/msg\n'}
[0.202172] (base_demo) StdoutLine: {'line': b'-- Up-to-date: /home/jon/ws01/install/base_demo/include/base_demo/base_demo/msg/student.hpp\n'}
[0.202191] (base_demo) StdoutLine: {'line': b'-- Up-to-date: /home/jon/ws01/install/base_demo/include/base_demo/base_demo/msg/detail\n'}
[0.202209] (base_demo) StdoutLine: {'line': b'-- Up-to-date: /home/jon/ws01/install/base_demo/include/base_demo/base_demo/msg/detail/student__type_support.hpp\n'}
[0.202227] (base_demo) StdoutLine: {'line': b'-- Up-to-date: /home/jon/ws01/install/base_demo/include/base_demo/base_demo/msg/detail/student__struct.hpp\n'}
[0.202244] (base_demo) StdoutLine: {'line': b'-- Up-to-date: /home/jon/ws01/install/base_demo/include/base_demo/base_demo/msg/detail/student__traits.hpp\n'}
[0.202260] (base_demo) StdoutLine: {'line': b'-- Up-to-date: /home/jon/ws01/install/base_demo/include/base_demo/base_demo/msg/detail/student__builder.hpp\n'}
[0.202277] (base_demo) StdoutLine: {'line': b'-- Up-to-date: /home/jon/ws01/install/base_demo/include/base_demo/base_demo/msg/rosidl_generator_cpp__visibility_control.hpp\n'}
[0.202294] (base_demo) StdoutLine: {'line': b'-- Up-to-date: /home/jon/ws01/install/base_demo/include/base_demo/base_demo/srv\n'}
[0.202311] (base_demo) StdoutLine: {'line': b'-- Up-to-date: /home/jon/ws01/install/base_demo/include/base_demo/base_demo/srv/addints.hpp\n'}
[0.202335] (base_demo) StdoutLine: {'line': b'-- Up-to-date: /home/jon/ws01/install/base_demo/include/base_demo/base_demo/srv/detail\n'}
[0.202353] (base_demo) StdoutLine: {'line': b'-- Up-to-date: /home/jon/ws01/install/base_demo/include/base_demo/base_demo/srv/detail/addints__traits.hpp\n'}
[0.202370] (base_demo) StdoutLine: {'line': b'-- Up-to-date: /home/jon/ws01/install/base_demo/include/base_demo/base_demo/srv/detail/addints__type_support.hpp\n'}
[0.202387] (base_demo) StdoutLine: {'line': b'-- Up-to-date: /home/jon/ws01/install/base_demo/include/base_demo/base_demo/srv/detail/addints__builder.hpp\n'}
[0.202403] (base_demo) StdoutLine: {'line': b'-- Up-to-date: /home/jon/ws01/install/base_demo/include/base_demo/base_demo/srv/detail/addints__struct.hpp\n'}
[0.202419] (base_demo) StdoutLine: {'line': b'-- Up-to-date: /home/jon/ws01/install/base_demo/include/base_demo/base_demo\n'}
[0.202445] (base_demo) StdoutLine: {'line': b'-- Up-to-date: /home/jon/ws01/install/base_demo/include/base_demo/base_demo/msg\n'}
[0.202461] (base_demo) StdoutLine: {'line': b'-- Up-to-date: /home/jon/ws01/install/base_demo/include/base_demo/base_demo/msg/rosidl_typesupport_fastrtps_cpp__visibility_control.h\n'}
[0.202478] (base_demo) StdoutLine: {'line': b'-- Up-to-date: /home/jon/ws01/install/base_demo/include/base_demo/base_demo/msg/detail\n'}
[0.202495] (base_demo) StdoutLine: {'line': b'-- Up-to-date: /home/jon/ws01/install/base_demo/include/base_demo/base_demo/msg/detail/dds_fastrtps\n'}
[0.202512] (base_demo) StdoutLine: {'line': b'-- Up-to-date: /home/jon/ws01/install/base_demo/include/base_demo/base_demo/msg/detail/student__rosidl_typesupport_fastrtps_cpp.hpp\n'}
[0.202528] (base_demo) StdoutLine: {'line': b'-- Up-to-date: /home/jon/ws01/install/base_demo/include/base_demo/base_demo/srv\n'}
[0.202544] (base_demo) StdoutLine: {'line': b'-- Up-to-date: /home/jon/ws01/install/base_demo/include/base_demo/base_demo/srv/detail\n'}
[0.202559] (base_demo) StdoutLine: {'line': b'-- Up-to-date: /home/jon/ws01/install/base_demo/include/base_demo/base_demo/srv/detail/addints__rosidl_typesupport_fastrtps_cpp.hpp\n'}
[0.202575] (base_demo) StdoutLine: {'line': b'-- Up-to-date: /home/jon/ws01/install/base_demo/include/base_demo/base_demo/srv/detail/dds_fastrtps\n'}
[0.202590] (base_demo) StdoutLine: {'line': b'-- Up-to-date: /home/jon/ws01/install/base_demo/lib/libbase_demo__rosidl_typesupport_fastrtps_cpp.so\n'}
[0.202606] (base_demo) StdoutLine: {'line': b'-- Up-to-date: /home/jon/ws01/install/base_demo/include/base_demo/base_demo\n'}
[0.202621] (base_demo) StdoutLine: {'line': b'-- Up-to-date: /home/jon/ws01/install/base_demo/include/base_demo/base_demo/msg\n'}
[0.202636] (base_demo) StdoutLine: {'line': b'-- Up-to-date: /home/jon/ws01/install/base_demo/include/base_demo/base_demo/msg/detail\n'}
[0.202656] (base_demo) StdoutLine: {'line': b'-- Up-to-date: /home/jon/ws01/install/base_demo/include/base_demo/base_demo/msg/detail/student__rosidl_typesupport_introspection_cpp.hpp\n'}
[0.202672] (base_demo) StdoutLine: {'line': b'-- Up-to-date: /home/jon/ws01/install/base_demo/include/base_demo/base_demo/msg/detail/student__type_support.cpp\n'}
[0.202687] (base_demo) StdoutLine: {'line': b'-- Up-to-date: /home/jon/ws01/install/base_demo/include/base_demo/base_demo/srv\n'}
[0.202703] (base_demo) StdoutLine: {'line': b'-- Up-to-date: /home/jon/ws01/install/base_demo/include/base_demo/base_demo/srv/detail\n'}
[0.202719] (base_demo) StdoutLine: {'line': b'-- Up-to-date: /home/jon/ws01/install/base_demo/include/base_demo/base_demo/srv/detail/addints__type_support.cpp\n'}
[0.202735] (base_demo) StdoutLine: {'line': b'-- Up-to-date: /home/jon/ws01/install/base_demo/include/base_demo/base_demo/srv/detail/addints__rosidl_typesupport_introspection_cpp.hpp\n'}
[0.202751] (base_demo) StdoutLine: {'line': b'-- Up-to-date: /home/jon/ws01/install/base_demo/lib/libbase_demo__rosidl_typesupport_introspection_cpp.so\n'}
[0.202812] (base_demo) StdoutLine: {'line': b'-- Up-to-date: /home/jon/ws01/install/base_demo/lib/libbase_demo__rosidl_typesupport_cpp.so\n'}
[0.202835] (base_demo) StdoutLine: {'line': b'-- Up-to-date: /home/jon/ws01/install/base_demo/share/base_demo/environment/pythonpath.sh\n'}
[0.202852] (base_demo) StdoutLine: {'line': b'-- Up-to-date: /home/jon/ws01/install/base_demo/share/base_demo/environment/pythonpath.dsv\n'}
[0.202869] (base_demo) StdoutLine: {'line': b'-- Up-to-date: /home/jon/ws01/install/base_demo/local/lib/python3.10/dist-packages/base_demo-0.0.0-py3.10.egg-info\n'}
[0.202885] (base_demo) StdoutLine: {'line': b'-- Installing: /home/jon/ws01/install/base_demo/local/lib/python3.10/dist-packages/base_demo-0.0.0-py3.10.egg-info/PKG-INFO\n'}
[0.202901] (base_demo) StdoutLine: {'line': b'-- Installing: /home/jon/ws01/install/base_demo/local/lib/python3.10/dist-packages/base_demo-0.0.0-py3.10.egg-info/SOURCES.txt\n'}
[0.202916] (base_demo) StdoutLine: {'line': b'-- Installing: /home/jon/ws01/install/base_demo/local/lib/python3.10/dist-packages/base_demo-0.0.0-py3.10.egg-info/dependency_links.txt\n'}
[0.202933] (base_demo) StdoutLine: {'line': b'-- Installing: /home/jon/ws01/install/base_demo/local/lib/python3.10/dist-packages/base_demo-0.0.0-py3.10.egg-info/top_level.txt\n'}
[0.202949] (base_demo) StdoutLine: {'line': b'-- Up-to-date: /home/jon/ws01/install/base_demo/local/lib/python3.10/dist-packages/base_demo\n'}
[0.202965] (base_demo) StdoutLine: {'line': b'-- Up-to-date: /home/jon/ws01/install/base_demo/local/lib/python3.10/dist-packages/base_demo/__init__.py\n'}
[0.202982] (base_demo) StdoutLine: {'line': b'-- Up-to-date: /home/jon/ws01/install/base_demo/local/lib/python3.10/dist-packages/base_demo/msg\n'}
[0.202998] (base_demo) StdoutLine: {'line': b'-- Up-to-date: /home/jon/ws01/install/base_demo/local/lib/python3.10/dist-packages/base_demo/msg/__init__.py\n'}
[0.203013] (base_demo) StdoutLine: {'line': b'-- Up-to-date: /home/jon/ws01/install/base_demo/local/lib/python3.10/dist-packages/base_demo/msg/_student.py\n'}
[0.203029] (base_demo) StdoutLine: {'line': b'-- Up-to-date: /home/jon/ws01/install/base_demo/local/lib/python3.10/dist-packages/base_demo/msg/_student_s.c\n'}
[0.203044] (base_demo) StdoutLine: {'line': b'-- Up-to-date: /home/jon/ws01/install/base_demo/local/lib/python3.10/dist-packages/base_demo/base_demo_s__rosidl_typesupport_introspection_c.cpython-310-x86_64-linux-gnu.so\n'}
[0.203061] (base_demo) StdoutLine: {'line': b'-- Up-to-date: /home/jon/ws01/install/base_demo/local/lib/python3.10/dist-packages/base_demo/base_demo_s__rosidl_typesupport_fastrtps_c.cpython-310-x86_64-linux-gnu.so\n'}
[0.203078] (base_demo) StdoutLine: {'line': b'-- Up-to-date: /home/jon/ws01/install/base_demo/local/lib/python3.10/dist-packages/base_demo/_base_demo_s.ep.rosidl_typesupport_c.c\n'}
[0.203094] (base_demo) StdoutLine: {'line': b'-- Up-to-date: /home/jon/ws01/install/base_demo/local/lib/python3.10/dist-packages/base_demo/_base_demo_s.ep.rosidl_typesupport_fastrtps_c.c\n'}
[0.203110] (base_demo) StdoutLine: {'line': b'-- Up-to-date: /home/jon/ws01/install/base_demo/local/lib/python3.10/dist-packages/base_demo/base_demo_s__rosidl_typesupport_c.cpython-310-x86_64-linux-gnu.so\n'}
[0.203126] (base_demo) StdoutLine: {'line': b'-- Up-to-date: /home/jon/ws01/install/base_demo/local/lib/python3.10/dist-packages/base_demo/_base_demo_s.ep.rosidl_typesupport_introspection_c.c\n'}
[0.203141] (base_demo) StdoutLine: {'line': b'-- Up-to-date: /home/jon/ws01/install/base_demo/local/lib/python3.10/dist-packages/base_demo/libbase_demo__rosidl_generator_py.so\n'}
[0.203157] (base_demo) StdoutLine: {'line': b'-- Up-to-date: /home/jon/ws01/install/base_demo/local/lib/python3.10/dist-packages/base_demo/srv\n'}
[0.203173] (base_demo) StdoutLine: {'line': b'-- Up-to-date: /home/jon/ws01/install/base_demo/local/lib/python3.10/dist-packages/base_demo/srv/__init__.py\n'}
[0.203188] (base_demo) StdoutLine: {'line': b'-- Up-to-date: /home/jon/ws01/install/base_demo/local/lib/python3.10/dist-packages/base_demo/srv/_addints.py\n'}
[0.203204] (base_demo) StdoutLine: {'line': b'-- Up-to-date: /home/jon/ws01/install/base_demo/local/lib/python3.10/dist-packages/base_demo/srv/_addints_s.c\n'}
[0.221176] (base_demo) StdoutLine: {'line': b"Listing '/home/jon/ws01/install/base_demo/local/lib/python3.10/dist-packages/base_demo'...\n"}
[0.221289] (base_demo) StdoutLine: {'line': b"Listing '/home/jon/ws01/install/base_demo/local/lib/python3.10/dist-packages/base_demo/msg'...\n"}
[0.221324] (base_demo) StdoutLine: {'line': b"Listing '/home/jon/ws01/install/base_demo/local/lib/python3.10/dist-packages/base_demo/srv'...\n"}
[0.224664] (base_demo) StdoutLine: {'line': b'-- Up-to-date: /home/jon/ws01/install/base_demo/local/lib/python3.10/dist-packages/base_demo/base_demo_s__rosidl_typesupport_fastrtps_c.cpython-310-x86_64-linux-gnu.so\n'}
[0.224778] (base_demo) StdoutLine: {'line': b'-- Up-to-date: /home/jon/ws01/install/base_demo/local/lib/python3.10/dist-packages/base_demo/base_demo_s__rosidl_typesupport_introspection_c.cpython-310-x86_64-linux-gnu.so\n'}
[0.224818] (base_demo) StdoutLine: {'line': b'-- Up-to-date: /home/jon/ws01/install/base_demo/local/lib/python3.10/dist-packages/base_demo/base_demo_s__rosidl_typesupport_c.cpython-310-x86_64-linux-gnu.so\n'}
[0.224919] (base_demo) StdoutLine: {'line': b'-- Up-to-date: /home/jon/ws01/install/base_demo/lib/libbase_demo__rosidl_generator_py.so\n'}
[0.224975] (base_demo) StdoutLine: {'line': b'-- Up-to-date: /home/jon/ws01/install/base_demo/share/base_demo/rust\n'}
[0.225007] (base_demo) StdoutLine: {'line': b'-- Up-to-date: /home/jon/ws01/install/base_demo/share/base_demo/rust/Cargo.toml\n'}
[0.225048] (base_demo) StdoutLine: {'line': b'-- Up-to-date: /home/jon/ws01/install/base_demo/share/base_demo/rust/build.rs\n'}
[0.225068] (base_demo) StdoutLine: {'line': b'-- Up-to-date: /home/jon/ws01/install/base_demo/share/base_demo/rust/src\n'}
[0.225086] (base_demo) StdoutLine: {'line': b'-- Up-to-date: /home/jon/ws01/install/base_demo/share/base_demo/rust/src/msg\n'}
[0.225103] (base_demo) StdoutLine: {'line': b'-- Up-to-date: /home/jon/ws01/install/base_demo/share/base_demo/rust/src/msg/rmw.rs\n'}
[0.225120] (base_demo) StdoutLine: {'line': b'-- Up-to-date: /home/jon/ws01/install/base_demo/share/base_demo/rust/src/msg.rs\n'}
[0.225156] (base_demo) StdoutLine: {'line': b'-- Up-to-date: /home/jon/ws01/install/base_demo/share/base_demo/rust/src/lib.rs\n'}
[0.225192] (base_demo) StdoutLine: {'line': b'-- Up-to-date: /home/jon/ws01/install/base_demo/share/base_demo/rust/src/srv.rs\n'}
[0.225229] (base_demo) StdoutLine: {'line': b'-- Up-to-date: /home/jon/ws01/install/base_demo/share/base_demo/rust/src/srv\n'}
[0.225265] (base_demo) StdoutLine: {'line': b'-- Up-to-date: /home/jon/ws01/install/base_demo/share/base_demo/rust/src/srv/rmw.rs\n'}
[0.225303] (base_demo) StdoutLine: {'line': b'-- Up-to-date: /home/jon/ws01/install/base_demo/share/base_demo/msg/Student.idl\n'}
[0.225343] (base_demo) StdoutLine: {'line': b'-- Up-to-date: /home/jon/ws01/install/base_demo/share/base_demo/srv/Addints.idl\n'}
[0.225362] (base_demo) StdoutLine: {'line': b'-- Up-to-date: /home/jon/ws01/install/base_demo/share/base_demo/msg/Student.msg\n'}
[0.225379] (base_demo) StdoutLine: {'line': b'-- Up-to-date: /home/jon/ws01/install/base_demo/share/base_demo/srv/Addints.srv\n'}
[0.225396] (base_demo) StdoutLine: {'line': b'-- Up-to-date: /home/jon/ws01/install/base_demo/share/base_demo/srv/Addints_Request.msg\n'}
[0.225413] (base_demo) StdoutLine: {'line': b'-- Up-to-date: /home/jon/ws01/install/base_demo/share/base_demo/srv/Addints_Response.msg\n'}
[0.225438] (base_demo) StdoutLine: {'line': b'-- Up-to-date: /home/jon/ws01/install/base_demo/share/ament_index/resource_index/package_run_dependencies/base_demo\n'}
[0.225458] (base_demo) StdoutLine: {'line': b'-- Up-to-date: /home/jon/ws01/install/base_demo/share/ament_index/resource_index/parent_prefix_path/base_demo\n'}
[0.225489] (base_demo) StdoutLine: {'line': b'-- Up-to-date: /home/jon/ws01/install/base_demo/share/base_demo/environment/ament_prefix_path.sh\n'}
[0.225511] (base_demo) StdoutLine: {'line': b'-- Up-to-date: /home/jon/ws01/install/base_demo/share/base_demo/environment/ament_prefix_path.dsv\n'}
[0.225543] (base_demo) StdoutLine: {'line': b'-- Up-to-date: /home/jon/ws01/install/base_demo/share/base_demo/environment/path.sh\n'}
[0.225566] (base_demo) StdoutLine: {'line': b'-- Up-to-date: /home/jon/ws01/install/base_demo/share/base_demo/environment/path.dsv\n'}
[0.225584] (base_demo) StdoutLine: {'line': b'-- Up-to-date: /home/jon/ws01/install/base_demo/share/base_demo/local_setup.bash\n'}
[0.225600] (base_demo) StdoutLine: {'line': b'-- Up-to-date: /home/jon/ws01/install/base_demo/share/base_demo/local_setup.sh\n'}
[0.225617] (base_demo) StdoutLine: {'line': b'-- Up-to-date: /home/jon/ws01/install/base_demo/share/base_demo/local_setup.zsh\n'}
[0.225635] (base_demo) StdoutLine: {'line': b'-- Up-to-date: /home/jon/ws01/install/base_demo/share/base_demo/local_setup.dsv\n'}
[0.225653] (base_demo) StdoutLine: {'line': b'-- Installing: /home/jon/ws01/install/base_demo/share/base_demo/package.dsv\n'}
[0.225670] (base_demo) StdoutLine: {'line': b'-- Up-to-date: /home/jon/ws01/install/base_demo/share/ament_index/resource_index/packages/base_demo\n'}
[0.225688] (base_demo) StdoutLine: {'line': b'-- Up-to-date: /home/jon/ws01/install/base_demo/share/base_demo/cmake/export_base_demo__rosidl_generator_cExport.cmake\n'}
[0.225705] (base_demo) StdoutLine: {'line': b'-- Up-to-date: /home/jon/ws01/install/base_demo/share/base_demo/cmake/export_base_demo__rosidl_generator_cExport-noconfig.cmake\n'}
[0.225722] (base_demo) StdoutLine: {'line': b'-- Up-to-date: /home/jon/ws01/install/base_demo/share/base_demo/cmake/export_base_demo__rosidl_typesupport_fastrtps_cExport.cmake\n'}
[0.225740] (base_demo) StdoutLine: {'line': b'-- Up-to-date: /home/jon/ws01/install/base_demo/share/base_demo/cmake/export_base_demo__rosidl_typesupport_fastrtps_cExport-noconfig.cmake\n'}
[0.225777] (base_demo) StdoutLine: {'line': b'-- Up-to-date: /home/jon/ws01/install/base_demo/share/base_demo/cmake/base_demo__rosidl_typesupport_introspection_cExport.cmake\n'}
[0.225809] (base_demo) StdoutLine: {'line': b'-- Up-to-date: /home/jon/ws01/install/base_demo/share/base_demo/cmake/base_demo__rosidl_typesupport_introspection_cExport-noconfig.cmake\n'}
[0.225853] (base_demo) StdoutLine: {'line': b'-- Up-to-date: /home/jon/ws01/install/base_demo/share/base_demo/cmake/base_demo__rosidl_typesupport_cExport.cmake\n'}
[0.225897] (base_demo) StdoutLine: {'line': b'-- Up-to-date: /home/jon/ws01/install/base_demo/share/base_demo/cmake/base_demo__rosidl_typesupport_cExport-noconfig.cmake\n'}
[0.225936] (base_demo) StdoutLine: {'line': b'-- Up-to-date: /home/jon/ws01/install/base_demo/share/base_demo/cmake/export_base_demo__rosidl_generator_cppExport.cmake\n'}
[0.225973] (base_demo) StdoutLine: {'line': b'-- Up-to-date: /home/jon/ws01/install/base_demo/share/base_demo/cmake/export_base_demo__rosidl_typesupport_fastrtps_cppExport.cmake\n'}
[0.225991] (base_demo) StdoutLine: {'line': b'-- Up-to-date: /home/jon/ws01/install/base_demo/share/base_demo/cmake/export_base_demo__rosidl_typesupport_fastrtps_cppExport-noconfig.cmake\n'}
[0.226008] (base_demo) StdoutLine: {'line': b'-- Up-to-date: /home/jon/ws01/install/base_demo/share/base_demo/cmake/base_demo__rosidl_typesupport_introspection_cppExport.cmake\n'}
[0.226025] (base_demo) StdoutLine: {'line': b'-- Up-to-date: /home/jon/ws01/install/base_demo/share/base_demo/cmake/base_demo__rosidl_typesupport_introspection_cppExport-noconfig.cmake\n'}
[0.226043] (base_demo) StdoutLine: {'line': b'-- Up-to-date: /home/jon/ws01/install/base_demo/share/base_demo/cmake/base_demo__rosidl_typesupport_cppExport.cmake\n'}
[0.226059] (base_demo) StdoutLine: {'line': b'-- Up-to-date: /home/jon/ws01/install/base_demo/share/base_demo/cmake/base_demo__rosidl_typesupport_cppExport-noconfig.cmake\n'}
[0.226075] (base_demo) StdoutLine: {'line': b'-- Up-to-date: /home/jon/ws01/install/base_demo/share/base_demo/cmake/export_base_demo__rosidl_generator_pyExport.cmake\n'}
[0.226091] (base_demo) StdoutLine: {'line': b'-- Up-to-date: /home/jon/ws01/install/base_demo/share/base_demo/cmake/export_base_demo__rosidl_generator_pyExport-noconfig.cmake\n'}
[0.226107] (base_demo) StdoutLine: {'line': b'-- Up-to-date: /home/jon/ws01/install/base_demo/share/base_demo/cmake/rosidl_cmake-extras.cmake\n'}
[0.226123] (base_demo) StdoutLine: {'line': b'-- Up-to-date: /home/jon/ws01/install/base_demo/share/base_demo/cmake/ament_cmake_export_include_directories-extras.cmake\n'}
[0.226140] (base_demo) StdoutLine: {'line': b'-- Up-to-date: /home/jon/ws01/install/base_demo/share/base_demo/cmake/ament_cmake_export_libraries-extras.cmake\n'}
[0.226156] (base_demo) StdoutLine: {'line': b'-- Up-to-date: /home/jon/ws01/install/base_demo/share/base_demo/cmake/ament_cmake_export_targets-extras.cmake\n'}
[0.226171] (base_demo) StdoutLine: {'line': b'-- Up-to-date: /home/jon/ws01/install/base_demo/share/base_demo/cmake/rosidl_cmake_export_typesupport_targets-extras.cmake\n'}
[0.226187] (base_demo) StdoutLine: {'line': b'-- Up-to-date: /home/jon/ws01/install/base_demo/share/base_demo/cmake/ament_cmake_export_dependencies-extras.cmake\n'}
[0.226203] (base_demo) StdoutLine: {'line': b'-- Up-to-date: /home/jon/ws01/install/base_demo/share/base_demo/cmake/rosidl_cmake_export_typesupport_libraries-extras.cmake\n'}
[0.226220] (base_demo) StdoutLine: {'line': b'-- Up-to-date: /home/jon/ws01/install/base_demo/share/base_demo/cmake/rosidl_cmake_aggregate_target-extras.cmake\n'}
[0.226236] (base_demo) StdoutLine: {'line': b'-- Up-to-date: /home/jon/ws01/install/base_demo/share/base_demo/cmake/base_demoConfig.cmake\n'}
[0.226251] (base_demo) StdoutLine: {'line': b'-- Up-to-date: /home/jon/ws01/install/base_demo/share/base_demo/cmake/base_demoConfig-version.cmake\n'}
[0.226266] (base_demo) StdoutLine: {'line': b'-- Up-to-date: /home/jon/ws01/install/base_demo/share/base_demo/package.xml\n'}
[0.228367] (base_demo) CommandEnded: {'returncode': 0}
[0.236163] (base_demo) JobEnded: {'identifier': 'base_demo', 'rc': 0}
[0.236359] (cpp01_topic) JobStarted: {'identifier': 'cpp01_topic'}
[0.237760] (cpp02_service) JobStarted: {'identifier': 'cpp02_service'}
[0.239876] (cpp01_topic) JobProgress: {'identifier': 'cpp01_topic', 'progress': 'cmake'}
[0.240088] (cpp01_topic) JobProgress: {'identifier': 'cpp01_topic', 'progress': 'build'}
[0.240427] (cpp01_topic) Command: {'cmd': ['/usr/bin/cmake', '--build', '/home/jon/ws01/build/cpp01_topic', '--', '-j24', '-l24'], 'cwd': '/home/jon/ws01/build/cpp01_topic', 'env': OrderedDict([('GJS_DEBUG_TOPICS', 'JS ERROR;JS LOG'), ('PYTHON_BASIC_REPL', '1'), ('LESSOPEN', '| /usr/bin/lesspipe %s'), ('HTTPS_PROXY', 'http://127.0.0.1:7890'), ('no_proxy', 'localhost,127.0.0.0/8,::1'), ('LANGUAGE', 'zh_CN:zh'), ('USER', 'jon'), ('all_proxy', 'socks5h://127.0.0.1:7890'), ('XDG_SESSION_TYPE', 'x11'), ('GIT_ASKPASS', '/usr/share/code/resources/app/extensions/git/dist/askpass.sh'), ('SHLVL', '1'), ('LD_LIBRARY_PATH', '/home/jon/ws01/install/base_demo/lib:/opt/ros/humble/opt/rviz_ogre_vendor/lib:/opt/ros/humble/lib/x86_64-linux-gnu:/opt/ros/humble/lib'), ('HOME', '/home/jon'), ('CHROME_DESKTOP', 'code.desktop'), ('TERM_PROGRAM_VERSION', '1.138.0'), ('DESKTOP_SESSION', 'ubuntu'), ('NO_PROXY', 'localhost,127.0.0.0/8,::1'), ('GIO_LAUNCHED_DESKTOP_FILE', '/usr/share/applications/code.desktop'), ('ROS_PYTHON_VERSION', '3'), ('GNOME_SHELL_SESSION_MODE', 'ubuntu'), ('GTK_MODULES', 'gail:atk-bridge'), ('VSCODE_GIT_ASKPASS_MAIN', '/usr/share/code/resources/app/extensions/git/dist/askpass-main.js'), ('VSCODE_GIT_ASKPASS_NODE', '/usr/share/code/code'), ('MANAGERPID', '1286'), ('PYDEVD_DISABLE_FILE_VALIDATION', '1'), ('SYSTEMD_EXEC_PID', '2464'), ('BUNDLED_DEBUGPY_PATH', '/home/jon/.vscode/extensions/ms-python.debugpy-2026.6.0-linux-x64/bundled/libs/debugpy'), ('VSCODE_PYTHON_AUTOACTIVATE_GUARD', '1'), ('DBUS_SESSION_BUS_ADDRESS', 'unix:path=/run/user/1000/bus'), ('COLORTERM', 'truecolor'), ('GIO_LAUNCHED_DESKTOP_FILE_PID', '4092'), ('IM_CONFIG_PHASE', '1'), ('https_proxy', 'http://127.0.0.1:7890'), ('COLCON_PREFIX_PATH', '/home/jon/ws01/install:/home/jon/ros2_ws/install'), ('ROS_DISTRO', 'humble'), ('LOGNAME', 'jon'), ('ALL_PROXY', 'socks5h://127.0.0.1:7890'), ('http_proxy', 'http://127.0.0.1:7890'), ('JOURNAL_STREAM', '8:15521'), ('_', '/usr/bin/colcon'), ('ROS_VERSION', '2'), ('XDG_SESSION_CLASS', 'user'), ('USERNAME', 'jon'), ('TERM', 'xterm-256color'), ('GNOME_DESKTOP_SESSION_ID', 'this-is-deprecated'), ('FC_FONTATIONS', '1'), ('ROS_LOCALHOST_ONLY', '0'), ('WINDOWPATH', '2'), ('PATH', '/home/jon/.config/Code/User/globalStorage/github.copilot-chat/debugCommand:/home/jon/.config/Code/User/globalStorage/github.copilot-chat/copilotCli:/home/jon/.local/bin:/opt/ros/humble/bin:/home/jon/.local/bin:/home/jon/.local/bin:/usr/local/sbin:/usr/local/bin:/usr/sbin:/usr/bin:/sbin:/bin:/usr/games:/usr/local/games:/snap/bin:/snap/bin:/home/jon/.vscode/extensions/ms-python.debugpy-2026.6.0-linux-x64/bundled/scripts/noConfigScripts'), ('SESSION_MANAGER', 'local/WJ:@/tmp/.ICE-unix/2436,unix/WJ:/tmp/.ICE-unix/2436'), ('INVOCATION_ID', 'dc714fa0cdc34e3a9439b83ad9a63145'), ('XDG_MENU_PREFIX', 'gnome-'), ('XDG_RUNTIME_DIR', '/run/user/1000'), ('GDK_BACKEND', 'x11'), ('DISPLAY', ':0'), ('VSCODE_DEBUGPY_ADAPTER_ENDPOINTS', '/home/jon/.vscode/extensions/ms-python.debugpy-2026.6.0-linux-x64/.noConfigDebugAdapterEndpoints/endpoint-b8a5c5d86f95c8fb.txt'), ('LANG', 'zh_CN.UTF-8'), ('XDG_CURRENT_DESKTOP', 'ubuntu:GNOME'), ('PYTHONSTARTUP', '/home/jon/.config/Code/User/workspaceStorage/1f60e15f81795b7429f56f0c0e99fe64/ms-python.python/pythonrc.py'), ('XMODIFIERS', '@im=ibus'), ('XDG_SESSION_DESKTOP', 'ubuntu'), ('XAUTHORITY', '/run/user/1000/gdm/Xauthority'), ('LS_COLORS', 'rs=0:di=01;34:ln=01;36:mh=00:pi=40;33:so=01;35:do=01;35:bd=40;33;01:cd=40;33;01:or=40;31;01:mi=00:su=37;41:sg=30;43:ca=30;41:tw=30;42:ow=34;42:st=37;44:ex=01;32:*.tar=01;31:*.tgz=01;31:*.arc=01;31:*.arj=01;31:*.taz=01;31:*.lha=01;31:*.lz4=01;31:*.lzh=01;31:*.lzma=01;31:*.tlz=01;31:*.txz=01;31:*.tzo=01;31:*.t7z=01;31:*.zip=01;31:*.z=01;31:*.dz=01;31:*.gz=01;31:*.lrz=01;31:*.lz=01;31:*.lzo=01;31:*.xz=01;31:*.zst=01;31:*.tzst=01;31:*.bz2=01;31:*.bz=01;31:*.tbz=01;31:*.tbz2=01;31:*.tz=01;31:*.deb=01;31:*.rpm=01;31:*.jar=01;31:*.war=01;31:*.ear=01;31:*.sar=01;31:*.rar=01;31:*.alz=01;31:*.ace=01;31:*.zoo=01;31:*.cpio=01;31:*.7z=01;31:*.rz=01;31:*.cab=01;31:*.wim=01;31:*.swm=01;31:*.dwm=01;31:*.esd=01;31:*.jpg=01;35:*.jpeg=01;35:*.mjpg=01;35:*.mjpeg=01;35:*.gif=01;35:*.bmp=01;35:*.pbm=01;35:*.pgm=01;35:*.ppm=01;35:*.tga=01;35:*.xbm=01;35:*.xpm=01;35:*.tif=01;35:*.tiff=01;35:*.png=01;35:*.svg=01;35:*.svgz=01;35:*.mng=01;35:*.pcx=01;35:*.mov=01;35:*.mpg=01;35:*.mpeg=01;35:*.m2v=01;35:*.mkv=01;35:*.webm=01;35:*.webp=01;35:*.ogm=01;35:*.mp4=01;35:*.m4v=01;35:*.mp4v=01;35:*.vob=01;35:*.qt=01;35:*.nuv=01;35:*.wmv=01;35:*.asf=01;35:*.rm=01;35:*.rmvb=01;35:*.flc=01;35:*.avi=01;35:*.fli=01;35:*.flv=01;35:*.gl=01;35:*.dl=01;35:*.xcf=01;35:*.xwd=01;35:*.yuv=01;35:*.cgm=01;35:*.emf=01;35:*.ogv=01;35:*.ogx=01;35:*.aac=00;36:*.au=00;36:*.flac=00;36:*.m4a=00;36:*.mid=00;36:*.midi=00;36:*.mka=00;36:*.mp3=00;36:*.mpc=00;36:*.ogg=00;36:*.ra=00;36:*.wav=00;36:*.oga=00;36:*.opus=00;36:*.spx=00;36:*.xspf=00;36:'), ('VSCODE_GIT_IPC_HANDLE', '/run/user/1000/vscode-git-81883a5c4f.sock'), ('TERM_PROGRAM', 'vscode'), ('SSH_AGENT_LAUNCHER', 'gnome-keyring'), ('SSH_AUTH_SOCK', '/run/user/1000/keyring/ssh'), ('AMENT_PREFIX_PATH', '/home/jon/ws01/install/cpp02_service:/home/jon/ws01/install/cpp01_topic:/home/jon/ws01/install/base_demo:/home/jon/ros2_ws/install/hellovscode_cpp:/home/jon/ros2_ws/install/hello_cpp:/opt/ros/humble'), ('SHELL', '/bin/bash'), ('QT_ACCESSIBILITY', '1'), ('GDMSESSION', 'ubuntu'), ('LESSCLOSE', '/usr/bin/lesspipe %s %s'), ('GPG_AGENT_INFO', '/run/user/1000/gnupg/S.gpg-agent:0:1'), ('GJS_DEBUG_OUTPUT', 'stderr'), ('VSCODE_GIT_ASKPASS_EXTRA_ARGS', ''), ('QT_IM_MODULE', 'ibus'), ('PWD', '/home/jon/ws01/build/cpp01_topic'), ('XDG_CONFIG_DIRS', '/etc/xdg/xdg-ubuntu:/etc/xdg'), ('COPILOT_DEBUG_NONCE', '20fc3c0b33e88ebaf2914c4d51f59b28'), ('XDG_DATA_DIRS', '/usr/share/gnome:/usr/share/ubuntu:/usr/local/share/:/usr/share/:/var/lib/snapd/desktop'), ('PYTHONPATH', '/home/jon/ws01/install/base_demo/local/lib/python3.10/dist-packages:/opt/ros/humble/lib/python3.10/site-packages:/opt/ros/humble/local/lib/python3.10/dist-packages'), ('HTTP_PROXY', 'http://127.0.0.1:7890'), ('COLCON', '1'), ('CMAKE_PREFIX_PATH', '/home/jon/ws01/install/base_demo:/home/jon/ws01/install/cpp02_service:/home/jon/ws01/install/cpp01_topic:/home/jon/ros2_ws/install/hellovscode_cpp:/home/jon/ros2_ws/install/hello_cpp:/opt/ros/humble')]), 'shell': False}
[0.242128] (cpp02_service) JobProgress: {'identifier': 'cpp02_service', 'progress': 'cmake'}
[0.242166] (cpp02_service) JobProgress: {'identifier': 'cpp02_service', 'progress': 'build'}
[0.242176] (cpp02_service) Command: {'cmd': ['/usr/bin/cmake', '--build', '/home/jon/ws01/build/cpp02_service', '--', '-j24', '-l24'], 'cwd': '/home/jon/ws01/build/cpp02_service', 'env': OrderedDict([('GJS_DEBUG_TOPICS', 'JS ERROR;JS LOG'), ('PYTHON_BASIC_REPL', '1'), ('LESSOPEN', '| /usr/bin/lesspipe %s'), ('HTTPS_PROXY', 'http://127.0.0.1:7890'), ('no_proxy', 'localhost,127.0.0.0/8,::1'), ('LANGUAGE', 'zh_CN:zh'), ('USER', 'jon'), ('all_proxy', 'socks5h://127.0.0.1:7890'), ('XDG_SESSION_TYPE', 'x11'), ('GIT_ASKPASS', '/usr/share/code/resources/app/extensions/git/dist/askpass.sh'), ('SHLVL', '1'), ('LD_LIBRARY_PATH', '/home/jon/ws01/install/base_demo/lib:/opt/ros/humble/opt/rviz_ogre_vendor/lib:/opt/ros/humble/lib/x86_64-linux-gnu:/opt/ros/humble/lib'), ('HOME', '/home/jon'), ('CHROME_DESKTOP', 'code.desktop'), ('TERM_PROGRAM_VERSION', '1.138.0'), ('DESKTOP_SESSION', 'ubuntu'), ('NO_PROXY', 'localhost,127.0.0.0/8,::1'), ('GIO_LAUNCHED_DESKTOP_FILE', '/usr/share/applications/code.desktop'), ('ROS_PYTHON_VERSION', '3'), ('GNOME_SHELL_SESSION_MODE', 'ubuntu'), ('GTK_MODULES', 'gail:atk-bridge'), ('VSCODE_GIT_ASKPASS_MAIN', '/usr/share/code/resources/app/extensions/git/dist/askpass-main.js'), ('VSCODE_GIT_ASKPASS_NODE', '/usr/share/code/code'), ('MANAGERPID', '1286'), ('PYDEVD_DISABLE_FILE_VALIDATION', '1'), ('SYSTEMD_EXEC_PID', '2464'), ('BUNDLED_DEBUGPY_PATH', '/home/jon/.vscode/extensions/ms-python.debugpy-2026.6.0-linux-x64/bundled/libs/debugpy'), ('VSCODE_PYTHON_AUTOACTIVATE_GUARD', '1'), ('DBUS_SESSION_BUS_ADDRESS', 'unix:path=/run/user/1000/bus'), ('COLORTERM', 'truecolor'), ('GIO_LAUNCHED_DESKTOP_FILE_PID', '4092'), ('IM_CONFIG_PHASE', '1'), ('https_proxy', 'http://127.0.0.1:7890'), ('COLCON_PREFIX_PATH', '/home/jon/ws01/install:/home/jon/ros2_ws/install'), ('ROS_DISTRO', 'humble'), ('LOGNAME', 'jon'), ('ALL_PROXY', 'socks5h://127.0.0.1:7890'), ('http_proxy', 'http://127.0.0.1:7890'), ('JOURNAL_STREAM', '8:15521'), ('_', '/usr/bin/colcon'), ('ROS_VERSION', '2'), ('XDG_SESSION_CLASS', 'user'), ('USERNAME', 'jon'), ('TERM', 'xterm-256color'), ('GNOME_DESKTOP_SESSION_ID', 'this-is-deprecated'), ('FC_FONTATIONS', '1'), ('ROS_LOCALHOST_ONLY', '0'), ('WINDOWPATH', '2'), ('PATH', '/home/jon/.config/Code/User/globalStorage/github.copilot-chat/debugCommand:/home/jon/.config/Code/User/globalStorage/github.copilot-chat/copilotCli:/home/jon/.local/bin:/opt/ros/humble/bin:/home/jon/.local/bin:/home/jon/.local/bin:/usr/local/sbin:/usr/local/bin:/usr/sbin:/usr/bin:/sbin:/bin:/usr/games:/usr/local/games:/snap/bin:/snap/bin:/home/jon/.vscode/extensions/ms-python.debugpy-2026.6.0-linux-x64/bundled/scripts/noConfigScripts'), ('SESSION_MANAGER', 'local/WJ:@/tmp/.ICE-unix/2436,unix/WJ:/tmp/.ICE-unix/2436'), ('INVOCATION_ID', 'dc714fa0cdc34e3a9439b83ad9a63145'), ('XDG_MENU_PREFIX', 'gnome-'), ('XDG_RUNTIME_DIR', '/run/user/1000'), ('GDK_BACKEND', 'x11'), ('DISPLAY', ':0'), ('VSCODE_DEBUGPY_ADAPTER_ENDPOINTS', '/home/jon/.vscode/extensions/ms-python.debugpy-2026.6.0-linux-x64/.noConfigDebugAdapterEndpoints/endpoint-b8a5c5d86f95c8fb.txt'), ('LANG', 'zh_CN.UTF-8'), ('XDG_CURRENT_DESKTOP', 'ubuntu:GNOME'), ('PYTHONSTARTUP', '/home/jon/.config/Code/User/workspaceStorage/1f60e15f81795b7429f56f0c0e99fe64/ms-python.python/pythonrc.py'), ('XMODIFIERS', '@im=ibus'), ('XDG_SESSION_DESKTOP', 'ubuntu'), ('XAUTHORITY', '/run/user/1000/gdm/Xauthority'), ('LS_COLORS', 'rs=0:di=01;34:ln=01;36:mh=00:pi=40;33:so=01;35:do=01;35:bd=40;33;01:cd=40;33;01:or=40;31;01:mi=00:su=37;41:sg=30;43:ca=30;41:tw=30;42:ow=34;42:st=37;44:ex=01;32:*.tar=01;31:*.tgz=01;31:*.arc=01;31:*.arj=01;31:*.taz=01;31:*.lha=01;31:*.lz4=01;31:*.lzh=01;31:*.lzma=01;31:*.tlz=01;31:*.txz=01;31:*.tzo=01;31:*.t7z=01;31:*.zip=01;31:*.z=01;31:*.dz=01;31:*.gz=01;31:*.lrz=01;31:*.lz=01;31:*.lzo=01;31:*.xz=01;31:*.zst=01;31:*.tzst=01;31:*.bz2=01;31:*.bz=01;31:*.tbz=01;31:*.tbz2=01;31:*.tz=01;31:*.deb=01;31:*.rpm=01;31:*.jar=01;31:*.war=01;31:*.ear=01;31:*.sar=01;31:*.rar=01;31:*.alz=01;31:*.ace=01;31:*.zoo=01;31:*.cpio=01;31:*.7z=01;31:*.rz=01;31:*.cab=01;31:*.wim=01;31:*.swm=01;31:*.dwm=01;31:*.esd=01;31:*.jpg=01;35:*.jpeg=01;35:*.mjpg=01;35:*.mjpeg=01;35:*.gif=01;35:*.bmp=01;35:*.pbm=01;35:*.pgm=01;35:*.ppm=01;35:*.tga=01;35:*.xbm=01;35:*.xpm=01;35:*.tif=01;35:*.tiff=01;35:*.png=01;35:*.svg=01;35:*.svgz=01;35:*.mng=01;35:*.pcx=01;35:*.mov=01;35:*.mpg=01;35:*.mpeg=01;35:*.m2v=01;35:*.mkv=01;35:*.webm=01;35:*.webp=01;35:*.ogm=01;35:*.mp4=01;35:*.m4v=01;35:*.mp4v=01;35:*.vob=01;35:*.qt=01;35:*.nuv=01;35:*.wmv=01;35:*.asf=01;35:*.rm=01;35:*.rmvb=01;35:*.flc=01;35:*.avi=01;35:*.fli=01;35:*.flv=01;35:*.gl=01;35:*.dl=01;35:*.xcf=01;35:*.xwd=01;35:*.yuv=01;35:*.cgm=01;35:*.emf=01;35:*.ogv=01;35:*.ogx=01;35:*.aac=00;36:*.au=00;36:*.flac=00;36:*.m4a=00;36:*.mid=00;36:*.midi=00;36:*.mka=00;36:*.mp3=00;36:*.mpc=00;36:*.ogg=00;36:*.ra=00;36:*.wav=00;36:*.oga=00;36:*.opus=00;36:*.spx=00;36:*.xspf=00;36:'), ('VSCODE_GIT_IPC_HANDLE', '/run/user/1000/vscode-git-81883a5c4f.sock'), ('TERM_PROGRAM', 'vscode'), ('SSH_AGENT_LAUNCHER', 'gnome-keyring'), ('SSH_AUTH_SOCK', '/run/user/1000/keyring/ssh'), ('AMENT_PREFIX_PATH', '/home/jon/ws01/install/cpp02_service:/home/jon/ws01/install/cpp01_topic:/home/jon/ws01/install/base_demo:/home/jon/ros2_ws/install/hellovscode_cpp:/home/jon/ros2_ws/install/hello_cpp:/opt/ros/humble'), ('SHELL', '/bin/bash'), ('QT_ACCESSIBILITY', '1'), ('GDMSESSION', 'ubuntu'), ('LESSCLOSE', '/usr/bin/lesspipe %s %s'), ('GPG_AGENT_INFO', '/run/user/1000/gnupg/S.gpg-agent:0:1'), ('GJS_DEBUG_OUTPUT', 'stderr'), ('VSCODE_GIT_ASKPASS_EXTRA_ARGS', ''), ('QT_IM_MODULE', 'ibus'), ('PWD', '/home/jon/ws01/build/cpp02_service'), ('XDG_CONFIG_DIRS', '/etc/xdg/xdg-ubuntu:/etc/xdg'), ('COPILOT_DEBUG_NONCE', '20fc3c0b33e88ebaf2914c4d51f59b28'), ('XDG_DATA_DIRS', '/usr/share/gnome:/usr/share/ubuntu:/usr/local/share/:/usr/share/:/var/lib/snapd/desktop'), ('PYTHONPATH', '/home/jon/ws01/install/base_demo/local/lib/python3.10/dist-packages:/opt/ros/humble/lib/python3.10/site-packages:/opt/ros/humble/local/lib/python3.10/dist-packages'), ('HTTP_PROXY', 'http://127.0.0.1:7890'), ('COLCON', '1'), ('CMAKE_PREFIX_PATH', '/home/jon/ws01/install/base_demo:/home/jon/ws01/install/cpp02_service:/home/jon/ws01/install/cpp01_topic:/home/jon/ros2_ws/install/hellovscode_cpp:/home/jon/ros2_ws/install/hello_cpp:/opt/ros/humble')]), 'shell': False}
[0.273905] (cpp02_service) StdoutLine: {'line': b'\x1b[35m\x1b[1mConsolidate compiler generated dependencies of target demo02_client\x1b[0m\n'}
[0.278976] (cpp02_service) StdoutLine: {'line': b'[ 75%] \x1b[32mBuilding CXX object CMakeFiles/demo02_client.dir/src/demo02_client.cpp.o\x1b[0m\n'}
[0.279097] (cpp02_service) StdoutLine: {'line': b'[ 75%] Built target demo01_server\n'}
[0.281624] (cpp01_topic) StdoutLine: {'line': b'[ 25%] Built target demo03_talker\n'}
[0.281667] (cpp01_topic) StdoutLine: {'line': b'[ 50%] Built target demo02_listener\n'}
[0.281692] (cpp01_topic) StdoutLine: {'line': b'[ 75%] Built target demo01_talker\n'}
[0.284347] (cpp01_topic) StdoutLine: {'line': b'[100%] Built target demo04_listener\n'}
[0.291020] (cpp01_topic) CommandEnded: {'returncode': 0}
[0.291424] (cpp01_topic) JobProgress: {'identifier': 'cpp01_topic', 'progress': 'install'}
[0.291554] (cpp01_topic) Command: {'cmd': ['/usr/bin/cmake', '--install', '/home/jon/ws01/build/cpp01_topic'], 'cwd': '/home/jon/ws01/build/cpp01_topic', 'env': OrderedDict([('GJS_DEBUG_TOPICS', 'JS ERROR;JS LOG'), ('PYTHON_BASIC_REPL', '1'), ('LESSOPEN', '| /usr/bin/lesspipe %s'), ('HTTPS_PROXY', 'http://127.0.0.1:7890'), ('no_proxy', 'localhost,127.0.0.0/8,::1'), ('LANGUAGE', 'zh_CN:zh'), ('USER', 'jon'), ('all_proxy', 'socks5h://127.0.0.1:7890'), ('XDG_SESSION_TYPE', 'x11'), ('GIT_ASKPASS', '/usr/share/code/resources/app/extensions/git/dist/askpass.sh'), ('SHLVL', '1'), ('LD_LIBRARY_PATH', '/home/jon/ws01/install/base_demo/lib:/opt/ros/humble/opt/rviz_ogre_vendor/lib:/opt/ros/humble/lib/x86_64-linux-gnu:/opt/ros/humble/lib'), ('HOME', '/home/jon'), ('CHROME_DESKTOP', 'code.desktop'), ('TERM_PROGRAM_VERSION', '1.138.0'), ('DESKTOP_SESSION', 'ubuntu'), ('NO_PROXY', 'localhost,127.0.0.0/8,::1'), ('GIO_LAUNCHED_DESKTOP_FILE', '/usr/share/applications/code.desktop'), ('ROS_PYTHON_VERSION', '3'), ('GNOME_SHELL_SESSION_MODE', 'ubuntu'), ('GTK_MODULES', 'gail:atk-bridge'), ('VSCODE_GIT_ASKPASS_MAIN', '/usr/share/code/resources/app/extensions/git/dist/askpass-main.js'), ('VSCODE_GIT_ASKPASS_NODE', '/usr/share/code/code'), ('MANAGERPID', '1286'), ('PYDEVD_DISABLE_FILE_VALIDATION', '1'), ('SYSTEMD_EXEC_PID', '2464'), ('BUNDLED_DEBUGPY_PATH', '/home/jon/.vscode/extensions/ms-python.debugpy-2026.6.0-linux-x64/bundled/libs/debugpy'), ('VSCODE_PYTHON_AUTOACTIVATE_GUARD', '1'), ('DBUS_SESSION_BUS_ADDRESS', 'unix:path=/run/user/1000/bus'), ('COLORTERM', 'truecolor'), ('GIO_LAUNCHED_DESKTOP_FILE_PID', '4092'), ('IM_CONFIG_PHASE', '1'), ('https_proxy', 'http://127.0.0.1:7890'), ('COLCON_PREFIX_PATH', '/home/jon/ws01/install:/home/jon/ros2_ws/install'), ('ROS_DISTRO', 'humble'), ('LOGNAME', 'jon'), ('ALL_PROXY', 'socks5h://127.0.0.1:7890'), ('http_proxy', 'http://127.0.0.1:7890'), ('JOURNAL_STREAM', '8:15521'), ('_', '/usr/bin/colcon'), ('ROS_VERSION', '2'), ('XDG_SESSION_CLASS', 'user'), ('USERNAME', 'jon'), ('TERM', 'xterm-256color'), ('GNOME_DESKTOP_SESSION_ID', 'this-is-deprecated'), ('FC_FONTATIONS', '1'), ('ROS_LOCALHOST_ONLY', '0'), ('WINDOWPATH', '2'), ('PATH', '/home/jon/.config/Code/User/globalStorage/github.copilot-chat/debugCommand:/home/jon/.config/Code/User/globalStorage/github.copilot-chat/copilotCli:/home/jon/.local/bin:/opt/ros/humble/bin:/home/jon/.local/bin:/home/jon/.local/bin:/usr/local/sbin:/usr/local/bin:/usr/sbin:/usr/bin:/sbin:/bin:/usr/games:/usr/local/games:/snap/bin:/snap/bin:/home/jon/.vscode/extensions/ms-python.debugpy-2026.6.0-linux-x64/bundled/scripts/noConfigScripts'), ('SESSION_MANAGER', 'local/WJ:@/tmp/.ICE-unix/2436,unix/WJ:/tmp/.ICE-unix/2436'), ('INVOCATION_ID', 'dc714fa0cdc34e3a9439b83ad9a63145'), ('XDG_MENU_PREFIX', 'gnome-'), ('XDG_RUNTIME_DIR', '/run/user/1000'), ('GDK_BACKEND', 'x11'), ('DISPLAY', ':0'), ('VSCODE_DEBUGPY_ADAPTER_ENDPOINTS', '/home/jon/.vscode/extensions/ms-python.debugpy-2026.6.0-linux-x64/.noConfigDebugAdapterEndpoints/endpoint-b8a5c5d86f95c8fb.txt'), ('LANG', 'zh_CN.UTF-8'), ('XDG_CURRENT_DESKTOP', 'ubuntu:GNOME'), ('PYTHONSTARTUP', '/home/jon/.config/Code/User/workspaceStorage/1f60e15f81795b7429f56f0c0e99fe64/ms-python.python/pythonrc.py'), ('XMODIFIERS', '@im=ibus'), ('XDG_SESSION_DESKTOP', 'ubuntu'), ('XAUTHORITY', '/run/user/1000/gdm/Xauthority'), ('LS_COLORS', 'rs=0:di=01;34:ln=01;36:mh=00:pi=40;33:so=01;35:do=01;35:bd=40;33;01:cd=40;33;01:or=40;31;01:mi=00:su=37;41:sg=30;43:ca=30;41:tw=30;42:ow=34;42:st=37;44:ex=01;32:*.tar=01;31:*.tgz=01;31:*.arc=01;31:*.arj=01;31:*.taz=01;31:*.lha=01;31:*.lz4=01;31:*.lzh=01;31:*.lzma=01;31:*.tlz=01;31:*.txz=01;31:*.tzo=01;31:*.t7z=01;31:*.zip=01;31:*.z=01;31:*.dz=01;31:*.gz=01;31:*.lrz=01;31:*.lz=01;31:*.lzo=01;31:*.xz=01;31:*.zst=01;31:*.tzst=01;31:*.bz2=01;31:*.bz=01;31:*.tbz=01;31:*.tbz2=01;31:*.tz=01;31:*.deb=01;31:*.rpm=01;31:*.jar=01;31:*.war=01;31:*.ear=01;31:*.sar=01;31:*.rar=01;31:*.alz=01;31:*.ace=01;31:*.zoo=01;31:*.cpio=01;31:*.7z=01;31:*.rz=01;31:*.cab=01;31:*.wim=01;31:*.swm=01;31:*.dwm=01;31:*.esd=01;31:*.jpg=01;35:*.jpeg=01;35:*.mjpg=01;35:*.mjpeg=01;35:*.gif=01;35:*.bmp=01;35:*.pbm=01;35:*.pgm=01;35:*.ppm=01;35:*.tga=01;35:*.xbm=01;35:*.xpm=01;35:*.tif=01;35:*.tiff=01;35:*.png=01;35:*.svg=01;35:*.svgz=01;35:*.mng=01;35:*.pcx=01;35:*.mov=01;35:*.mpg=01;35:*.mpeg=01;35:*.m2v=01;35:*.mkv=01;35:*.webm=01;35:*.webp=01;35:*.ogm=01;35:*.mp4=01;35:*.m4v=01;35:*.mp4v=01;35:*.vob=01;35:*.qt=01;35:*.nuv=01;35:*.wmv=01;35:*.asf=01;35:*.rm=01;35:*.rmvb=01;35:*.flc=01;35:*.avi=01;35:*.fli=01;35:*.flv=01;35:*.gl=01;35:*.dl=01;35:*.xcf=01;35:*.xwd=01;35:*.yuv=01;35:*.cgm=01;35:*.emf=01;35:*.ogv=01;35:*.ogx=01;35:*.aac=00;36:*.au=00;36:*.flac=00;36:*.m4a=00;36:*.mid=00;36:*.midi=00;36:*.mka=00;36:*.mp3=00;36:*.mpc=00;36:*.ogg=00;36:*.ra=00;36:*.wav=00;36:*.oga=00;36:*.opus=00;36:*.spx=00;36:*.xspf=00;36:'), ('VSCODE_GIT_IPC_HANDLE', '/run/user/1000/vscode-git-81883a5c4f.sock'), ('TERM_PROGRAM', 'vscode'), ('SSH_AGENT_LAUNCHER', 'gnome-keyring'), ('SSH_AUTH_SOCK', '/run/user/1000/keyring/ssh'), ('AMENT_PREFIX_PATH', '/home/jon/ws01/install/cpp02_service:/home/jon/ws01/install/cpp01_topic:/home/jon/ws01/install/base_demo:/home/jon/ros2_ws/install/hellovscode_cpp:/home/jon/ros2_ws/install/hello_cpp:/opt/ros/humble'), ('SHELL', '/bin/bash'), ('QT_ACCESSIBILITY', '1'), ('GDMSESSION', 'ubuntu'), ('LESSCLOSE', '/usr/bin/lesspipe %s %s'), ('GPG_AGENT_INFO', '/run/user/1000/gnupg/S.gpg-agent:0:1'), ('GJS_DEBUG_OUTPUT', 'stderr'), ('VSCODE_GIT_ASKPASS_EXTRA_ARGS', ''), ('QT_IM_MODULE', 'ibus'), ('PWD', '/home/jon/ws01/build/cpp01_topic'), ('XDG_CONFIG_DIRS', '/etc/xdg/xdg-ubuntu:/etc/xdg'), ('COPILOT_DEBUG_NONCE', '20fc3c0b33e88ebaf2914c4d51f59b28'), ('XDG_DATA_DIRS', '/usr/share/gnome:/usr/share/ubuntu:/usr/local/share/:/usr/share/:/var/lib/snapd/desktop'), ('PYTHONPATH', '/home/jon/ws01/install/base_demo/local/lib/python3.10/dist-packages:/opt/ros/humble/lib/python3.10/site-packages:/opt/ros/humble/local/lib/python3.10/dist-packages'), ('HTTP_PROXY', 'http://127.0.0.1:7890'), ('COLCON', '1'), ('CMAKE_PREFIX_PATH', '/home/jon/ws01/install/base_demo:/home/jon/ws01/install/cpp02_service:/home/jon/ws01/install/cpp01_topic:/home/jon/ros2_ws/install/hellovscode_cpp:/home/jon/ros2_ws/install/hello_cpp:/opt/ros/humble')]), 'shell': False}
[0.296328] (cpp01_topic) StdoutLine: {'line': b'-- Install configuration: ""\n'}
[0.296372] (cpp01_topic) StdoutLine: {'line': b'-- Up-to-date: /home/jon/ws01/install/cpp01_topic/lib/cpp01_topic/demo01_talker\n'}
[0.296398] (cpp01_topic) StdoutLine: {'line': b'-- Up-to-date: /home/jon/ws01/install/cpp01_topic/lib/cpp01_topic/demo02_listener\n'}
[0.296422] (cpp01_topic) StdoutLine: {'line': b'-- Up-to-date: /home/jon/ws01/install/cpp01_topic/lib/cpp01_topic/demo03_talker\n'}
[0.296445] (cpp01_topic) StdoutLine: {'line': b'-- Up-to-date: /home/jon/ws01/install/cpp01_topic/lib/cpp01_topic/demo04_listener\n'}
[0.296467] (cpp01_topic) StdoutLine: {'line': b'-- Up-to-date: /home/jon/ws01/install/cpp01_topic/share/ament_index/resource_index/package_run_dependencies/cpp01_topic\n'}
[0.296489] (cpp01_topic) StdoutLine: {'line': b'-- Up-to-date: /home/jon/ws01/install/cpp01_topic/share/ament_index/resource_index/parent_prefix_path/cpp01_topic\n'}
[0.296511] (cpp01_topic) StdoutLine: {'line': b'-- Up-to-date: /home/jon/ws01/install/cpp01_topic/share/cpp01_topic/environment/ament_prefix_path.sh\n'}
[0.297168] (cpp01_topic) StdoutLine: {'line': b'-- Up-to-date: /home/jon/ws01/install/cpp01_topic/share/cpp01_topic/environment/ament_prefix_path.dsv\n'}
[0.297247] (cpp01_topic) StdoutLine: {'line': b'-- Up-to-date: /home/jon/ws01/install/cpp01_topic/share/cpp01_topic/environment/path.sh\n'}
[0.297490] (cpp01_topic) StdoutLine: {'line': b'-- Up-to-date: /home/jon/ws01/install/cpp01_topic/share/cpp01_topic/environment/path.dsv\n'}
[0.297710] (cpp01_topic) StdoutLine: {'line': b'-- Up-to-date: /home/jon/ws01/install/cpp01_topic/share/cpp01_topic/local_setup.bash\n'}
[0.297731] (cpp01_topic) StdoutLine: {'line': b'-- Up-to-date: /home/jon/ws01/install/cpp01_topic/share/cpp01_topic/local_setup.sh\n'}
[0.297752] (cpp01_topic) StdoutLine: {'line': b'-- Up-to-date: /home/jon/ws01/install/cpp01_topic/share/cpp01_topic/local_setup.zsh\n'}
[0.297773] (cpp01_topic) StdoutLine: {'line': b'-- Up-to-date: /home/jon/ws01/install/cpp01_topic/share/cpp01_topic/local_setup.dsv\n'}
[0.297792] (cpp01_topic) StdoutLine: {'line': b'-- Installing: /home/jon/ws01/install/cpp01_topic/share/cpp01_topic/package.dsv\n'}
[0.297812] (cpp01_topic) StdoutLine: {'line': b'-- Up-to-date: /home/jon/ws01/install/cpp01_topic/share/ament_index/resource_index/packages/cpp01_topic\n'}
[0.297831] (cpp01_topic) StdoutLine: {'line': b'-- Up-to-date: /home/jon/ws01/install/cpp01_topic/share/cpp01_topic/cmake/cpp01_topicConfig.cmake\n'}
[0.297850] (cpp01_topic) StdoutLine: {'line': b'-- Up-to-date: /home/jon/ws01/install/cpp01_topic/share/cpp01_topic/cmake/cpp01_topicConfig-version.cmake\n'}
[0.297869] (cpp01_topic) StdoutLine: {'line': b'-- Up-to-date: /home/jon/ws01/install/cpp01_topic/share/cpp01_topic/package.xml\n'}
[0.297890] (cpp01_topic) CommandEnded: {'returncode': 0}
[0.299649] (-) TimerEvent: {}
[0.307678] (cpp01_topic) JobEnded: {'identifier': 'cpp01_topic', 'rc': 0}
[0.399752] (-) TimerEvent: {}
[0.500125] (-) TimerEvent: {}
[0.600481] (-) TimerEvent: {}
[0.700840] (-) TimerEvent: {}
[0.801205] (-) TimerEvent: {}
[0.901508] (-) TimerEvent: {}
[1.001893] (-) TimerEvent: {}
[1.102774] (-) TimerEvent: {}
[1.203142] (-) TimerEvent: {}
[1.303515] (-) TimerEvent: {}
[1.391190] (cpp02_service) StderrLine: {'line': b'In file included from \x1b[01m\x1b[K/opt/ros/humble/include/rclcpp/rclcpp/client.hpp:40\x1b[m\x1b[K,\n'}
[1.391348] (cpp02_service) StderrLine: {'line': b'                 from \x1b[01m\x1b[K/opt/ros/humble/include/rclcpp/rclcpp/callback_group.hpp:24\x1b[m\x1b[K,\n'}
[1.391387] (cpp02_service) StderrLine: {'line': b'                 from \x1b[01m\x1b[K/opt/ros/humble/include/rclcpp/rclcpp/any_executable.hpp:20\x1b[m\x1b[K,\n'}
[1.391670] (cpp02_service) StderrLine: {'line': b'                 from \x1b[01m\x1b[K/opt/ros/humble/include/rclcpp/rclcpp/memory_strategy.hpp:25\x1b[m\x1b[K,\n'}
[1.391698] (cpp02_service) StderrLine: {'line': b'                 from \x1b[01m\x1b[K/opt/ros/humble/include/rclcpp/rclcpp/memory_strategies.hpp:18\x1b[m\x1b[K,\n'}
[1.391719] (cpp02_service) StderrLine: {'line': b'                 from \x1b[01m\x1b[K/opt/ros/humble/include/rclcpp/rclcpp/executor_options.hpp:20\x1b[m\x1b[K,\n'}
[1.391738] (cpp02_service) StderrLine: {'line': b'                 from \x1b[01m\x1b[K/opt/ros/humble/include/rclcpp/rclcpp/executor.hpp:37\x1b[m\x1b[K,\n'}
[1.391755] (cpp02_service) StderrLine: {'line': b'                 from \x1b[01m\x1b[K/opt/ros/humble/include/rclcpp/rclcpp/executors/multi_threaded_executor.hpp:25\x1b[m\x1b[K,\n'}
[1.391774] (cpp02_service) StderrLine: {'line': b'                 from \x1b[01m\x1b[K/opt/ros/humble/include/rclcpp/rclcpp/executors.hpp:21\x1b[m\x1b[K,\n'}
[1.391792] (cpp02_service) StderrLine: {'line': b'                 from \x1b[01m\x1b[K/opt/ros/humble/include/rclcpp/rclcpp/rclcpp.hpp:155\x1b[m\x1b[K,\n'}
[1.391810] (cpp02_service) StderrLine: {'line': b'                 from \x1b[01m\x1b[K/home/jon/ws01/src/cpp02_service/src/demo02_client.cpp:17\x1b[m\x1b[K:\n'}
[1.391827] (cpp02_service) StderrLine: {'line': b'\x1b[01m\x1b[K/home/jon/ws01/src/cpp02_service/src/demo02_client.cpp:\x1b[m\x1b[K In member function \xe2\x80\x98\x1b[01m\x1b[Kbool AddintsClient::connect_server()\x1b[m\x1b[K\xe2\x80\x99:\n'}
[1.391844] (cpp02_service) StderrLine: {'line': b'\x1b[01m\x1b[K/home/jon/ws01/src/cpp02_service/src/demo02_client.cpp:54:40:\x1b[m\x1b[K \x1b[01;31m\x1b[Kerror: \x1b[m\x1b[Ktoo few arguments to function \xe2\x80\x98\x1b[01m\x1b[Krclcpp::Logger rclcpp::get_logger(const string&)\x1b[m\x1b[K\xe2\x80\x99\n'}
[1.391862] (cpp02_service) StderrLine: {'line': b'   54 |         RCLCPP_ERROR(\x1b[01;31m\x1b[Krclcpp::get_logger()\x1b[m\x1b[K, "\xe5\xae\xa2\xe6\x88\xb7\xe7\xab\xaf\xe8\x8a\x82\xe7\x82\xb9\xe8\xa2\xab\xe4\xb8\xad\xe6\x96\xad\xef\xbc\x8c\xe9\x80\x80\xe5\x87\xba\xef\xbc\x81");\n'}
[1.391879] (cpp02_service) StderrLine: {'line': b'      |                      \x1b[01;31m\x1b[K~~~~~~~~~~~~~~~~~~^~\x1b[m\x1b[K\n'}
[1.391896] (cpp02_service) StderrLine: {'line': b'In file included from \x1b[01m\x1b[K/opt/ros/humble/include/rclcpp/rclcpp/logging.hpp:23\x1b[m\x1b[K,\n'}
[1.391912] (cpp02_service) StderrLine: {'line': b'                 from \x1b[01m\x1b[K/opt/ros/humble/include/rclcpp/rclcpp/client.hpp:40\x1b[m\x1b[K,\n'}
[1.391927] (cpp02_service) StderrLine: {'line': b'                 from \x1b[01m\x1b[K/opt/ros/humble/include/rclcpp/rclcpp/callback_group.hpp:24\x1b[m\x1b[K,\n'}
[1.391943] (cpp02_service) StderrLine: {'line': b'                 from \x1b[01m\x1b[K/opt/ros/humble/include/rclcpp/rclcpp/any_executable.hpp:20\x1b[m\x1b[K,\n'}
[1.391959] (cpp02_service) StderrLine: {'line': b'                 from \x1b[01m\x1b[K/opt/ros/humble/include/rclcpp/rclcpp/memory_strategy.hpp:25\x1b[m\x1b[K,\n'}
[1.391975] (cpp02_service) StderrLine: {'line': b'                 from \x1b[01m\x1b[K/opt/ros/humble/include/rclcpp/rclcpp/memory_strategies.hpp:18\x1b[m\x1b[K,\n'}
[1.391991] (cpp02_service) StderrLine: {'line': b'                 from \x1b[01m\x1b[K/opt/ros/humble/include/rclcpp/rclcpp/executor_options.hpp:20\x1b[m\x1b[K,\n'}
[1.392007] (cpp02_service) StderrLine: {'line': b'                 from \x1b[01m\x1b[K/opt/ros/humble/include/rclcpp/rclcpp/executor.hpp:37\x1b[m\x1b[K,\n'}
[1.392024] (cpp02_service) StderrLine: {'line': b'                 from \x1b[01m\x1b[K/opt/ros/humble/include/rclcpp/rclcpp/executors/multi_threaded_executor.hpp:25\x1b[m\x1b[K,\n'}
[1.392046] (cpp02_service) StderrLine: {'line': b'                 from \x1b[01m\x1b[K/opt/ros/humble/include/rclcpp/rclcpp/executors.hpp:21\x1b[m\x1b[K,\n'}
[1.392064] (cpp02_service) StderrLine: {'line': b'                 from \x1b[01m\x1b[K/opt/ros/humble/include/rclcpp/rclcpp/rclcpp.hpp:155\x1b[m\x1b[K,\n'}
[1.392081] (cpp02_service) StderrLine: {'line': b'                 from \x1b[01m\x1b[K/home/jon/ws01/src/cpp02_service/src/demo02_client.cpp:17\x1b[m\x1b[K:\n'}
[1.392097] (cpp02_service) StderrLine: {'line': b'\x1b[01m\x1b[K/opt/ros/humble/include/rclcpp/rclcpp/logger.hpp:106:17:\x1b[m\x1b[K \x1b[01;36m\x1b[Knote: \x1b[m\x1b[Kdeclared here\n'}
[1.392113] (cpp02_service) StderrLine: {'line': b'  106 |   friend Logger \x1b[01;36m\x1b[Krclcpp\x1b[m\x1b[K::get_logger(const std::string & name);\n'}
[1.392130] (cpp02_service) StderrLine: {'line': b'      |                 \x1b[01;36m\x1b[K^~~~~~\x1b[m\x1b[K\n'}
[1.392147] (cpp02_service) StderrLine: {'line': b'In file included from \x1b[01m\x1b[K/opt/ros/humble/include/rclcpp/rclcpp/client.hpp:40\x1b[m\x1b[K,\n'}
[1.392163] (cpp02_service) StderrLine: {'line': b'                 from \x1b[01m\x1b[K/opt/ros/humble/include/rclcpp/rclcpp/callback_group.hpp:24\x1b[m\x1b[K,\n'}
[1.392179] (cpp02_service) StderrLine: {'line': b'                 from \x1b[01m\x1b[K/opt/ros/humble/include/rclcpp/rclcpp/any_executable.hpp:20\x1b[m\x1b[K,\n'}
[1.392197] (cpp02_service) StderrLine: {'line': b'                 from \x1b[01m\x1b[K/opt/ros/humble/include/rclcpp/rclcpp/memory_strategy.hpp:25\x1b[m\x1b[K,\n'}
[1.392213] (cpp02_service) StderrLine: {'line': b'                 from \x1b[01m\x1b[K/opt/ros/humble/include/rclcpp/rclcpp/memory_strategies.hpp:18\x1b[m\x1b[K,\n'}
[1.392228] (cpp02_service) StderrLine: {'line': b'                 from \x1b[01m\x1b[K/opt/ros/humble/include/rclcpp/rclcpp/executor_options.hpp:20\x1b[m\x1b[K,\n'}
[1.392243] (cpp02_service) StderrLine: {'line': b'                 from \x1b[01m\x1b[K/opt/ros/humble/include/rclcpp/rclcpp/executor.hpp:37\x1b[m\x1b[K,\n'}
[1.392258] (cpp02_service) StderrLine: {'line': b'                 from \x1b[01m\x1b[K/opt/ros/humble/include/rclcpp/rclcpp/executors/multi_threaded_executor.hpp:25\x1b[m\x1b[K,\n'}
[1.392274] (cpp02_service) StderrLine: {'line': b'                 from \x1b[01m\x1b[K/opt/ros/humble/include/rclcpp/rclcpp/executors.hpp:21\x1b[m\x1b[K,\n'}
[1.392289] (cpp02_service) StderrLine: {'line': b'                 from \x1b[01m\x1b[K/opt/ros/humble/include/rclcpp/rclcpp/rclcpp.hpp:155\x1b[m\x1b[K,\n'}
[1.392306] (cpp02_service) StderrLine: {'line': b'                 from \x1b[01m\x1b[K/home/jon/ws01/src/cpp02_service/src/demo02_client.cpp:17\x1b[m\x1b[K:\n'}
[1.392329] (cpp02_service) StderrLine: {'line': b'\x1b[01m\x1b[K/home/jon/ws01/src/cpp02_service/src/demo02_client.cpp:54:40:\x1b[m\x1b[K \x1b[01;31m\x1b[Kerror: \x1b[m\x1b[Ktoo few arguments to function \xe2\x80\x98\x1b[01m\x1b[Krclcpp::Logger rclcpp::get_logger(const string&)\x1b[m\x1b[K\xe2\x80\x99\n'}
[1.392349] (cpp02_service) StderrLine: {'line': b'   54 |         RCLCPP_ERROR(\x1b[01;31m\x1b[Krclcpp::get_logger()\x1b[m\x1b[K, "\xe5\xae\xa2\xe6\x88\xb7\xe7\xab\xaf\xe8\x8a\x82\xe7\x82\xb9\xe8\xa2\xab\xe4\xb8\xad\xe6\x96\xad\xef\xbc\x8c\xe9\x80\x80\xe5\x87\xba\xef\xbc\x81");\n'}
[1.392367] (cpp02_service) StderrLine: {'line': b'      |                      \x1b[01;31m\x1b[K~~~~~~~~~~~~~~~~~~^~\x1b[m\x1b[K\n'}
[1.392385] (cpp02_service) StderrLine: {'line': b'In file included from \x1b[01m\x1b[K/opt/ros/humble/include/rclcpp/rclcpp/logging.hpp:23\x1b[m\x1b[K,\n'}
[1.392402] (cpp02_service) StderrLine: {'line': b'                 from \x1b[01m\x1b[K/opt/ros/humble/include/rclcpp/rclcpp/client.hpp:40\x1b[m\x1b[K,\n'}
[1.392418] (cpp02_service) StderrLine: {'line': b'                 from \x1b[01m\x1b[K/opt/ros/humble/include/rclcpp/rclcpp/callback_group.hpp:24\x1b[m\x1b[K,\n'}
[1.392434] (cpp02_service) StderrLine: {'line': b'                 from \x1b[01m\x1b[K/opt/ros/humble/include/rclcpp/rclcpp/any_executable.hpp:20\x1b[m\x1b[K,\n'}
[1.392451] (cpp02_service) StderrLine: {'line': b'                 from \x1b[01m\x1b[K/opt/ros/humble/include/rclcpp/rclcpp/memory_strategy.hpp:25\x1b[m\x1b[K,\n'}
[1.392466] (cpp02_service) StderrLine: {'line': b'                 from \x1b[01m\x1b[K/opt/ros/humble/include/rclcpp/rclcpp/memory_strategies.hpp:18\x1b[m\x1b[K,\n'}
[1.392481] (cpp02_service) StderrLine: {'line': b'                 from \x1b[01m\x1b[K/opt/ros/humble/include/rclcpp/rclcpp/executor_options.hpp:20\x1b[m\x1b[K,\n'}
[1.392496] (cpp02_service) StderrLine: {'line': b'                 from \x1b[01m\x1b[K/opt/ros/humble/include/rclcpp/rclcpp/executor.hpp:37\x1b[m\x1b[K,\n'}
[1.392511] (cpp02_service) StderrLine: {'line': b'                 from \x1b[01m\x1b[K/opt/ros/humble/include/rclcpp/rclcpp/executors/multi_threaded_executor.hpp:25\x1b[m\x1b[K,\n'}
[1.392527] (cpp02_service) StderrLine: {'line': b'                 from \x1b[01m\x1b[K/opt/ros/humble/include/rclcpp/rclcpp/executors.hpp:21\x1b[m\x1b[K,\n'}
[1.392542] (cpp02_service) StderrLine: {'line': b'                 from \x1b[01m\x1b[K/opt/ros/humble/include/rclcpp/rclcpp/rclcpp.hpp:155\x1b[m\x1b[K,\n'}
[1.392557] (cpp02_service) StderrLine: {'line': b'                 from \x1b[01m\x1b[K/home/jon/ws01/src/cpp02_service/src/demo02_client.cpp:17\x1b[m\x1b[K:\n'}
[1.392572] (cpp02_service) StderrLine: {'line': b'\x1b[01m\x1b[K/opt/ros/humble/include/rclcpp/rclcpp/logger.hpp:106:17:\x1b[m\x1b[K \x1b[01;36m\x1b[Knote: \x1b[m\x1b[Kdeclared here\n'}
[1.392588] (cpp02_service) StderrLine: {'line': b'  106 |   friend Logger \x1b[01;36m\x1b[Krclcpp\x1b[m\x1b[K::get_logger(const std::string & name);\n'}
[1.392604] (cpp02_service) StderrLine: {'line': b'      |                 \x1b[01;36m\x1b[K^~~~~~\x1b[m\x1b[K\n'}
[1.392619] (cpp02_service) StderrLine: {'line': b'In file included from \x1b[01m\x1b[K/opt/ros/humble/include/rclcpp/rclcpp/client.hpp:40\x1b[m\x1b[K,\n'}
[1.392634] (cpp02_service) StderrLine: {'line': b'                 from \x1b[01m\x1b[K/opt/ros/humble/include/rclcpp/rclcpp/callback_group.hpp:24\x1b[m\x1b[K,\n'}
[1.392650] (cpp02_service) StderrLine: {'line': b'                 from \x1b[01m\x1b[K/opt/ros/humble/include/rclcpp/rclcpp/any_executable.hpp:20\x1b[m\x1b[K,\n'}
[1.392665] (cpp02_service) StderrLine: {'line': b'                 from \x1b[01m\x1b[K/opt/ros/humble/include/rclcpp/rclcpp/memory_strategy.hpp:25\x1b[m\x1b[K,\n'}
[1.392681] (cpp02_service) StderrLine: {'line': b'                 from \x1b[01m\x1b[K/opt/ros/humble/include/rclcpp/rclcpp/memory_strategies.hpp:18\x1b[m\x1b[K,\n'}
[1.392696] (cpp02_service) StderrLine: {'line': b'                 from \x1b[01m\x1b[K/opt/ros/humble/include/rclcpp/rclcpp/executor_options.hpp:20\x1b[m\x1b[K,\n'}
[1.392712] (cpp02_service) StderrLine: {'line': b'                 from \x1b[01m\x1b[K/opt/ros/humble/include/rclcpp/rclcpp/executor.hpp:37\x1b[m\x1b[K,\n'}
[1.392727] (cpp02_service) StderrLine: {'line': b'                 from \x1b[01m\x1b[K/opt/ros/humble/include/rclcpp/rclcpp/executors/multi_threaded_executor.hpp:25\x1b[m\x1b[K,\n'}
[1.392742] (cpp02_service) StderrLine: {'line': b'                 from \x1b[01m\x1b[K/opt/ros/humble/include/rclcpp/rclcpp/executors.hpp:21\x1b[m\x1b[K,\n'}
[1.392757] (cpp02_service) StderrLine: {'line': b'                 from \x1b[01m\x1b[K/opt/ros/humble/include/rclcpp/rclcpp/rclcpp.hpp:155\x1b[m\x1b[K,\n'}
[1.392772] (cpp02_service) StderrLine: {'line': b'                 from \x1b[01m\x1b[K/home/jon/ws01/src/cpp02_service/src/demo02_client.cpp:17\x1b[m\x1b[K:\n'}
[1.392787] (cpp02_service) StderrLine: {'line': b'\x1b[01m\x1b[K/home/jon/ws01/src/cpp02_service/src/demo02_client.cpp:54:9:\x1b[m\x1b[K \x1b[01;31m\x1b[Kerror: \x1b[m\x1b[Ktemplate argument 1 is invalid\n'}
[1.392804] (cpp02_service) StderrLine: {'line': b'   54 |         \x1b[01;31m\x1b[KRCLCPP_ERROR\x1b[m\x1b[K(rclcpp::get_logger(), "\xe5\xae\xa2\xe6\x88\xb7\xe7\xab\xaf\xe8\x8a\x82\xe7\x82\xb9\xe8\xa2\xab\xe4\xb8\xad\xe6\x96\xad\xef\xbc\x8c\xe9\x80\x80\xe5\x87\xba\xef\xbc\x81");\n'}
[1.392823] (cpp02_service) StderrLine: {'line': b'      |         \x1b[01;31m\x1b[K^~~~~~~~~~~~\x1b[m\x1b[K\n'}
[1.392838] (cpp02_service) StderrLine: {'line': b'In file included from \x1b[01m\x1b[K/opt/ros/humble/include/rclcpp/rclcpp/logging.hpp:24\x1b[m\x1b[K,\n'}
[1.392854] (cpp02_service) StderrLine: {'line': b'                 from \x1b[01m\x1b[K/opt/ros/humble/include/rclcpp/rclcpp/client.hpp:40\x1b[m\x1b[K,\n'}
[1.392869] (cpp02_service) StderrLine: {'line': b'                 from \x1b[01m\x1b[K/opt/ros/humble/include/rclcpp/rclcpp/callback_group.hpp:24\x1b[m\x1b[K,\n'}
[1.392885] (cpp02_service) StderrLine: {'line': b'                 from \x1b[01m\x1b[K/opt/ros/humble/include/rclcpp/rclcpp/any_executable.hpp:20\x1b[m\x1b[K,\n'}
[1.392900] (cpp02_service) StderrLine: {'line': b'                 from \x1b[01m\x1b[K/opt/ros/humble/include/rclcpp/rclcpp/memory_strategy.hpp:25\x1b[m\x1b[K,\n'}
[1.392915] (cpp02_service) StderrLine: {'line': b'                 from \x1b[01m\x1b[K/opt/ros/humble/include/rclcpp/rclcpp/memory_strategies.hpp:18\x1b[m\x1b[K,\n'}
[1.392930] (cpp02_service) StderrLine: {'line': b'                 from \x1b[01m\x1b[K/opt/ros/humble/include/rclcpp/rclcpp/executor_options.hpp:20\x1b[m\x1b[K,\n'}
[1.392945] (cpp02_service) StderrLine: {'line': b'                 from \x1b[01m\x1b[K/opt/ros/humble/include/rclcpp/rclcpp/executor.hpp:37\x1b[m\x1b[K,\n'}
[1.392960] (cpp02_service) StderrLine: {'line': b'                 from \x1b[01m\x1b[K/opt/ros/humble/include/rclcpp/rclcpp/executors/multi_threaded_executor.hpp:25\x1b[m\x1b[K,\n'}
[1.392977] (cpp02_service) StderrLine: {'line': b'                 from \x1b[01m\x1b[K/opt/ros/humble/include/rclcpp/rclcpp/executors.hpp:21\x1b[m\x1b[K,\n'}
[1.392993] (cpp02_service) StderrLine: {'line': b'                 from \x1b[01m\x1b[K/opt/ros/humble/include/rclcpp/rclcpp/rclcpp.hpp:155\x1b[m\x1b[K,\n'}
[1.393009] (cpp02_service) StderrLine: {'line': b'                 from \x1b[01m\x1b[K/home/jon/ws01/src/cpp02_service/src/demo02_client.cpp:17\x1b[m\x1b[K:\n'}
[1.393024] (cpp02_service) StderrLine: {'line': b'\x1b[01m\x1b[K/home/jon/ws01/src/cpp02_service/src/demo02_client.cpp:54:40:\x1b[m\x1b[K \x1b[01;31m\x1b[Kerror: \x1b[m\x1b[Ktoo few arguments to function \xe2\x80\x98\x1b[01m\x1b[Krclcpp::Logger rclcpp::get_logger(const string&)\x1b[m\x1b[K\xe2\x80\x99\n'}
[1.393040] (cpp02_service) StderrLine: {'line': b'   54 |         RCLCPP_ERROR(\x1b[01;31m\x1b[Krclcpp::get_logger()\x1b[m\x1b[K, "\xe5\xae\xa2\xe6\x88\xb7\xe7\xab\xaf\xe8\x8a\x82\xe7\x82\xb9\xe8\xa2\xab\xe4\xb8\xad\xe6\x96\xad\xef\xbc\x8c\xe9\x80\x80\xe5\x87\xba\xef\xbc\x81");\n'}
[1.393056] (cpp02_service) StderrLine: {'line': b'      |                      \x1b[01;31m\x1b[K~~~~~~~~~~~~~~~~~~^~\x1b[m\x1b[K\n'}
[1.393071] (cpp02_service) StderrLine: {'line': b'In file included from \x1b[01m\x1b[K/opt/ros/humble/include/rclcpp/rclcpp/logging.hpp:23\x1b[m\x1b[K,\n'}
[1.393086] (cpp02_service) StderrLine: {'line': b'                 from \x1b[01m\x1b[K/opt/ros/humble/include/rclcpp/rclcpp/client.hpp:40\x1b[m\x1b[K,\n'}
[1.393101] (cpp02_service) StderrLine: {'line': b'                 from \x1b[01m\x1b[K/opt/ros/humble/include/rclcpp/rclcpp/callback_group.hpp:24\x1b[m\x1b[K,\n'}
[1.393116] (cpp02_service) StderrLine: {'line': b'                 from \x1b[01m\x1b[K/opt/ros/humble/include/rclcpp/rclcpp/any_executable.hpp:20\x1b[m\x1b[K,\n'}
[1.393131] (cpp02_service) StderrLine: {'line': b'                 from \x1b[01m\x1b[K/opt/ros/humble/include/rclcpp/rclcpp/memory_strategy.hpp:25\x1b[m\x1b[K,\n'}
[1.393146] (cpp02_service) StderrLine: {'line': b'                 from \x1b[01m\x1b[K/opt/ros/humble/include/rclcpp/rclcpp/memory_strategies.hpp:18\x1b[m\x1b[K,\n'}
[1.393161] (cpp02_service) StderrLine: {'line': b'                 from \x1b[01m\x1b[K/opt/ros/humble/include/rclcpp/rclcpp/executor_options.hpp:20\x1b[m\x1b[K,\n'}
[1.393176] (cpp02_service) StderrLine: {'line': b'                 from \x1b[01m\x1b[K/opt/ros/humble/include/rclcpp/rclcpp/executor.hpp:37\x1b[m\x1b[K,\n'}
[1.393192] (cpp02_service) StderrLine: {'line': b'                 from \x1b[01m\x1b[K/opt/ros/humble/include/rclcpp/rclcpp/executors/multi_threaded_executor.hpp:25\x1b[m\x1b[K,\n'}
[1.393207] (cpp02_service) StderrLine: {'line': b'                 from \x1b[01m\x1b[K/opt/ros/humble/include/rclcpp/rclcpp/executors.hpp:21\x1b[m\x1b[K,\n'}
[1.393223] (cpp02_service) StderrLine: {'line': b'                 from \x1b[01m\x1b[K/opt/ros/humble/include/rclcpp/rclcpp/rclcpp.hpp:155\x1b[m\x1b[K,\n'}
[1.393238] (cpp02_service) StderrLine: {'line': b'                 from \x1b[01m\x1b[K/home/jon/ws01/src/cpp02_service/src/demo02_client.cpp:17\x1b[m\x1b[K:\n'}
[1.393253] (cpp02_service) StderrLine: {'line': b'\x1b[01m\x1b[K/opt/ros/humble/include/rclcpp/rclcpp/logger.hpp:106:17:\x1b[m\x1b[K \x1b[01;36m\x1b[Knote: \x1b[m\x1b[Kdeclared here\n'}
[1.393268] (cpp02_service) StderrLine: {'line': b'  106 |   friend Logger \x1b[01;36m\x1b[Krclcpp\x1b[m\x1b[K::get_logger(const std::string & name);\n'}
[1.393283] (cpp02_service) StderrLine: {'line': b'      |                 \x1b[01;36m\x1b[K^~~~~~\x1b[m\x1b[K\n'}
[1.393298] (cpp02_service) StderrLine: {'line': b'In file included from \x1b[01m\x1b[K/opt/ros/humble/include/rclcpp/rclcpp/logging.hpp:24\x1b[m\x1b[K,\n'}
[1.393313] (cpp02_service) StderrLine: {'line': b'                 from \x1b[01m\x1b[K/opt/ros/humble/include/rclcpp/rclcpp/client.hpp:40\x1b[m\x1b[K,\n'}
[1.393331] (cpp02_service) StderrLine: {'line': b'                 from \x1b[01m\x1b[K/opt/ros/humble/include/rclcpp/rclcpp/callback_group.hpp:24\x1b[m\x1b[K,\n'}
[1.393347] (cpp02_service) StderrLine: {'line': b'                 from \x1b[01m\x1b[K/opt/ros/humble/include/rclcpp/rclcpp/any_executable.hpp:20\x1b[m\x1b[K,\n'}
[1.393363] (cpp02_service) StderrLine: {'line': b'                 from \x1b[01m\x1b[K/opt/ros/humble/include/rclcpp/rclcpp/memory_strategy.hpp:25\x1b[m\x1b[K,\n'}
[1.393378] (cpp02_service) StderrLine: {'line': b'                 from \x1b[01m\x1b[K/opt/ros/humble/include/rclcpp/rclcpp/memory_strategies.hpp:18\x1b[m\x1b[K,\n'}
[1.393393] (cpp02_service) StderrLine: {'line': b'                 from \x1b[01m\x1b[K/opt/ros/humble/include/rclcpp/rclcpp/executor_options.hpp:20\x1b[m\x1b[K,\n'}
[1.393409] (cpp02_service) StderrLine: {'line': b'                 from \x1b[01m\x1b[K/opt/ros/humble/include/rclcpp/rclcpp/executor.hpp:37\x1b[m\x1b[K,\n'}
[1.393425] (cpp02_service) StderrLine: {'line': b'                 from \x1b[01m\x1b[K/opt/ros/humble/include/rclcpp/rclcpp/executors/multi_threaded_executor.hpp:25\x1b[m\x1b[K,\n'}
[1.393445] (cpp02_service) StderrLine: {'line': b'                 from \x1b[01m\x1b[K/opt/ros/humble/include/rclcpp/rclcpp/executors.hpp:21\x1b[m\x1b[K,\n'}
[1.393460] (cpp02_service) StderrLine: {'line': b'                 from \x1b[01m\x1b[K/opt/ros/humble/include/rclcpp/rclcpp/rclcpp.hpp:155\x1b[m\x1b[K,\n'}
[1.393476] (cpp02_service) StderrLine: {'line': b'                 from \x1b[01m\x1b[K/home/jon/ws01/src/cpp02_service/src/demo02_client.cpp:17\x1b[m\x1b[K:\n'}
[1.393491] (cpp02_service) StderrLine: {'line': b'\x1b[01m\x1b[K/home/jon/ws01/src/cpp02_service/src/demo02_client.cpp:54:40:\x1b[m\x1b[K \x1b[01;31m\x1b[Kerror: \x1b[m\x1b[Ktoo few arguments to function \xe2\x80\x98\x1b[01m\x1b[Krclcpp::Logger rclcpp::get_logger(const string&)\x1b[m\x1b[K\xe2\x80\x99\n'}
[1.393507] (cpp02_service) StderrLine: {'line': b'   54 |         RCLCPP_ERROR(\x1b[01;31m\x1b[Krclcpp::get_logger()\x1b[m\x1b[K, "\xe5\xae\xa2\xe6\x88\xb7\xe7\xab\xaf\xe8\x8a\x82\xe7\x82\xb9\xe8\xa2\xab\xe4\xb8\xad\xe6\x96\xad\xef\xbc\x8c\xe9\x80\x80\xe5\x87\xba\xef\xbc\x81");\n'}
[1.393522] (cpp02_service) StderrLine: {'line': b'      |                      \x1b[01;31m\x1b[K~~~~~~~~~~~~~~~~~~^~\x1b[m\x1b[K\n'}
[1.393538] (cpp02_service) StderrLine: {'line': b'In file included from \x1b[01m\x1b[K/opt/ros/humble/include/rclcpp/rclcpp/logging.hpp:23\x1b[m\x1b[K,\n'}
[1.393553] (cpp02_service) StderrLine: {'line': b'                 from \x1b[01m\x1b[K/opt/ros/humble/include/rclcpp/rclcpp/client.hpp:40\x1b[m\x1b[K,\n'}
[1.393572] (cpp02_service) StderrLine: {'line': b'                 from \x1b[01m\x1b[K/opt/ros/humble/include/rclcpp/rclcpp/callback_group.hpp:24\x1b[m\x1b[K,\n'}
[1.393587] (cpp02_service) StderrLine: {'line': b'                 from \x1b[01m\x1b[K/opt/ros/humble/include/rclcpp/rclcpp/any_executable.hpp:20\x1b[m\x1b[K,\n'}
[1.393604] (cpp02_service) StderrLine: {'line': b'                 from \x1b[01m\x1b[K/opt/ros/humble/include/rclcpp/rclcpp/memory_strategy.hpp:25\x1b[m\x1b[K,\n'}
[1.393621] (cpp02_service) StderrLine: {'line': b'                 from \x1b[01m\x1b[K/opt/ros/humble/include/rclcpp/rclcpp/memory_strategies.hpp:18\x1b[m\x1b[K,\n'}
[1.393638] (cpp02_service) StderrLine: {'line': b'                 from \x1b[01m\x1b[K/opt/ros/humble/include/rclcpp/rclcpp/executor_options.hpp:20\x1b[m\x1b[K,\n'}
[1.393656] (cpp02_service) StderrLine: {'line': b'                 from \x1b[01m\x1b[K/opt/ros/humble/include/rclcpp/rclcpp/executor.hpp:37\x1b[m\x1b[K,\n'}
[1.393672] (cpp02_service) StderrLine: {'line': b'                 from \x1b[01m\x1b[K/opt/ros/humble/include/rclcpp/rclcpp/executors/multi_threaded_executor.hpp:25\x1b[m\x1b[K,\n'}
[1.393687] (cpp02_service) StderrLine: {'line': b'                 from \x1b[01m\x1b[K/opt/ros/humble/include/rclcpp/rclcpp/executors.hpp:21\x1b[m\x1b[K,\n'}
[1.393703] (cpp02_service) StderrLine: {'line': b'                 from \x1b[01m\x1b[K/opt/ros/humble/include/rclcpp/rclcpp/rclcpp.hpp:155\x1b[m\x1b[K,\n'}
[1.393719] (cpp02_service) StderrLine: {'line': b'                 from \x1b[01m\x1b[K/home/jon/ws01/src/cpp02_service/src/demo02_client.cpp:17\x1b[m\x1b[K:\n'}
[1.393734] (cpp02_service) StderrLine: {'line': b'\x1b[01m\x1b[K/opt/ros/humble/include/rclcpp/rclcpp/logger.hpp:106:17:\x1b[m\x1b[K \x1b[01;36m\x1b[Knote: \x1b[m\x1b[Kdeclared here\n'}
[1.393749] (cpp02_service) StderrLine: {'line': b'  106 |   friend Logger \x1b[01;36m\x1b[Krclcpp\x1b[m\x1b[K::get_logger(const std::string & name);\n'}
[1.393764] (cpp02_service) StderrLine: {'line': b'      |                 \x1b[01;36m\x1b[K^~~~~~\x1b[m\x1b[K\n'}
[1.393779] (cpp02_service) StderrLine: {'line': b'In file included from \x1b[01m\x1b[K/opt/ros/humble/include/rclcpp/rclcpp/client.hpp:40\x1b[m\x1b[K,\n'}
[1.393794] (cpp02_service) StderrLine: {'line': b'                 from \x1b[01m\x1b[K/opt/ros/humble/include/rclcpp/rclcpp/callback_group.hpp:24\x1b[m\x1b[K,\n'}
[1.393808] (cpp02_service) StderrLine: {'line': b'                 from \x1b[01m\x1b[K/opt/ros/humble/include/rclcpp/rclcpp/any_executable.hpp:20\x1b[m\x1b[K,\n'}
[1.393824] (cpp02_service) StderrLine: {'line': b'                 from \x1b[01m\x1b[K/opt/ros/humble/include/rclcpp/rclcpp/memory_strategy.hpp:25\x1b[m\x1b[K,\n'}
[1.393839] (cpp02_service) StderrLine: {'line': b'                 from \x1b[01m\x1b[K/opt/ros/humble/include/rclcpp/rclcpp/memory_strategies.hpp:18\x1b[m\x1b[K,\n'}
[1.393854] (cpp02_service) StderrLine: {'line': b'                 from \x1b[01m\x1b[K/opt/ros/humble/include/rclcpp/rclcpp/executor_options.hpp:20\x1b[m\x1b[K,\n'}
[1.393869] (cpp02_service) StderrLine: {'line': b'                 from \x1b[01m\x1b[K/opt/ros/humble/include/rclcpp/rclcpp/executor.hpp:37\x1b[m\x1b[K,\n'}
[1.393884] (cpp02_service) StderrLine: {'line': b'                 from \x1b[01m\x1b[K/opt/ros/humble/include/rclcpp/rclcpp/executors/multi_threaded_executor.hpp:25\x1b[m\x1b[K,\n'}
[1.393900] (cpp02_service) StderrLine: {'line': b'                 from \x1b[01m\x1b[K/opt/ros/humble/include/rclcpp/rclcpp/executors.hpp:21\x1b[m\x1b[K,\n'}
[1.393915] (cpp02_service) StderrLine: {'line': b'                 from \x1b[01m\x1b[K/opt/ros/humble/include/rclcpp/rclcpp/rclcpp.hpp:155\x1b[m\x1b[K,\n'}
[1.393931] (cpp02_service) StderrLine: {'line': b'                 from \x1b[01m\x1b[K/home/jon/ws01/src/cpp02_service/src/demo02_client.cpp:17\x1b[m\x1b[K:\n'}
[1.393947] (cpp02_service) StderrLine: {'line': b'\x1b[01m\x1b[K/home/jon/ws01/src/cpp02_service/src/demo02_client.cpp:57:37:\x1b[m\x1b[K \x1b[01;31m\x1b[Kerror: \x1b[m\x1b[Ktoo few arguments to function \xe2\x80\x98\x1b[01m\x1b[Krclcpp::Logger rclcpp::get_logger(const string&)\x1b[m\x1b[K\xe2\x80\x99\n'}
[1.393965] (cpp02_service) StderrLine: {'line': b'   57 |       RCLCPP_INFO(\x1b[01;31m\x1b[Krclcpp::get_logger()\x1b[m\x1b[K, "\xe6\x9c\x8d\xe5\x8a\xa1\xe5\x99\xa8\xe8\xbf\x9e\xe6\x8e\xa5\xe4\xb8\xad...");\n'}
[1.393980] (cpp02_service) StderrLine: {'line': b'      |                   \x1b[01;31m\x1b[K~~~~~~~~~~~~~~~~~~^~\x1b[m\x1b[K\n'}
[1.393995] (cpp02_service) StderrLine: {'line': b'In file included from \x1b[01m\x1b[K/opt/ros/humble/include/rclcpp/rclcpp/logging.hpp:23\x1b[m\x1b[K,\n'}
[1.394012] (cpp02_service) StderrLine: {'line': b'                 from \x1b[01m\x1b[K/opt/ros/humble/include/rclcpp/rclcpp/client.hpp:40\x1b[m\x1b[K,\n'}
[1.394028] (cpp02_service) StderrLine: {'line': b'                 from \x1b[01m\x1b[K/opt/ros/humble/include/rclcpp/rclcpp/callback_group.hpp:24\x1b[m\x1b[K,\n'}
[1.394044] (cpp02_service) StderrLine: {'line': b'                 from \x1b[01m\x1b[K/opt/ros/humble/include/rclcpp/rclcpp/any_executable.hpp:20\x1b[m\x1b[K,\n'}
[1.394060] (cpp02_service) StderrLine: {'line': b'                 from \x1b[01m\x1b[K/opt/ros/humble/include/rclcpp/rclcpp/memory_strategy.hpp:25\x1b[m\x1b[K,\n'}
[1.394075] (cpp02_service) StderrLine: {'line': b'                 from \x1b[01m\x1b[K/opt/ros/humble/include/rclcpp/rclcpp/memory_strategies.hpp:18\x1b[m\x1b[K,\n'}
[1.394090] (cpp02_service) StderrLine: {'line': b'                 from \x1b[01m\x1b[K/opt/ros/humble/include/rclcpp/rclcpp/executor_options.hpp:20\x1b[m\x1b[K,\n'}
[1.394106] (cpp02_service) StderrLine: {'line': b'                 from \x1b[01m\x1b[K/opt/ros/humble/include/rclcpp/rclcpp/executor.hpp:37\x1b[m\x1b[K,\n'}
[1.394121] (cpp02_service) StderrLine: {'line': b'                 from \x1b[01m\x1b[K/opt/ros/humble/include/rclcpp/rclcpp/executors/multi_threaded_executor.hpp:25\x1b[m\x1b[K,\n'}
[1.394137] (cpp02_service) StderrLine: {'line': b'                 from \x1b[01m\x1b[K/opt/ros/humble/include/rclcpp/rclcpp/executors.hpp:21\x1b[m\x1b[K,\n'}
[1.394154] (cpp02_service) StderrLine: {'line': b'                 from \x1b[01m\x1b[K/opt/ros/humble/include/rclcpp/rclcpp/rclcpp.hpp:155\x1b[m\x1b[K,\n'}
[1.394170] (cpp02_service) StderrLine: {'line': b'                 from \x1b[01m\x1b[K/home/jon/ws01/src/cpp02_service/src/demo02_client.cpp:17\x1b[m\x1b[K:\n'}
[1.394186] (cpp02_service) StderrLine: {'line': b'\x1b[01m\x1b[K/opt/ros/humble/include/rclcpp/rclcpp/logger.hpp:106:17:\x1b[m\x1b[K \x1b[01;36m\x1b[Knote: \x1b[m\x1b[Kdeclared here\n'}
[1.394203] (cpp02_service) StderrLine: {'line': b'  106 |   friend Logger \x1b[01;36m\x1b[Krclcpp\x1b[m\x1b[K::get_logger(const std::string & name);\n'}
[1.394220] (cpp02_service) StderrLine: {'line': b'      |                 \x1b[01;36m\x1b[K^~~~~~\x1b[m\x1b[K\n'}
[1.394251] (cpp02_service) StderrLine: {'line': b'In file included from \x1b[01m\x1b[K/opt/ros/humble/include/rclcpp/rclcpp/client.hpp:40\x1b[m\x1b[K,\n'}
[1.394266] (cpp02_service) StderrLine: {'line': b'                 from \x1b[01m\x1b[K/opt/ros/humble/include/rclcpp/rclcpp/callback_group.hpp:24\x1b[m\x1b[K,\n'}
[1.394281] (cpp02_service) StderrLine: {'line': b'                 from \x1b[01m\x1b[K/opt/ros/humble/include/rclcpp/rclcpp/any_executable.hpp:20\x1b[m\x1b[K,\n'}
[1.394296] (cpp02_service) StderrLine: {'line': b'                 from \x1b[01m\x1b[K/opt/ros/humble/include/rclcpp/rclcpp/memory_strategy.hpp:25\x1b[m\x1b[K,\n'}
[1.394314] (cpp02_service) StderrLine: {'line': b'                 from \x1b[01m\x1b[K/opt/ros/humble/include/rclcpp/rclcpp/memory_strategies.hpp:18\x1b[m\x1b[K,\n'}
[1.394333] (cpp02_service) StderrLine: {'line': b'                 from \x1b[01m\x1b[K/opt/ros/humble/include/rclcpp/rclcpp/executor_options.hpp:20\x1b[m\x1b[K,\n'}
[1.394349] (cpp02_service) StderrLine: {'line': b'                 from \x1b[01m\x1b[K/opt/ros/humble/include/rclcpp/rclcpp/executor.hpp:37\x1b[m\x1b[K,\n'}
[1.394364] (cpp02_service) StderrLine: {'line': b'                 from \x1b[01m\x1b[K/opt/ros/humble/include/rclcpp/rclcpp/executors/multi_threaded_executor.hpp:25\x1b[m\x1b[K,\n'}
[1.394380] (cpp02_service) StderrLine: {'line': b'                 from \x1b[01m\x1b[K/opt/ros/humble/include/rclcpp/rclcpp/executors.hpp:21\x1b[m\x1b[K,\n'}
[1.394395] (cpp02_service) StderrLine: {'line': b'                 from \x1b[01m\x1b[K/opt/ros/humble/include/rclcpp/rclcpp/rclcpp.hpp:155\x1b[m\x1b[K,\n'}
[1.394411] (cpp02_service) StderrLine: {'line': b'                 from \x1b[01m\x1b[K/home/jon/ws01/src/cpp02_service/src/demo02_client.cpp:17\x1b[m\x1b[K:\n'}
[1.394426] (cpp02_service) StderrLine: {'line': b'\x1b[01m\x1b[K/home/jon/ws01/src/cpp02_service/src/demo02_client.cpp:57:37:\x1b[m\x1b[K \x1b[01;31m\x1b[Kerror: \x1b[m\x1b[Ktoo few arguments to function \xe2\x80\x98\x1b[01m\x1b[Krclcpp::Logger rclcpp::get_logger(const string&)\x1b[m\x1b[K\xe2\x80\x99\n'}
[1.394441] (cpp02_service) StderrLine: {'line': b'   57 |       RCLCPP_INFO(\x1b[01;31m\x1b[Krclcpp::get_logger()\x1b[m\x1b[K, "\xe6\x9c\x8d\xe5\x8a\xa1\xe5\x99\xa8\xe8\xbf\x9e\xe6\x8e\xa5\xe4\xb8\xad...");\n'}
[1.394457] (cpp02_service) StderrLine: {'line': b'      |                   \x1b[01;31m\x1b[K~~~~~~~~~~~~~~~~~~^~\x1b[m\x1b[K\n'}
[1.394472] (cpp02_service) StderrLine: {'line': b'In file included from \x1b[01m\x1b[K/opt/ros/humble/include/rclcpp/rclcpp/logging.hpp:23\x1b[m\x1b[K,\n'}
[1.394489] (cpp02_service) StderrLine: {'line': b'                 from \x1b[01m\x1b[K/opt/ros/humble/include/rclcpp/rclcpp/client.hpp:40\x1b[m\x1b[K,\n'}
[1.394506] (cpp02_service) StderrLine: {'line': b'                 from \x1b[01m\x1b[K/opt/ros/humble/include/rclcpp/rclcpp/callback_group.hpp:24\x1b[m\x1b[K,\n'}
[1.394571] (cpp02_service) StderrLine: {'line': b'                 from \x1b[01m\x1b[K/opt/ros/humble/include/rclcpp/rclcpp/any_executable.hpp:20\x1b[m\x1b[K,\n'}
[1.394592] (cpp02_service) StderrLine: {'line': b'                 from \x1b[01m\x1b[K/opt/ros/humble/include/rclcpp/rclcpp/memory_strategy.hpp:25\x1b[m\x1b[K,\n'}
[1.394610] (cpp02_service) StderrLine: {'line': b'                 from \x1b[01m\x1b[K/opt/ros/humble/include/rclcpp/rclcpp/memory_strategies.hpp:18\x1b[m\x1b[K,\n'}
[1.394627] (cpp02_service) StderrLine: {'line': b'                 from \x1b[01m\x1b[K/opt/ros/humble/include/rclcpp/rclcpp/executor_options.hpp:20\x1b[m\x1b[K,\n'}
[1.394643] (cpp02_service) StderrLine: {'line': b'                 from \x1b[01m\x1b[K/opt/ros/humble/include/rclcpp/rclcpp/executor.hpp:37\x1b[m\x1b[K,\n'}
[1.394659] (cpp02_service) StderrLine: {'line': b'                 from \x1b[01m\x1b[K/opt/ros/humble/include/rclcpp/rclcpp/executors/multi_threaded_executor.hpp:25\x1b[m\x1b[K,\n'}
[1.394750] (cpp02_service) StderrLine: {'line': b'                 from \x1b[01m\x1b[K/opt/ros/humble/include/rclcpp/rclcpp/executors.hpp:21\x1b[m\x1b[K,\n'}
[1.394768] (cpp02_service) StderrLine: {'line': b'                 from \x1b[01m\x1b[K/opt/ros/humble/include/rclcpp/rclcpp/rclcpp.hpp:155\x1b[m\x1b[K,\n'}
[1.394785] (cpp02_service) StderrLine: {'line': b'                 from \x1b[01m\x1b[K/home/jon/ws01/src/cpp02_service/src/demo02_client.cpp:17\x1b[m\x1b[K:\n'}
[1.394804] (cpp02_service) StderrLine: {'line': b'\x1b[01m\x1b[K/opt/ros/humble/include/rclcpp/rclcpp/logger.hpp:106:17:\x1b[m\x1b[K \x1b[01;36m\x1b[Knote: \x1b[m\x1b[Kdeclared here\n'}
[1.394821] (cpp02_service) StderrLine: {'line': b'  106 |   friend Logger \x1b[01;36m\x1b[Krclcpp\x1b[m\x1b[K::get_logger(const std::string & name);\n'}
[1.394836] (cpp02_service) StderrLine: {'line': b'      |                 \x1b[01;36m\x1b[K^~~~~~\x1b[m\x1b[K\n'}
[1.394852] (cpp02_service) StderrLine: {'line': b'In file included from \x1b[01m\x1b[K/opt/ros/humble/include/rclcpp/rclcpp/client.hpp:40\x1b[m\x1b[K,\n'}
[1.394868] (cpp02_service) StderrLine: {'line': b'                 from \x1b[01m\x1b[K/opt/ros/humble/include/rclcpp/rclcpp/callback_group.hpp:24\x1b[m\x1b[K,\n'}
[1.394884] (cpp02_service) StderrLine: {'line': b'                 from \x1b[01m\x1b[K/opt/ros/humble/include/rclcpp/rclcpp/any_executable.hpp:20\x1b[m\x1b[K,\n'}
[1.394903] (cpp02_service) StderrLine: {'line': b'                 from \x1b[01m\x1b[K/opt/ros/humble/include/rclcpp/rclcpp/memory_strategy.hpp:25\x1b[m\x1b[K,\n'}
[1.394920] (cpp02_service) StderrLine: {'line': b'                 from \x1b[01m\x1b[K/opt/ros/humble/include/rclcpp/rclcpp/memory_strategies.hpp:18\x1b[m\x1b[K,\n'}
[1.394937] (cpp02_service) StderrLine: {'line': b'                 from \x1b[01m\x1b[K/opt/ros/humble/include/rclcpp/rclcpp/executor_options.hpp:20\x1b[m\x1b[K,\n'}
[1.394954] (cpp02_service) StderrLine: {'line': b'                 from \x1b[01m\x1b[K/opt/ros/humble/include/rclcpp/rclcpp/executor.hpp:37\x1b[m\x1b[K,\n'}
[1.394970] (cpp02_service) StderrLine: {'line': b'                 from \x1b[01m\x1b[K/opt/ros/humble/include/rclcpp/rclcpp/executors/multi_threaded_executor.hpp:25\x1b[m\x1b[K,\n'}
[1.394986] (cpp02_service) StderrLine: {'line': b'                 from \x1b[01m\x1b[K/opt/ros/humble/include/rclcpp/rclcpp/executors.hpp:21\x1b[m\x1b[K,\n'}
[1.395160] (cpp02_service) StderrLine: {'line': b'                 from \x1b[01m\x1b[K/opt/ros/humble/include/rclcpp/rclcpp/rclcpp.hpp:155\x1b[m\x1b[K,\n'}
[1.395221] (cpp02_service) StderrLine: {'line': b'                 from \x1b[01m\x1b[K/home/jon/ws01/src/cpp02_service/src/demo02_client.cpp:17\x1b[m\x1b[K:\n'}
[1.395246] (cpp02_service) StderrLine: {'line': b'\x1b[01m\x1b[K/home/jon/ws01/src/cpp02_service/src/demo02_client.cpp:57:7:\x1b[m\x1b[K \x1b[01;31m\x1b[Kerror: \x1b[m\x1b[Ktemplate argument 1 is invalid\n'}
[1.395268] (cpp02_service) StderrLine: {'line': b'   57 |       \x1b[01;31m\x1b[KRCLCPP_INFO\x1b[m\x1b[K(rclcpp::get_logger(), "\xe6\x9c\x8d\xe5\x8a\xa1\xe5\x99\xa8\xe8\xbf\x9e\xe6\x8e\xa5\xe4\xb8\xad...");\n'}
[1.395288] (cpp02_service) StderrLine: {'line': b'      |       \x1b[01;31m\x1b[K^~~~~~~~~~~\x1b[m\x1b[K\n'}
[1.395307] (cpp02_service) StderrLine: {'line': b'In file included from \x1b[01m\x1b[K/opt/ros/humble/include/rclcpp/rclcpp/logging.hpp:24\x1b[m\x1b[K,\n'}
[1.395333] (cpp02_service) StderrLine: {'line': b'                 from \x1b[01m\x1b[K/opt/ros/humble/include/rclcpp/rclcpp/client.hpp:40\x1b[m\x1b[K,\n'}
[1.395355] (cpp02_service) StderrLine: {'line': b'                 from \x1b[01m\x1b[K/opt/ros/humble/include/rclcpp/rclcpp/callback_group.hpp:24\x1b[m\x1b[K,\n'}
[1.395373] (cpp02_service) StderrLine: {'line': b'                 from \x1b[01m\x1b[K/opt/ros/humble/include/rclcpp/rclcpp/any_executable.hpp:20\x1b[m\x1b[K,\n'}
[1.395398] (cpp02_service) StderrLine: {'line': b'                 from \x1b[01m\x1b[K/opt/ros/humble/include/rclcpp/rclcpp/memory_strategy.hpp:25\x1b[m\x1b[K,\n'}
[1.395415] (cpp02_service) StderrLine: {'line': b'                 from \x1b[01m\x1b[K/opt/ros/humble/include/rclcpp/rclcpp/memory_strategies.hpp:18\x1b[m\x1b[K,\n'}
[1.395432] (cpp02_service) StderrLine: {'line': b'                 from \x1b[01m\x1b[K/opt/ros/humble/include/rclcpp/rclcpp/executor_options.hpp:20\x1b[m\x1b[K,\n'}
[1.395449] (cpp02_service) StderrLine: {'line': b'                 from \x1b[01m\x1b[K/opt/ros/humble/include/rclcpp/rclcpp/executor.hpp:37\x1b[m\x1b[K,\n'}
[1.395465] (cpp02_service) StderrLine: {'line': b'                 from \x1b[01m\x1b[K/opt/ros/humble/include/rclcpp/rclcpp/executors/multi_threaded_executor.hpp:25\x1b[m\x1b[K,\n'}
[1.395483] (cpp02_service) StderrLine: {'line': b'                 from \x1b[01m\x1b[K/opt/ros/humble/include/rclcpp/rclcpp/executors.hpp:21\x1b[m\x1b[K,\n'}
[1.395499] (cpp02_service) StderrLine: {'line': b'                 from \x1b[01m\x1b[K/opt/ros/humble/include/rclcpp/rclcpp/rclcpp.hpp:155\x1b[m\x1b[K,\n'}
[1.395515] (cpp02_service) StderrLine: {'line': b'                 from \x1b[01m\x1b[K/home/jon/ws01/src/cpp02_service/src/demo02_client.cpp:17\x1b[m\x1b[K:\n'}
[1.395531] (cpp02_service) StderrLine: {'line': b'\x1b[01m\x1b[K/home/jon/ws01/src/cpp02_service/src/demo02_client.cpp:57:37:\x1b[m\x1b[K \x1b[01;31m\x1b[Kerror: \x1b[m\x1b[Ktoo few arguments to function \xe2\x80\x98\x1b[01m\x1b[Krclcpp::Logger rclcpp::get_logger(const string&)\x1b[m\x1b[K\xe2\x80\x99\n'}
[1.395551] (cpp02_service) StderrLine: {'line': b'   57 |       RCLCPP_INFO(\x1b[01;31m\x1b[Krclcpp::get_logger()\x1b[m\x1b[K, "\xe6\x9c\x8d\xe5\x8a\xa1\xe5\x99\xa8\xe8\xbf\x9e\xe6\x8e\xa5\xe4\xb8\xad...");\n'}
[1.395567] (cpp02_service) StderrLine: {'line': b'      |                   \x1b[01;31m\x1b[K~~~~~~~~~~~~~~~~~~^~\x1b[m\x1b[K\n'}
[1.395583] (cpp02_service) StderrLine: {'line': b'In file included from \x1b[01m\x1b[K/opt/ros/humble/include/rclcpp/rclcpp/logging.hpp:23\x1b[m\x1b[K,\n'}
[1.395602] (cpp02_service) StderrLine: {'line': b'                 from \x1b[01m\x1b[K/opt/ros/humble/include/rclcpp/rclcpp/client.hpp:40\x1b[m\x1b[K,\n'}
[1.395618] (cpp02_service) StderrLine: {'line': b'                 from \x1b[01m\x1b[K/opt/ros/humble/include/rclcpp/rclcpp/callback_group.hpp:24\x1b[m\x1b[K,\n'}
[1.395635] (cpp02_service) StderrLine: {'line': b'                 from \x1b[01m\x1b[K/opt/ros/humble/include/rclcpp/rclcpp/any_executable.hpp:20\x1b[m\x1b[K,\n'}
[1.395650] (cpp02_service) StderrLine: {'line': b'                 from \x1b[01m\x1b[K/opt/ros/humble/include/rclcpp/rclcpp/memory_strategy.hpp:25\x1b[m\x1b[K,\n'}
[1.395666] (cpp02_service) StderrLine: {'line': b'                 from \x1b[01m\x1b[K/opt/ros/humble/include/rclcpp/rclcpp/memory_strategies.hpp:18\x1b[m\x1b[K,\n'}
[1.395683] (cpp02_service) StderrLine: {'line': b'                 from \x1b[01m\x1b[K/opt/ros/humble/include/rclcpp/rclcpp/executor_options.hpp:20\x1b[m\x1b[K,\n'}
[1.395700] (cpp02_service) StderrLine: {'line': b'                 from \x1b[01m\x1b[K/opt/ros/humble/include/rclcpp/rclcpp/executor.hpp:37\x1b[m\x1b[K,\n'}
[1.395716] (cpp02_service) StderrLine: {'line': b'                 from \x1b[01m\x1b[K/opt/ros/humble/include/rclcpp/rclcpp/executors/multi_threaded_executor.hpp:25\x1b[m\x1b[K,\n'}
[1.395734] (cpp02_service) StderrLine: {'line': b'                 from \x1b[01m\x1b[K/opt/ros/humble/include/rclcpp/rclcpp/executors.hpp:21\x1b[m\x1b[K,\n'}
[1.395751] (cpp02_service) StderrLine: {'line': b'                 from \x1b[01m\x1b[K/opt/ros/humble/include/rclcpp/rclcpp/rclcpp.hpp:155\x1b[m\x1b[K,\n'}
[1.395767] (cpp02_service) StderrLine: {'line': b'                 from \x1b[01m\x1b[K/home/jon/ws01/src/cpp02_service/src/demo02_client.cpp:17\x1b[m\x1b[K:\n'}
[1.395783] (cpp02_service) StderrLine: {'line': b'\x1b[01m\x1b[K/opt/ros/humble/include/rclcpp/rclcpp/logger.hpp:106:17:\x1b[m\x1b[K \x1b[01;36m\x1b[Knote: \x1b[m\x1b[Kdeclared here\n'}
[1.395800] (cpp02_service) StderrLine: {'line': b'  106 |   friend Logger \x1b[01;36m\x1b[Krclcpp\x1b[m\x1b[K::get_logger(const std::string & name);\n'}
[1.395817] (cpp02_service) StderrLine: {'line': b'      |                 \x1b[01;36m\x1b[K^~~~~~\x1b[m\x1b[K\n'}
[1.395833] (cpp02_service) StderrLine: {'line': b'In file included from \x1b[01m\x1b[K/opt/ros/humble/include/rclcpp/rclcpp/logging.hpp:24\x1b[m\x1b[K,\n'}
[1.395849] (cpp02_service) StderrLine: {'line': b'                 from \x1b[01m\x1b[K/opt/ros/humble/include/rclcpp/rclcpp/client.hpp:40\x1b[m\x1b[K,\n'}
[1.395865] (cpp02_service) StderrLine: {'line': b'                 from \x1b[01m\x1b[K/opt/ros/humble/include/rclcpp/rclcpp/callback_group.hpp:24\x1b[m\x1b[K,\n'}
[1.395880] (cpp02_service) StderrLine: {'line': b'                 from \x1b[01m\x1b[K/opt/ros/humble/include/rclcpp/rclcpp/any_executable.hpp:20\x1b[m\x1b[K,\n'}
[1.395896] (cpp02_service) StderrLine: {'line': b'                 from \x1b[01m\x1b[K/opt/ros/humble/include/rclcpp/rclcpp/memory_strategy.hpp:25\x1b[m\x1b[K,\n'}
[1.395912] (cpp02_service) StderrLine: {'line': b'                 from \x1b[01m\x1b[K/opt/ros/humble/include/rclcpp/rclcpp/memory_strategies.hpp:18\x1b[m\x1b[K,\n'}
[1.395928] (cpp02_service) StderrLine: {'line': b'                 from \x1b[01m\x1b[K/opt/ros/humble/include/rclcpp/rclcpp/executor_options.hpp:20\x1b[m\x1b[K,\n'}
[1.395944] (cpp02_service) StderrLine: {'line': b'                 from \x1b[01m\x1b[K/opt/ros/humble/include/rclcpp/rclcpp/executor.hpp:37\x1b[m\x1b[K,\n'}
[1.395959] (cpp02_service) StderrLine: {'line': b'                 from \x1b[01m\x1b[K/opt/ros/humble/include/rclcpp/rclcpp/executors/multi_threaded_executor.hpp:25\x1b[m\x1b[K,\n'}
[1.395976] (cpp02_service) StderrLine: {'line': b'                 from \x1b[01m\x1b[K/opt/ros/humble/include/rclcpp/rclcpp/executors.hpp:21\x1b[m\x1b[K,\n'}
[1.395992] (cpp02_service) StderrLine: {'line': b'                 from \x1b[01m\x1b[K/opt/ros/humble/include/rclcpp/rclcpp/rclcpp.hpp:155\x1b[m\x1b[K,\n'}
[1.396008] (cpp02_service) StderrLine: {'line': b'                 from \x1b[01m\x1b[K/home/jon/ws01/src/cpp02_service/src/demo02_client.cpp:17\x1b[m\x1b[K:\n'}
[1.396023] (cpp02_service) StderrLine: {'line': b'\x1b[01m\x1b[K/home/jon/ws01/src/cpp02_service/src/demo02_client.cpp:57:37:\x1b[m\x1b[K \x1b[01;31m\x1b[Kerror: \x1b[m\x1b[Ktoo few arguments to function \xe2\x80\x98\x1b[01m\x1b[Krclcpp::Logger rclcpp::get_logger(const string&)\x1b[m\x1b[K\xe2\x80\x99\n'}
[1.396041] (cpp02_service) StderrLine: {'line': b'   57 |       RCLCPP_INFO(\x1b[01;31m\x1b[Krclcpp::get_logger()\x1b[m\x1b[K, "\xe6\x9c\x8d\xe5\x8a\xa1\xe5\x99\xa8\xe8\xbf\x9e\xe6\x8e\xa5\xe4\xb8\xad...");\n'}
[1.396056] (cpp02_service) StderrLine: {'line': b'      |                   \x1b[01;31m\x1b[K~~~~~~~~~~~~~~~~~~^~\x1b[m\x1b[K\n'}
[1.396073] (cpp02_service) StderrLine: {'line': b'In file included from \x1b[01m\x1b[K/opt/ros/humble/include/rclcpp/rclcpp/logging.hpp:23\x1b[m\x1b[K,\n'}
[1.396089] (cpp02_service) StderrLine: {'line': b'                 from \x1b[01m\x1b[K/opt/ros/humble/include/rclcpp/rclcpp/client.hpp:40\x1b[m\x1b[K,\n'}
[1.396105] (cpp02_service) StderrLine: {'line': b'                 from \x1b[01m\x1b[K/opt/ros/humble/include/rclcpp/rclcpp/callback_group.hpp:24\x1b[m\x1b[K,\n'}
[1.396122] (cpp02_service) StderrLine: {'line': b'                 from \x1b[01m\x1b[K/opt/ros/humble/include/rclcpp/rclcpp/any_executable.hpp:20\x1b[m\x1b[K,\n'}
[1.396137] (cpp02_service) StderrLine: {'line': b'                 from \x1b[01m\x1b[K/opt/ros/humble/include/rclcpp/rclcpp/memory_strategy.hpp:25\x1b[m\x1b[K,\n'}
[1.396153] (cpp02_service) StderrLine: {'line': b'                 from \x1b[01m\x1b[K/opt/ros/humble/include/rclcpp/rclcpp/memory_strategies.hpp:18\x1b[m\x1b[K,\n'}
[1.396168] (cpp02_service) StderrLine: {'line': b'                 from \x1b[01m\x1b[K/opt/ros/humble/include/rclcpp/rclcpp/executor_options.hpp:20\x1b[m\x1b[K,\n'}
[1.396184] (cpp02_service) StderrLine: {'line': b'                 from \x1b[01m\x1b[K/opt/ros/humble/include/rclcpp/rclcpp/executor.hpp:37\x1b[m\x1b[K,\n'}
[1.396199] (cpp02_service) StderrLine: {'line': b'                 from \x1b[01m\x1b[K/opt/ros/humble/include/rclcpp/rclcpp/executors/multi_threaded_executor.hpp:25\x1b[m\x1b[K,\n'}
[1.396215] (cpp02_service) StderrLine: {'line': b'                 from \x1b[01m\x1b[K/opt/ros/humble/include/rclcpp/rclcpp/executors.hpp:21\x1b[m\x1b[K,\n'}
[1.396230] (cpp02_service) StderrLine: {'line': b'                 from \x1b[01m\x1b[K/opt/ros/humble/include/rclcpp/rclcpp/rclcpp.hpp:155\x1b[m\x1b[K,\n'}
[1.396246] (cpp02_service) StderrLine: {'line': b'                 from \x1b[01m\x1b[K/home/jon/ws01/src/cpp02_service/src/demo02_client.cpp:17\x1b[m\x1b[K:\n'}
[1.396262] (cpp02_service) StderrLine: {'line': b'\x1b[01m\x1b[K/opt/ros/humble/include/rclcpp/rclcpp/logger.hpp:106:17:\x1b[m\x1b[K \x1b[01;36m\x1b[Knote: \x1b[m\x1b[Kdeclared here\n'}
[1.396278] (cpp02_service) StderrLine: {'line': b'  106 |   friend Logger \x1b[01;36m\x1b[Krclcpp\x1b[m\x1b[K::get_logger(const std::string & name);\n'}
[1.396294] (cpp02_service) StderrLine: {'line': b'      |                 \x1b[01;36m\x1b[K^~~~~~\x1b[m\x1b[K\n'}
[1.403601] (-) TimerEvent: {}
[1.504312] (-) TimerEvent: {}
[1.604572] (-) TimerEvent: {}
[1.656872] (cpp02_service) StderrLine: {'line': b'gmake[2]: *** [CMakeFiles/demo02_client.dir/build.make:76\xef\xbc\x9aCMakeFiles/demo02_client.dir/src/demo02_client.cpp.o] \xe9\x94\x99\xe8\xaf\xaf 1\n'}
[1.657190] (cpp02_service) StderrLine: {'line': b'gmake[1]: *** [CMakeFiles/Makefile2:165\xef\xbc\x9aCMakeFiles/demo02_client.dir/all] \xe9\x94\x99\xe8\xaf\xaf 2\n'}
[1.658406] (cpp02_service) StderrLine: {'line': b'gmake: *** [Makefile:146\xef\xbc\x9aall] \xe9\x94\x99\xe8\xaf\xaf 2\n'}
[1.659474] (cpp02_service) CommandEnded: {'returncode': 2}
[1.662967] (cpp02_service) JobEnded: {'identifier': 'cpp02_service', 'rc': 2}
[1.673448] (-) EventReactorShutdown: {}
