[0.000000] (-) TimerEvent: {}
[0.000324] (base_demo) JobQueued: {'identifier': 'base_demo', 'dependencies': OrderedDict()}
[0.000386] (cpp01_topic) JobQueued: {'identifier': 'cpp01_topic', 'dependencies': OrderedDict([('base_demo', '/home/jon/ws01/install/base_demo')])}
[0.000407] (cpp02_service) JobQueued: {'identifier': 'cpp02_service', 'dependencies': OrderedDict([('base_demo', '/home/jon/ws01/install/base_demo')])}
[0.000417] (base_demo) JobStarted: {'identifier': 'base_demo'}
[0.004912] (base_demo) JobProgress: {'identifier': 'base_demo', 'progress': 'cmake'}
[0.005635] (base_demo) JobProgress: {'identifier': 'base_demo', 'progress': 'build'}
[0.005661] (base_demo) Command: {'cmd': ['/usr/bin/cmake', '--build', '/home/jon/ws01/build/base_demo', '--', '-j24', '-l24'], 'cwd': '/home/jon/ws01/build/base_demo', 'env': OrderedDict([('GJS_DEBUG_TOPICS', 'JS ERROR;JS LOG'), ('PYTHON_BASIC_REPL', '1'), ('LESSOPEN', '| /usr/bin/lesspipe %s'), ('HTTPS_PROXY', 'http://127.0.0.1:7890'), ('no_proxy', 'localhost,127.0.0.0/8,::1'), ('LANGUAGE', 'zh_CN:zh'), ('USER', 'jon'), ('all_proxy', 'socks5h://127.0.0.1:7890'), ('XDG_SESSION_TYPE', 'x11'), ('GIT_ASKPASS', '/usr/share/code/resources/app/extensions/git/dist/askpass.sh'), ('SHLVL', '1'), ('LD_LIBRARY_PATH', '/home/jon/ws01/install/base_demo/lib:/opt/ros/humble/opt/rviz_ogre_vendor/lib:/opt/ros/humble/lib/x86_64-linux-gnu:/opt/ros/humble/lib'), ('HOME', '/home/jon'), ('CHROME_DESKTOP', 'code.desktop'), ('TERM_PROGRAM_VERSION', '1.138.0'), ('DESKTOP_SESSION', 'ubuntu'), ('NO_PROXY', 'localhost,127.0.0.0/8,::1'), ('GIO_LAUNCHED_DESKTOP_FILE', '/usr/share/applications/code.desktop'), ('ROS_PYTHON_VERSION', '3'), ('GNOME_SHELL_SESSION_MODE', 'ubuntu'), ('GTK_MODULES', 'gail:atk-bridge'), ('VSCODE_GIT_ASKPASS_MAIN', '/usr/share/code/resources/app/extensions/git/dist/askpass-main.js'), ('VSCODE_GIT_ASKPASS_NODE', '/usr/share/code/code'), ('MANAGERPID', '1286'), ('PYDEVD_DISABLE_FILE_VALIDATION', '1'), ('SYSTEMD_EXEC_PID', '2464'), ('BUNDLED_DEBUGPY_PATH', '/home/jon/.vscode/extensions/ms-python.debugpy-2026.6.0-linux-x64/bundled/libs/debugpy'), ('VSCODE_PYTHON_AUTOACTIVATE_GUARD', '1'), ('DBUS_SESSION_BUS_ADDRESS', 'unix:path=/run/user/1000/bus'), ('COLORTERM', 'truecolor'), ('GIO_LAUNCHED_DESKTOP_FILE_PID', '4092'), ('IM_CONFIG_PHASE', '1'), ('https_proxy', 'http://127.0.0.1:7890'), ('COLCON_PREFIX_PATH', '/home/jon/ws01/install:/home/jon/ros2_ws/install'), ('ROS_DISTRO', 'humble'), ('LOGNAME', 'jon'), ('ALL_PROXY', 'socks5h://127.0.0.1:7890'), ('http_proxy', 'http://127.0.0.1:7890'), ('JOURNAL_STREAM', '8:15521'), ('_', '/usr/bin/colcon'), ('ROS_VERSION', '2'), ('XDG_SESSION_CLASS', 'user'), ('USERNAME', 'jon'), ('TERM', 'xterm-256color'), ('GNOME_DESKTOP_SESSION_ID', 'this-is-deprecated'), ('FC_FONTATIONS', '1'), ('ROS_LOCALHOST_ONLY', '0'), ('WINDOWPATH', '2'), ('PATH', '/home/jon/.config/Code/User/globalStorage/github.copilot-chat/debugCommand:/home/jon/.config/Code/User/globalStorage/github.copilot-chat/copilotCli:/home/jon/.local/bin:/opt/ros/humble/bin:/home/jon/.local/bin:/home/jon/.local/bin:/usr/local/sbin:/usr/local/bin:/usr/sbin:/usr/bin:/sbin:/bin:/usr/games:/usr/local/games:/snap/bin:/snap/bin:/home/jon/.vscode/extensions/ms-python.debugpy-2026.6.0-linux-x64/bundled/scripts/noConfigScripts'), ('SESSION_MANAGER', 'local/WJ:@/tmp/.ICE-unix/2436,unix/WJ:/tmp/.ICE-unix/2436'), ('INVOCATION_ID', 'dc714fa0cdc34e3a9439b83ad9a63145'), ('XDG_MENU_PREFIX', 'gnome-'), ('XDG_RUNTIME_DIR', '/run/user/1000'), ('GDK_BACKEND', 'x11'), ('DISPLAY', ':0'), ('VSCODE_DEBUGPY_ADAPTER_ENDPOINTS', '/home/jon/.vscode/extensions/ms-python.debugpy-2026.6.0-linux-x64/.noConfigDebugAdapterEndpoints/endpoint-b8a5c5d86f95c8fb.txt'), ('LANG', 'zh_CN.UTF-8'), ('XDG_CURRENT_DESKTOP', 'ubuntu:GNOME'), ('PYTHONSTARTUP', '/home/jon/.config/Code/User/workspaceStorage/1f60e15f81795b7429f56f0c0e99fe64/ms-python.python/pythonrc.py'), ('XMODIFIERS', '@im=ibus'), ('XDG_SESSION_DESKTOP', 'ubuntu'), ('XAUTHORITY', '/run/user/1000/gdm/Xauthority'), ('LS_COLORS', 'rs=0:di=01;34:ln=01;36:mh=00:pi=40;33:so=01;35:do=01;35:bd=40;33;01:cd=40;33;01:or=40;31;01:mi=00:su=37;41:sg=30;43:ca=30;41:tw=30;42:ow=34;42:st=37;44:ex=01;32:*.tar=01;31:*.tgz=01;31:*.arc=01;31:*.arj=01;31:*.taz=01;31:*.lha=01;31:*.lz4=01;31:*.lzh=01;31:*.lzma=01;31:*.tlz=01;31:*.txz=01;31:*.tzo=01;31:*.t7z=01;31:*.zip=01;31:*.z=01;31:*.dz=01;31:*.gz=01;31:*.lrz=01;31:*.lz=01;31:*.lzo=01;31:*.xz=01;31:*.zst=01;31:*.tzst=01;31:*.bz2=01;31:*.bz=01;31:*.tbz=01;31:*.tbz2=01;31:*.tz=01;31:*.deb=01;31:*.rpm=01;31:*.jar=01;31:*.war=01;31:*.ear=01;31:*.sar=01;31:*.rar=01;31:*.alz=01;31:*.ace=01;31:*.zoo=01;31:*.cpio=01;31:*.7z=01;31:*.rz=01;31:*.cab=01;31:*.wim=01;31:*.swm=01;31:*.dwm=01;31:*.esd=01;31:*.jpg=01;35:*.jpeg=01;35:*.mjpg=01;35:*.mjpeg=01;35:*.gif=01;35:*.bmp=01;35:*.pbm=01;35:*.pgm=01;35:*.ppm=01;35:*.tga=01;35:*.xbm=01;35:*.xpm=01;35:*.tif=01;35:*.tiff=01;35:*.png=01;35:*.svg=01;35:*.svgz=01;35:*.mng=01;35:*.pcx=01;35:*.mov=01;35:*.mpg=01;35:*.mpeg=01;35:*.m2v=01;35:*.mkv=01;35:*.webm=01;35:*.webp=01;35:*.ogm=01;35:*.mp4=01;35:*.m4v=01;35:*.mp4v=01;35:*.vob=01;35:*.qt=01;35:*.nuv=01;35:*.wmv=01;35:*.asf=01;35:*.rm=01;35:*.rmvb=01;35:*.flc=01;35:*.avi=01;35:*.fli=01;35:*.flv=01;35:*.gl=01;35:*.dl=01;35:*.xcf=01;35:*.xwd=01;35:*.yuv=01;35:*.cgm=01;35:*.emf=01;35:*.ogv=01;35:*.ogx=01;35:*.aac=00;36:*.au=00;36:*.flac=00;36:*.m4a=00;36:*.mid=00;36:*.midi=00;36:*.mka=00;36:*.mp3=00;36:*.mpc=00;36:*.ogg=00;36:*.ra=00;36:*.wav=00;36:*.oga=00;36:*.opus=00;36:*.spx=00;36:*.xspf=00;36:'), ('VSCODE_GIT_IPC_HANDLE', '/run/user/1000/vscode-git-81883a5c4f.sock'), ('TERM_PROGRAM', 'vscode'), ('SSH_AGENT_LAUNCHER', 'gnome-keyring'), ('SSH_AUTH_SOCK', '/run/user/1000/keyring/ssh'), ('AMENT_PREFIX_PATH', '/home/jon/ws01/install/cpp02_service:/home/jon/ws01/install/cpp01_topic:/home/jon/ws01/install/base_demo:/home/jon/ros2_ws/install/hellovscode_cpp:/home/jon/ros2_ws/install/hello_cpp:/opt/ros/humble'), ('SHELL', '/bin/bash'), ('QT_ACCESSIBILITY', '1'), ('GDMSESSION', 'ubuntu'), ('LESSCLOSE', '/usr/bin/lesspipe %s %s'), ('GPG_AGENT_INFO', '/run/user/1000/gnupg/S.gpg-agent:0:1'), ('GJS_DEBUG_OUTPUT', 'stderr'), ('VSCODE_GIT_ASKPASS_EXTRA_ARGS', ''), ('QT_IM_MODULE', 'ibus'), ('PWD', '/home/jon/ws01/build/base_demo'), ('XDG_CONFIG_DIRS', '/etc/xdg/xdg-ubuntu:/etc/xdg'), ('COPILOT_DEBUG_NONCE', '20fc3c0b33e88ebaf2914c4d51f59b28'), ('XDG_DATA_DIRS', '/usr/share/gnome:/usr/share/ubuntu:/usr/local/share/:/usr/share/:/var/lib/snapd/desktop'), ('PYTHONPATH', '/home/jon/ws01/install/base_demo/local/lib/python3.10/dist-packages:/opt/ros/humble/lib/python3.10/site-packages:/opt/ros/humble/local/lib/python3.10/dist-packages'), ('HTTP_PROXY', 'http://127.0.0.1:7890'), ('COLCON', '1'), ('CMAKE_PREFIX_PATH', '/home/jon/ws01/install/cpp02_service:/home/jon/ws01/install/cpp01_topic:/home/jon/ws01/install/base_demo:/home/jon/ros2_ws/install/hellovscode_cpp:/home/jon/ros2_ws/install/hello_cpp:/opt/ros/humble')]), 'shell': False}
[0.043698] (base_demo) StdoutLine: {'line': b'[  7%] Built target base_demo__rs\n'}
[0.043842] (base_demo) StdoutLine: {'line': b'[ 12%] Built target base_demo__rosidl_generator_c\n'}
[0.048130] (base_demo) StdoutLine: {'line': b'[ 15%] Built target base_demo__cpp\n'}
[0.050397] (base_demo) StdoutLine: {'line': b'[ 15%] Built target ament_cmake_python_copy_base_demo\n'}
[0.058457] (base_demo) StdoutLine: {'line': b'[ 25%] Built target base_demo__rosidl_typesupport_c\n'}
[0.058585] (base_demo) StdoutLine: {'line': b'[ 35%] Built target base_demo__rosidl_typesupport_fastrtps_c\n'}
[0.059623] (base_demo) StdoutLine: {'line': b'[ 45%] Built target base_demo__rosidl_typesupport_introspection_c\n'}
[0.064322] (base_demo) StdoutLine: {'line': b'[ 55%] Built target base_demo__rosidl_typesupport_fastrtps_cpp\n'}
[0.064417] (base_demo) StdoutLine: {'line': b'[ 65%] Built target base_demo__rosidl_typesupport_introspection_cpp\n'}
[0.064807] (base_demo) StdoutLine: {'line': b'[ 75%] Built target base_demo__rosidl_typesupport_cpp\n'}
[0.077948] (base_demo) StdoutLine: {'line': b'[ 75%] Built target base_demo\n'}
[0.090332] (base_demo) StdoutLine: {'line': b'[ 77%] Built target base_demo__py\n'}
[0.099620] (-) TimerEvent: {}
[0.103565] (base_demo) StdoutLine: {'line': b'[ 85%] Built target base_demo__rosidl_generator_py\n'}
[0.117212] (base_demo) StdoutLine: {'line': b'[ 90%] Built target base_demo__rosidl_typesupport_fastrtps_c__pyext\n'}
[0.117424] (base_demo) StdoutLine: {'line': b'[100%] Built target base_demo__rosidl_typesupport_c__pyext\n'}
[0.117509] (base_demo) StdoutLine: {'line': b'[100%] Built target base_demo__rosidl_typesupport_introspection_c__pyext\n'}
[0.161965] (base_demo) StdoutLine: {'line': b'running egg_info\n'}
[0.162111] (base_demo) StdoutLine: {'line': b'writing base_demo.egg-info/PKG-INFO\n'}
[0.162141] (base_demo) StdoutLine: {'line': b'writing dependency_links to base_demo.egg-info/dependency_links.txt\n'}
[0.162164] (base_demo) StdoutLine: {'line': b'writing top-level names to base_demo.egg-info/top_level.txt\n'}
[0.162960] (base_demo) StdoutLine: {'line': b"reading manifest file 'base_demo.egg-info/SOURCES.txt'\n"}
[0.162995] (base_demo) StdoutLine: {'line': b"writing manifest file 'base_demo.egg-info/SOURCES.txt'\n"}
[0.177211] (base_demo) StdoutLine: {'line': b'[100%] Built target ament_cmake_python_build_base_demo_egg\n'}
[0.185303] (base_demo) CommandEnded: {'returncode': 0}
[0.185688] (base_demo) JobProgress: {'identifier': 'base_demo', 'progress': 'install'}
[0.189864] (base_demo) Command: {'cmd': ['/usr/bin/cmake', '--install', '/home/jon/ws01/build/base_demo'], 'cwd': '/home/jon/ws01/build/base_demo', 'env': OrderedDict([('GJS_DEBUG_TOPICS', 'JS ERROR;JS LOG'), ('PYTHON_BASIC_REPL', '1'), ('LESSOPEN', '| /usr/bin/lesspipe %s'), ('HTTPS_PROXY', 'http://127.0.0.1:7890'), ('no_proxy', 'localhost,127.0.0.0/8,::1'), ('LANGUAGE', 'zh_CN:zh'), ('USER', 'jon'), ('all_proxy', 'socks5h://127.0.0.1:7890'), ('XDG_SESSION_TYPE', 'x11'), ('GIT_ASKPASS', '/usr/share/code/resources/app/extensions/git/dist/askpass.sh'), ('SHLVL', '1'), ('LD_LIBRARY_PATH', '/home/jon/ws01/install/base_demo/lib:/opt/ros/humble/opt/rviz_ogre_vendor/lib:/opt/ros/humble/lib/x86_64-linux-gnu:/opt/ros/humble/lib'), ('HOME', '/home/jon'), ('CHROME_DESKTOP', 'code.desktop'), ('TERM_PROGRAM_VERSION', '1.138.0'), ('DESKTOP_SESSION', 'ubuntu'), ('NO_PROXY', 'localhost,127.0.0.0/8,::1'), ('GIO_LAUNCHED_DESKTOP_FILE', '/usr/share/applications/code.desktop'), ('ROS_PYTHON_VERSION', '3'), ('GNOME_SHELL_SESSION_MODE', 'ubuntu'), ('GTK_MODULES', 'gail:atk-bridge'), ('VSCODE_GIT_ASKPASS_MAIN', '/usr/share/code/resources/app/extensions/git/dist/askpass-main.js'), ('VSCODE_GIT_ASKPASS_NODE', '/usr/share/code/code'), ('MANAGERPID', '1286'), ('PYDEVD_DISABLE_FILE_VALIDATION', '1'), ('SYSTEMD_EXEC_PID', '2464'), ('BUNDLED_DEBUGPY_PATH', '/home/jon/.vscode/extensions/ms-python.debugpy-2026.6.0-linux-x64/bundled/libs/debugpy'), ('VSCODE_PYTHON_AUTOACTIVATE_GUARD', '1'), ('DBUS_SESSION_BUS_ADDRESS', 'unix:path=/run/user/1000/bus'), ('COLORTERM', 'truecolor'), ('GIO_LAUNCHED_DESKTOP_FILE_PID', '4092'), ('IM_CONFIG_PHASE', '1'), ('https_proxy', 'http://127.0.0.1:7890'), ('COLCON_PREFIX_PATH', '/home/jon/ws01/install:/home/jon/ros2_ws/install'), ('ROS_DISTRO', 'humble'), ('LOGNAME', 'jon'), ('ALL_PROXY', 'socks5h://127.0.0.1:7890'), ('http_proxy', 'http://127.0.0.1:7890'), ('JOURNAL_STREAM', '8:15521'), ('_', '/usr/bin/colcon'), ('ROS_VERSION', '2'), ('XDG_SESSION_CLASS', 'user'), ('USERNAME', 'jon'), ('TERM', 'xterm-256color'), ('GNOME_DESKTOP_SESSION_ID', 'this-is-deprecated'), ('FC_FONTATIONS', '1'), ('ROS_LOCALHOST_ONLY', '0'), ('WINDOWPATH', '2'), ('PATH', '/home/jon/.config/Code/User/globalStorage/github.copilot-chat/debugCommand:/home/jon/.config/Code/User/globalStorage/github.copilot-chat/copilotCli:/home/jon/.local/bin:/opt/ros/humble/bin:/home/jon/.local/bin:/home/jon/.local/bin:/usr/local/sbin:/usr/local/bin:/usr/sbin:/usr/bin:/sbin:/bin:/usr/games:/usr/local/games:/snap/bin:/snap/bin:/home/jon/.vscode/extensions/ms-python.debugpy-2026.6.0-linux-x64/bundled/scripts/noConfigScripts'), ('SESSION_MANAGER', 'local/WJ:@/tmp/.ICE-unix/2436,unix/WJ:/tmp/.ICE-unix/2436'), ('INVOCATION_ID', 'dc714fa0cdc34e3a9439b83ad9a63145'), ('XDG_MENU_PREFIX', 'gnome-'), ('XDG_RUNTIME_DIR', '/run/user/1000'), ('GDK_BACKEND', 'x11'), ('DISPLAY', ':0'), ('VSCODE_DEBUGPY_ADAPTER_ENDPOINTS', '/home/jon/.vscode/extensions/ms-python.debugpy-2026.6.0-linux-x64/.noConfigDebugAdapterEndpoints/endpoint-b8a5c5d86f95c8fb.txt'), ('LANG', 'zh_CN.UTF-8'), ('XDG_CURRENT_DESKTOP', 'ubuntu:GNOME'), ('PYTHONSTARTUP', '/home/jon/.config/Code/User/workspaceStorage/1f60e15f81795b7429f56f0c0e99fe64/ms-python.python/pythonrc.py'), ('XMODIFIERS', '@im=ibus'), ('XDG_SESSION_DESKTOP', 'ubuntu'), ('XAUTHORITY', '/run/user/1000/gdm/Xauthority'), ('LS_COLORS', 'rs=0:di=01;34:ln=01;36:mh=00:pi=40;33:so=01;35:do=01;35:bd=40;33;01:cd=40;33;01:or=40;31;01:mi=00:su=37;41:sg=30;43:ca=30;41:tw=30;42:ow=34;42:st=37;44:ex=01;32:*.tar=01;31:*.tgz=01;31:*.arc=01;31:*.arj=01;31:*.taz=01;31:*.lha=01;31:*.lz4=01;31:*.lzh=01;31:*.lzma=01;31:*.tlz=01;31:*.txz=01;31:*.tzo=01;31:*.t7z=01;31:*.zip=01;31:*.z=01;31:*.dz=01;31:*.gz=01;31:*.lrz=01;31:*.lz=01;31:*.lzo=01;31:*.xz=01;31:*.zst=01;31:*.tzst=01;31:*.bz2=01;31:*.bz=01;31:*.tbz=01;31:*.tbz2=01;31:*.tz=01;31:*.deb=01;31:*.rpm=01;31:*.jar=01;31:*.war=01;31:*.ear=01;31:*.sar=01;31:*.rar=01;31:*.alz=01;31:*.ace=01;31:*.zoo=01;31:*.cpio=01;31:*.7z=01;31:*.rz=01;31:*.cab=01;31:*.wim=01;31:*.swm=01;31:*.dwm=01;31:*.esd=01;31:*.jpg=01;35:*.jpeg=01;35:*.mjpg=01;35:*.mjpeg=01;35:*.gif=01;35:*.bmp=01;35:*.pbm=01;35:*.pgm=01;35:*.ppm=01;35:*.tga=01;35:*.xbm=01;35:*.xpm=01;35:*.tif=01;35:*.tiff=01;35:*.png=01;35:*.svg=01;35:*.svgz=01;35:*.mng=01;35:*.pcx=01;35:*.mov=01;35:*.mpg=01;35:*.mpeg=01;35:*.m2v=01;35:*.mkv=01;35:*.webm=01;35:*.webp=01;35:*.ogm=01;35:*.mp4=01;35:*.m4v=01;35:*.mp4v=01;35:*.vob=01;35:*.qt=01;35:*.nuv=01;35:*.wmv=01;35:*.asf=01;35:*.rm=01;35:*.rmvb=01;35:*.flc=01;35:*.avi=01;35:*.fli=01;35:*.flv=01;35:*.gl=01;35:*.dl=01;35:*.xcf=01;35:*.xwd=01;35:*.yuv=01;35:*.cgm=01;35:*.emf=01;35:*.ogv=01;35:*.ogx=01;35:*.aac=00;36:*.au=00;36:*.flac=00;36:*.m4a=00;36:*.mid=00;36:*.midi=00;36:*.mka=00;36:*.mp3=00;36:*.mpc=00;36:*.ogg=00;36:*.ra=00;36:*.wav=00;36:*.oga=00;36:*.opus=00;36:*.spx=00;36:*.xspf=00;36:'), ('VSCODE_GIT_IPC_HANDLE', '/run/user/1000/vscode-git-81883a5c4f.sock'), ('TERM_PROGRAM', 'vscode'), ('SSH_AGENT_LAUNCHER', 'gnome-keyring'), ('SSH_AUTH_SOCK', '/run/user/1000/keyring/ssh'), ('AMENT_PREFIX_PATH', '/home/jon/ws01/install/cpp02_service:/home/jon/ws01/install/cpp01_topic:/home/jon/ws01/install/base_demo:/home/jon/ros2_ws/install/hellovscode_cpp:/home/jon/ros2_ws/install/hello_cpp:/opt/ros/humble'), ('SHELL', '/bin/bash'), ('QT_ACCESSIBILITY', '1'), ('GDMSESSION', 'ubuntu'), ('LESSCLOSE', '/usr/bin/lesspipe %s %s'), ('GPG_AGENT_INFO', '/run/user/1000/gnupg/S.gpg-agent:0:1'), ('GJS_DEBUG_OUTPUT', 'stderr'), ('VSCODE_GIT_ASKPASS_EXTRA_ARGS', ''), ('QT_IM_MODULE', 'ibus'), ('PWD', '/home/jon/ws01/build/base_demo'), ('XDG_CONFIG_DIRS', '/etc/xdg/xdg-ubuntu:/etc/xdg'), ('COPILOT_DEBUG_NONCE', '20fc3c0b33e88ebaf2914c4d51f59b28'), ('XDG_DATA_DIRS', '/usr/share/gnome:/usr/share/ubuntu:/usr/local/share/:/usr/share/:/var/lib/snapd/desktop'), ('PYTHONPATH', '/home/jon/ws01/install/base_demo/local/lib/python3.10/dist-packages:/opt/ros/humble/lib/python3.10/site-packages:/opt/ros/humble/local/lib/python3.10/dist-packages'), ('HTTP_PROXY', 'http://127.0.0.1:7890'), ('COLCON', '1'), ('CMAKE_PREFIX_PATH', '/home/jon/ws01/install/cpp02_service:/home/jon/ws01/install/cpp01_topic:/home/jon/ws01/install/base_demo:/home/jon/ros2_ws/install/hellovscode_cpp:/home/jon/ros2_ws/install/hello_cpp:/opt/ros/humble')]), 'shell': False}
[0.196048] (base_demo) StdoutLine: {'line': b'-- Install configuration: ""\n'}
[0.196170] (base_demo) StdoutLine: {'line': b'-- Up-to-date: /home/jon/ws01/install/base_demo/share/ament_index/resource_index/rosidl_interfaces/base_demo\n'}
[0.196199] (base_demo) StdoutLine: {'line': b'-- Up-to-date: /home/jon/ws01/install/base_demo/include/base_demo/base_demo\n'}
[0.196224] (base_demo) StdoutLine: {'line': b'-- Up-to-date: /home/jon/ws01/install/base_demo/include/base_demo/base_demo/msg\n'}
[0.196245] (base_demo) StdoutLine: {'line': b'-- Up-to-date: /home/jon/ws01/install/base_demo/include/base_demo/base_demo/msg/student.h\n'}
[0.196269] (base_demo) StdoutLine: {'line': b'-- Up-to-date: /home/jon/ws01/install/base_demo/include/base_demo/base_demo/msg/detail\n'}
[0.196289] (base_demo) StdoutLine: {'line': b'-- Up-to-date: /home/jon/ws01/install/base_demo/include/base_demo/base_demo/msg/detail/student__struct.h\n'}
[0.196309] (base_demo) StdoutLine: {'line': b'-- Up-to-date: /home/jon/ws01/install/base_demo/include/base_demo/base_demo/msg/detail/student__functions.c\n'}
[0.196328] (base_demo) StdoutLine: {'line': b'-- Up-to-date: /home/jon/ws01/install/base_demo/include/base_demo/base_demo/msg/detail/student__functions.h\n'}
[0.196346] (base_demo) StdoutLine: {'line': b'-- Up-to-date: /home/jon/ws01/install/base_demo/include/base_demo/base_demo/msg/detail/student__type_support.h\n'}
[0.196364] (base_demo) StdoutLine: {'line': b'-- Up-to-date: /home/jon/ws01/install/base_demo/include/base_demo/base_demo/msg/rosidl_generator_c__visibility_control.h\n'}
[0.196383] (base_demo) StdoutLine: {'line': b'-- Up-to-date: /home/jon/ws01/install/base_demo/include/base_demo/base_demo/srv\n'}
[0.196400] (base_demo) StdoutLine: {'line': b'-- Up-to-date: /home/jon/ws01/install/base_demo/include/base_demo/base_demo/srv/addints.h\n'}
[0.196419] (base_demo) StdoutLine: {'line': b'-- Up-to-date: /home/jon/ws01/install/base_demo/include/base_demo/base_demo/srv/detail\n'}
[0.196437] (base_demo) StdoutLine: {'line': b'-- Up-to-date: /home/jon/ws01/install/base_demo/include/base_demo/base_demo/srv/detail/addints__type_support.h\n'}
[0.196455] (base_demo) StdoutLine: {'line': b'-- Up-to-date: /home/jon/ws01/install/base_demo/include/base_demo/base_demo/srv/detail/addints__functions.h\n'}
[0.196472] (base_demo) StdoutLine: {'line': b'-- Up-to-date: /home/jon/ws01/install/base_demo/include/base_demo/base_demo/srv/detail/addints__struct.h\n'}
[0.196490] (base_demo) StdoutLine: {'line': b'-- Up-to-date: /home/jon/ws01/install/base_demo/include/base_demo/base_demo/srv/detail/addints__functions.c\n'}
[0.196507] (base_demo) StdoutLine: {'line': b'-- Up-to-date: /home/jon/ws01/install/base_demo/share/base_demo/environment/library_path.sh\n'}
[0.196523] (base_demo) StdoutLine: {'line': b'-- Up-to-date: /home/jon/ws01/install/base_demo/share/base_demo/environment/library_path.dsv\n'}
[0.196539] (base_demo) StdoutLine: {'line': b'-- Up-to-date: /home/jon/ws01/install/base_demo/lib/libbase_demo__rosidl_generator_c.so\n'}
[0.196558] (base_demo) StdoutLine: {'line': b'-- Up-to-date: /home/jon/ws01/install/base_demo/include/base_demo/base_demo\n'}
[0.196574] (base_demo) StdoutLine: {'line': b'-- Up-to-date: /home/jon/ws01/install/base_demo/include/base_demo/base_demo/msg\n'}
[0.196590] (base_demo) StdoutLine: {'line': b'-- Up-to-date: /home/jon/ws01/install/base_demo/include/base_demo/base_demo/msg/rosidl_typesupport_fastrtps_c__visibility_control.h\n'}
[0.196606] (base_demo) StdoutLine: {'line': b'-- Up-to-date: /home/jon/ws01/install/base_demo/include/base_demo/base_demo/msg/detail\n'}
[0.196622] (base_demo) StdoutLine: {'line': b'-- Up-to-date: /home/jon/ws01/install/base_demo/include/base_demo/base_demo/msg/detail/student__rosidl_typesupport_fastrtps_c.h\n'}
[0.196637] (base_demo) StdoutLine: {'line': b'-- Up-to-date: /home/jon/ws01/install/base_demo/include/base_demo/base_demo/srv\n'}
[0.196653] (base_demo) StdoutLine: {'line': b'-- Up-to-date: /home/jon/ws01/install/base_demo/include/base_demo/base_demo/srv/detail\n'}
[0.196668] (base_demo) StdoutLine: {'line': b'-- Up-to-date: /home/jon/ws01/install/base_demo/include/base_demo/base_demo/srv/detail/addints__rosidl_typesupport_fastrtps_c.h\n'}
[0.196684] (base_demo) StdoutLine: {'line': b'-- Up-to-date: /home/jon/ws01/install/base_demo/lib/libbase_demo__rosidl_typesupport_fastrtps_c.so\n'}
[0.196701] (base_demo) StdoutLine: {'line': b'-- Up-to-date: /home/jon/ws01/install/base_demo/include/base_demo/base_demo\n'}
[0.196720] (base_demo) StdoutLine: {'line': b'-- Up-to-date: /home/jon/ws01/install/base_demo/include/base_demo/base_demo/msg\n'}
[0.196739] (base_demo) StdoutLine: {'line': b'-- Up-to-date: /home/jon/ws01/install/base_demo/include/base_demo/base_demo/msg/detail\n'}
[0.196757] (base_demo) StdoutLine: {'line': b'-- Up-to-date: /home/jon/ws01/install/base_demo/include/base_demo/base_demo/msg/detail/student__rosidl_typesupport_introspection_c.h\n'}
[0.196776] (base_demo) StdoutLine: {'line': b'-- Up-to-date: /home/jon/ws01/install/base_demo/include/base_demo/base_demo/msg/detail/student__type_support.c\n'}
[0.196795] (base_demo) StdoutLine: {'line': b'-- Up-to-date: /home/jon/ws01/install/base_demo/include/base_demo/base_demo/msg/rosidl_typesupport_introspection_c__visibility_control.h\n'}
[0.196813] (base_demo) StdoutLine: {'line': b'-- Up-to-date: /home/jon/ws01/install/base_demo/include/base_demo/base_demo/srv\n'}
[0.196831] (base_demo) StdoutLine: {'line': b'-- Up-to-date: /home/jon/ws01/install/base_demo/include/base_demo/base_demo/srv/detail\n'}
[0.196849] (base_demo) StdoutLine: {'line': b'-- Up-to-date: /home/jon/ws01/install/base_demo/include/base_demo/base_demo/srv/detail/addints__type_support.c\n'}
[0.196867] (base_demo) StdoutLine: {'line': b'-- Up-to-date: /home/jon/ws01/install/base_demo/include/base_demo/base_demo/srv/detail/addints__rosidl_typesupport_introspection_c.h\n'}
[0.196885] (base_demo) StdoutLine: {'line': b'-- Up-to-date: /home/jon/ws01/install/base_demo/lib/libbase_demo__rosidl_typesupport_introspection_c.so\n'}
[0.196903] (base_demo) StdoutLine: {'line': b'-- Up-to-date: /home/jon/ws01/install/base_demo/lib/libbase_demo__rosidl_typesupport_c.so\n'}
[0.196923] (base_demo) StdoutLine: {'line': b'-- Up-to-date: /home/jon/ws01/install/base_demo/include/base_demo/base_demo\n'}
[0.196942] (base_demo) StdoutLine: {'line': b'-- Up-to-date: /home/jon/ws01/install/base_demo/include/base_demo/base_demo/msg\n'}
[0.196960] (base_demo) StdoutLine: {'line': b'-- Up-to-date: /home/jon/ws01/install/base_demo/include/base_demo/base_demo/msg/student.hpp\n'}
[0.196978] (base_demo) StdoutLine: {'line': b'-- Up-to-date: /home/jon/ws01/install/base_demo/include/base_demo/base_demo/msg/detail\n'}
[0.196996] (base_demo) StdoutLine: {'line': b'-- Up-to-date: /home/jon/ws01/install/base_demo/include/base_demo/base_demo/msg/detail/student__type_support.hpp\n'}
[0.197015] (base_demo) StdoutLine: {'line': b'-- Up-to-date: /home/jon/ws01/install/base_demo/include/base_demo/base_demo/msg/detail/student__struct.hpp\n'}
[0.197033] (base_demo) StdoutLine: {'line': b'-- Up-to-date: /home/jon/ws01/install/base_demo/include/base_demo/base_demo/msg/detail/student__traits.hpp\n'}
[0.197051] (base_demo) StdoutLine: {'line': b'-- Up-to-date: /home/jon/ws01/install/base_demo/include/base_demo/base_demo/msg/detail/student__builder.hpp\n'}
[0.197070] (base_demo) StdoutLine: {'line': b'-- Up-to-date: /home/jon/ws01/install/base_demo/include/base_demo/base_demo/msg/rosidl_generator_cpp__visibility_control.hpp\n'}
[0.197088] (base_demo) StdoutLine: {'line': b'-- Up-to-date: /home/jon/ws01/install/base_demo/include/base_demo/base_demo/srv\n'}
[0.197106] (base_demo) StdoutLine: {'line': b'-- Up-to-date: /home/jon/ws01/install/base_demo/include/base_demo/base_demo/srv/addints.hpp\n'}
[0.197123] (base_demo) StdoutLine: {'line': b'-- Up-to-date: /home/jon/ws01/install/base_demo/include/base_demo/base_demo/srv/detail\n'}
[0.197142] (base_demo) StdoutLine: {'line': b'-- Up-to-date: /home/jon/ws01/install/base_demo/include/base_demo/base_demo/srv/detail/addints__traits.hpp\n'}
[0.197159] (base_demo) StdoutLine: {'line': b'-- Up-to-date: /home/jon/ws01/install/base_demo/include/base_demo/base_demo/srv/detail/addints__type_support.hpp\n'}
[0.197177] (base_demo) StdoutLine: {'line': b'-- Up-to-date: /home/jon/ws01/install/base_demo/include/base_demo/base_demo/srv/detail/addints__builder.hpp\n'}
[0.197194] (base_demo) StdoutLine: {'line': b'-- Up-to-date: /home/jon/ws01/install/base_demo/include/base_demo/base_demo/srv/detail/addints__struct.hpp\n'}
[0.197213] (base_demo) StdoutLine: {'line': b'-- Up-to-date: /home/jon/ws01/install/base_demo/include/base_demo/base_demo\n'}
[0.197275] (base_demo) StdoutLine: {'line': b'-- Up-to-date: /home/jon/ws01/install/base_demo/include/base_demo/base_demo/msg\n'}
[0.197294] (base_demo) StdoutLine: {'line': b'-- Up-to-date: /home/jon/ws01/install/base_demo/include/base_demo/base_demo/msg/rosidl_typesupport_fastrtps_cpp__visibility_control.h\n'}
[0.197312] (base_demo) StdoutLine: {'line': b'-- Up-to-date: /home/jon/ws01/install/base_demo/include/base_demo/base_demo/msg/detail\n'}
[0.197329] (base_demo) StdoutLine: {'line': b'-- Up-to-date: /home/jon/ws01/install/base_demo/include/base_demo/base_demo/msg/detail/dds_fastrtps\n'}
[0.197345] (base_demo) StdoutLine: {'line': b'-- Up-to-date: /home/jon/ws01/install/base_demo/include/base_demo/base_demo/msg/detail/student__rosidl_typesupport_fastrtps_cpp.hpp\n'}
[0.197364] (base_demo) StdoutLine: {'line': b'-- Up-to-date: /home/jon/ws01/install/base_demo/include/base_demo/base_demo/srv\n'}
[0.197381] (base_demo) StdoutLine: {'line': b'-- Up-to-date: /home/jon/ws01/install/base_demo/include/base_demo/base_demo/srv/detail\n'}
[0.197399] (base_demo) StdoutLine: {'line': b'-- Up-to-date: /home/jon/ws01/install/base_demo/include/base_demo/base_demo/srv/detail/addints__rosidl_typesupport_fastrtps_cpp.hpp\n'}
[0.197416] (base_demo) StdoutLine: {'line': b'-- Up-to-date: /home/jon/ws01/install/base_demo/include/base_demo/base_demo/srv/detail/dds_fastrtps\n'}
[0.197434] (base_demo) StdoutLine: {'line': b'-- Up-to-date: /home/jon/ws01/install/base_demo/lib/libbase_demo__rosidl_typesupport_fastrtps_cpp.so\n'}
[0.197452] (base_demo) StdoutLine: {'line': b'-- Up-to-date: /home/jon/ws01/install/base_demo/include/base_demo/base_demo\n'}
[0.197470] (base_demo) StdoutLine: {'line': b'-- Up-to-date: /home/jon/ws01/install/base_demo/include/base_demo/base_demo/msg\n'}
[0.197488] (base_demo) StdoutLine: {'line': b'-- Up-to-date: /home/jon/ws01/install/base_demo/include/base_demo/base_demo/msg/detail\n'}
[0.197508] (base_demo) StdoutLine: {'line': b'-- Up-to-date: /home/jon/ws01/install/base_demo/include/base_demo/base_demo/msg/detail/student__rosidl_typesupport_introspection_cpp.hpp\n'}
[0.197525] (base_demo) StdoutLine: {'line': b'-- Up-to-date: /home/jon/ws01/install/base_demo/include/base_demo/base_demo/msg/detail/student__type_support.cpp\n'}
[0.197542] (base_demo) StdoutLine: {'line': b'-- Up-to-date: /home/jon/ws01/install/base_demo/include/base_demo/base_demo/srv\n'}
[0.197559] (base_demo) StdoutLine: {'line': b'-- Up-to-date: /home/jon/ws01/install/base_demo/include/base_demo/base_demo/srv/detail\n'}
[0.197577] (base_demo) StdoutLine: {'line': b'-- Up-to-date: /home/jon/ws01/install/base_demo/include/base_demo/base_demo/srv/detail/addints__type_support.cpp\n'}
[0.197595] (base_demo) StdoutLine: {'line': b'-- Up-to-date: /home/jon/ws01/install/base_demo/include/base_demo/base_demo/srv/detail/addints__rosidl_typesupport_introspection_cpp.hpp\n'}
[0.197612] (base_demo) StdoutLine: {'line': b'-- Up-to-date: /home/jon/ws01/install/base_demo/lib/libbase_demo__rosidl_typesupport_introspection_cpp.so\n'}
[0.197628] (base_demo) StdoutLine: {'line': b'-- Up-to-date: /home/jon/ws01/install/base_demo/lib/libbase_demo__rosidl_typesupport_cpp.so\n'}
[0.197647] (base_demo) StdoutLine: {'line': b'-- Up-to-date: /home/jon/ws01/install/base_demo/share/base_demo/environment/pythonpath.sh\n'}
[0.197664] (base_demo) StdoutLine: {'line': b'-- Up-to-date: /home/jon/ws01/install/base_demo/share/base_demo/environment/pythonpath.dsv\n'}
[0.197681] (base_demo) StdoutLine: {'line': b'-- Up-to-date: /home/jon/ws01/install/base_demo/local/lib/python3.10/dist-packages/base_demo-0.0.0-py3.10.egg-info\n'}
[0.197697] (base_demo) StdoutLine: {'line': b'-- Installing: /home/jon/ws01/install/base_demo/local/lib/python3.10/dist-packages/base_demo-0.0.0-py3.10.egg-info/PKG-INFO\n'}
[0.197713] (base_demo) StdoutLine: {'line': b'-- Installing: /home/jon/ws01/install/base_demo/local/lib/python3.10/dist-packages/base_demo-0.0.0-py3.10.egg-info/SOURCES.txt\n'}
[0.197730] (base_demo) StdoutLine: {'line': b'-- Installing: /home/jon/ws01/install/base_demo/local/lib/python3.10/dist-packages/base_demo-0.0.0-py3.10.egg-info/dependency_links.txt\n'}
[0.197750] (base_demo) StdoutLine: {'line': b'-- Installing: /home/jon/ws01/install/base_demo/local/lib/python3.10/dist-packages/base_demo-0.0.0-py3.10.egg-info/top_level.txt\n'}
[0.197766] (base_demo) StdoutLine: {'line': b'-- Up-to-date: /home/jon/ws01/install/base_demo/local/lib/python3.10/dist-packages/base_demo\n'}
[0.197783] (base_demo) StdoutLine: {'line': b'-- Up-to-date: /home/jon/ws01/install/base_demo/local/lib/python3.10/dist-packages/base_demo/__init__.py\n'}
[0.197799] (base_demo) StdoutLine: {'line': b'-- Up-to-date: /home/jon/ws01/install/base_demo/local/lib/python3.10/dist-packages/base_demo/msg\n'}
[0.197815] (base_demo) StdoutLine: {'line': b'-- Up-to-date: /home/jon/ws01/install/base_demo/local/lib/python3.10/dist-packages/base_demo/msg/__init__.py\n'}
[0.197830] (base_demo) StdoutLine: {'line': b'-- Up-to-date: /home/jon/ws01/install/base_demo/local/lib/python3.10/dist-packages/base_demo/msg/_student.py\n'}
[0.197847] (base_demo) StdoutLine: {'line': b'-- Up-to-date: /home/jon/ws01/install/base_demo/local/lib/python3.10/dist-packages/base_demo/msg/_student_s.c\n'}
[0.197863] (base_demo) StdoutLine: {'line': b'-- Up-to-date: /home/jon/ws01/install/base_demo/local/lib/python3.10/dist-packages/base_demo/base_demo_s__rosidl_typesupport_introspection_c.cpython-310-x86_64-linux-gnu.so\n'}
[0.197881] (base_demo) StdoutLine: {'line': b'-- Up-to-date: /home/jon/ws01/install/base_demo/local/lib/python3.10/dist-packages/base_demo/base_demo_s__rosidl_typesupport_fastrtps_c.cpython-310-x86_64-linux-gnu.so\n'}
[0.197898] (base_demo) StdoutLine: {'line': b'-- Up-to-date: /home/jon/ws01/install/base_demo/local/lib/python3.10/dist-packages/base_demo/_base_demo_s.ep.rosidl_typesupport_c.c\n'}
[0.197914] (base_demo) StdoutLine: {'line': b'-- Up-to-date: /home/jon/ws01/install/base_demo/local/lib/python3.10/dist-packages/base_demo/_base_demo_s.ep.rosidl_typesupport_fastrtps_c.c\n'}
[0.197954] (base_demo) StdoutLine: {'line': b'-- Up-to-date: /home/jon/ws01/install/base_demo/local/lib/python3.10/dist-packages/base_demo/base_demo_s__rosidl_typesupport_c.cpython-310-x86_64-linux-gnu.so\n'}
[0.197973] (base_demo) StdoutLine: {'line': b'-- Up-to-date: /home/jon/ws01/install/base_demo/local/lib/python3.10/dist-packages/base_demo/_base_demo_s.ep.rosidl_typesupport_introspection_c.c\n'}
[0.197992] (base_demo) StdoutLine: {'line': b'-- Up-to-date: /home/jon/ws01/install/base_demo/local/lib/python3.10/dist-packages/base_demo/libbase_demo__rosidl_generator_py.so\n'}
[0.198010] (base_demo) StdoutLine: {'line': b'-- Up-to-date: /home/jon/ws01/install/base_demo/local/lib/python3.10/dist-packages/base_demo/srv\n'}
[0.198028] (base_demo) StdoutLine: {'line': b'-- Up-to-date: /home/jon/ws01/install/base_demo/local/lib/python3.10/dist-packages/base_demo/srv/__init__.py\n'}
[0.198048] (base_demo) StdoutLine: {'line': b'-- Up-to-date: /home/jon/ws01/install/base_demo/local/lib/python3.10/dist-packages/base_demo/srv/_addints.py\n'}
[0.198068] (base_demo) StdoutLine: {'line': b'-- Up-to-date: /home/jon/ws01/install/base_demo/local/lib/python3.10/dist-packages/base_demo/srv/_addints_s.c\n'}
[0.199673] (-) TimerEvent: {}
[0.211328] (base_demo) StdoutLine: {'line': b"Listing '/home/jon/ws01/install/base_demo/local/lib/python3.10/dist-packages/base_demo'...\n"}
[0.211477] (base_demo) StdoutLine: {'line': b"Listing '/home/jon/ws01/install/base_demo/local/lib/python3.10/dist-packages/base_demo/msg'...\n"}
[0.211506] (base_demo) StdoutLine: {'line': b"Listing '/home/jon/ws01/install/base_demo/local/lib/python3.10/dist-packages/base_demo/srv'...\n"}
[0.213753] (base_demo) StdoutLine: {'line': b'-- Up-to-date: /home/jon/ws01/install/base_demo/local/lib/python3.10/dist-packages/base_demo/base_demo_s__rosidl_typesupport_fastrtps_c.cpython-310-x86_64-linux-gnu.so\n'}
[0.213855] (base_demo) StdoutLine: {'line': b'-- Up-to-date: /home/jon/ws01/install/base_demo/local/lib/python3.10/dist-packages/base_demo/base_demo_s__rosidl_typesupport_introspection_c.cpython-310-x86_64-linux-gnu.so\n'}
[0.213889] (base_demo) StdoutLine: {'line': b'-- Up-to-date: /home/jon/ws01/install/base_demo/local/lib/python3.10/dist-packages/base_demo/base_demo_s__rosidl_typesupport_c.cpython-310-x86_64-linux-gnu.so\n'}
[0.213914] (base_demo) StdoutLine: {'line': b'-- Up-to-date: /home/jon/ws01/install/base_demo/lib/libbase_demo__rosidl_generator_py.so\n'}
[0.213972] (base_demo) StdoutLine: {'line': b'-- Up-to-date: /home/jon/ws01/install/base_demo/share/base_demo/rust\n'}
[0.214040] (base_demo) StdoutLine: {'line': b'-- Up-to-date: /home/jon/ws01/install/base_demo/share/base_demo/rust/Cargo.toml\n'}
[0.214063] (base_demo) StdoutLine: {'line': b'-- Up-to-date: /home/jon/ws01/install/base_demo/share/base_demo/rust/build.rs\n'}
[0.214084] (base_demo) StdoutLine: {'line': b'-- Up-to-date: /home/jon/ws01/install/base_demo/share/base_demo/rust/src\n'}
[0.214104] (base_demo) StdoutLine: {'line': b'-- Up-to-date: /home/jon/ws01/install/base_demo/share/base_demo/rust/src/msg\n'}
[0.214124] (base_demo) StdoutLine: {'line': b'-- Up-to-date: /home/jon/ws01/install/base_demo/share/base_demo/rust/src/msg/rmw.rs\n'}
[0.214144] (base_demo) StdoutLine: {'line': b'-- Up-to-date: /home/jon/ws01/install/base_demo/share/base_demo/rust/src/msg.rs\n'}
[0.214162] (base_demo) StdoutLine: {'line': b'-- Up-to-date: /home/jon/ws01/install/base_demo/share/base_demo/rust/src/lib.rs\n'}
[0.214180] (base_demo) StdoutLine: {'line': b'-- Up-to-date: /home/jon/ws01/install/base_demo/share/base_demo/rust/src/srv.rs\n'}
[0.214198] (base_demo) StdoutLine: {'line': b'-- Up-to-date: /home/jon/ws01/install/base_demo/share/base_demo/rust/src/srv\n'}
[0.214216] (base_demo) StdoutLine: {'line': b'-- Up-to-date: /home/jon/ws01/install/base_demo/share/base_demo/rust/src/srv/rmw.rs\n'}
[0.214234] (base_demo) StdoutLine: {'line': b'-- Up-to-date: /home/jon/ws01/install/base_demo/share/base_demo/msg/Student.idl\n'}
[0.214252] (base_demo) StdoutLine: {'line': b'-- Up-to-date: /home/jon/ws01/install/base_demo/share/base_demo/srv/Addints.idl\n'}
[0.214304] (base_demo) StdoutLine: {'line': b'-- Up-to-date: /home/jon/ws01/install/base_demo/share/base_demo/msg/Student.msg\n'}
[0.214332] (base_demo) StdoutLine: {'line': b'-- Up-to-date: /home/jon/ws01/install/base_demo/share/base_demo/srv/Addints.srv\n'}
[0.214351] (base_demo) StdoutLine: {'line': b'-- Up-to-date: /home/jon/ws01/install/base_demo/share/base_demo/srv/Addints_Request.msg\n'}
[0.214371] (base_demo) StdoutLine: {'line': b'-- Up-to-date: /home/jon/ws01/install/base_demo/share/base_demo/srv/Addints_Response.msg\n'}
[0.214391] (base_demo) StdoutLine: {'line': b'-- Up-to-date: /home/jon/ws01/install/base_demo/share/ament_index/resource_index/package_run_dependencies/base_demo\n'}
[0.214448] (base_demo) StdoutLine: {'line': b'-- Up-to-date: /home/jon/ws01/install/base_demo/share/ament_index/resource_index/parent_prefix_path/base_demo\n'}
[0.214479] (base_demo) StdoutLine: {'line': b'-- Up-to-date: /home/jon/ws01/install/base_demo/share/base_demo/environment/ament_prefix_path.sh\n'}
[0.214497] (base_demo) StdoutLine: {'line': b'-- Up-to-date: /home/jon/ws01/install/base_demo/share/base_demo/environment/ament_prefix_path.dsv\n'}
[0.214515] (base_demo) StdoutLine: {'line': b'-- Up-to-date: /home/jon/ws01/install/base_demo/share/base_demo/environment/path.sh\n'}
[0.214533] (base_demo) StdoutLine: {'line': b'-- Up-to-date: /home/jon/ws01/install/base_demo/share/base_demo/environment/path.dsv\n'}
[0.214551] (base_demo) StdoutLine: {'line': b'-- Up-to-date: /home/jon/ws01/install/base_demo/share/base_demo/local_setup.bash\n'}
[0.214569] (base_demo) StdoutLine: {'line': b'-- Up-to-date: /home/jon/ws01/install/base_demo/share/base_demo/local_setup.sh\n'}
[0.214586] (base_demo) StdoutLine: {'line': b'-- Up-to-date: /home/jon/ws01/install/base_demo/share/base_demo/local_setup.zsh\n'}
[0.214603] (base_demo) StdoutLine: {'line': b'-- Up-to-date: /home/jon/ws01/install/base_demo/share/base_demo/local_setup.dsv\n'}
[0.214620] (base_demo) StdoutLine: {'line': b'-- Installing: /home/jon/ws01/install/base_demo/share/base_demo/package.dsv\n'}
[0.214638] (base_demo) StdoutLine: {'line': b'-- Up-to-date: /home/jon/ws01/install/base_demo/share/ament_index/resource_index/packages/base_demo\n'}
[0.214681] (base_demo) StdoutLine: {'line': b'-- Up-to-date: /home/jon/ws01/install/base_demo/share/base_demo/cmake/export_base_demo__rosidl_generator_cExport.cmake\n'}
[0.214700] (base_demo) StdoutLine: {'line': b'-- Up-to-date: /home/jon/ws01/install/base_demo/share/base_demo/cmake/export_base_demo__rosidl_generator_cExport-noconfig.cmake\n'}
[0.214720] (base_demo) StdoutLine: {'line': b'-- Up-to-date: /home/jon/ws01/install/base_demo/share/base_demo/cmake/export_base_demo__rosidl_typesupport_fastrtps_cExport.cmake\n'}
[0.214738] (base_demo) StdoutLine: {'line': b'-- Up-to-date: /home/jon/ws01/install/base_demo/share/base_demo/cmake/export_base_demo__rosidl_typesupport_fastrtps_cExport-noconfig.cmake\n'}
[0.214756] (base_demo) StdoutLine: {'line': b'-- Up-to-date: /home/jon/ws01/install/base_demo/share/base_demo/cmake/base_demo__rosidl_typesupport_introspection_cExport.cmake\n'}
[0.214774] (base_demo) StdoutLine: {'line': b'-- Up-to-date: /home/jon/ws01/install/base_demo/share/base_demo/cmake/base_demo__rosidl_typesupport_introspection_cExport-noconfig.cmake\n'}
[0.214793] (base_demo) StdoutLine: {'line': b'-- Up-to-date: /home/jon/ws01/install/base_demo/share/base_demo/cmake/base_demo__rosidl_typesupport_cExport.cmake\n'}
[0.214811] (base_demo) StdoutLine: {'line': b'-- Up-to-date: /home/jon/ws01/install/base_demo/share/base_demo/cmake/base_demo__rosidl_typesupport_cExport-noconfig.cmake\n'}
[0.214829] (base_demo) StdoutLine: {'line': b'-- Up-to-date: /home/jon/ws01/install/base_demo/share/base_demo/cmake/export_base_demo__rosidl_generator_cppExport.cmake\n'}
[0.214874] (base_demo) StdoutLine: {'line': b'-- Up-to-date: /home/jon/ws01/install/base_demo/share/base_demo/cmake/export_base_demo__rosidl_typesupport_fastrtps_cppExport.cmake\n'}
[0.214893] (base_demo) StdoutLine: {'line': b'-- Up-to-date: /home/jon/ws01/install/base_demo/share/base_demo/cmake/export_base_demo__rosidl_typesupport_fastrtps_cppExport-noconfig.cmake\n'}
[0.214912] (base_demo) StdoutLine: {'line': b'-- Up-to-date: /home/jon/ws01/install/base_demo/share/base_demo/cmake/base_demo__rosidl_typesupport_introspection_cppExport.cmake\n'}
[0.214945] (base_demo) StdoutLine: {'line': b'-- Up-to-date: /home/jon/ws01/install/base_demo/share/base_demo/cmake/base_demo__rosidl_typesupport_introspection_cppExport-noconfig.cmake\n'}
[0.214962] (base_demo) StdoutLine: {'line': b'-- Up-to-date: /home/jon/ws01/install/base_demo/share/base_demo/cmake/base_demo__rosidl_typesupport_cppExport.cmake\n'}
[0.214979] (base_demo) StdoutLine: {'line': b'-- Up-to-date: /home/jon/ws01/install/base_demo/share/base_demo/cmake/base_demo__rosidl_typesupport_cppExport-noconfig.cmake\n'}
[0.214997] (base_demo) StdoutLine: {'line': b'-- Up-to-date: /home/jon/ws01/install/base_demo/share/base_demo/cmake/export_base_demo__rosidl_generator_pyExport.cmake\n'}
[0.215013] (base_demo) StdoutLine: {'line': b'-- Up-to-date: /home/jon/ws01/install/base_demo/share/base_demo/cmake/export_base_demo__rosidl_generator_pyExport-noconfig.cmake\n'}
[0.215029] (base_demo) StdoutLine: {'line': b'-- Up-to-date: /home/jon/ws01/install/base_demo/share/base_demo/cmake/rosidl_cmake-extras.cmake\n'}
[0.215046] (base_demo) StdoutLine: {'line': b'-- Up-to-date: /home/jon/ws01/install/base_demo/share/base_demo/cmake/ament_cmake_export_include_directories-extras.cmake\n'}
[0.215062] (base_demo) StdoutLine: {'line': b'-- Up-to-date: /home/jon/ws01/install/base_demo/share/base_demo/cmake/ament_cmake_export_libraries-extras.cmake\n'}
[0.215078] (base_demo) StdoutLine: {'line': b'-- Up-to-date: /home/jon/ws01/install/base_demo/share/base_demo/cmake/ament_cmake_export_targets-extras.cmake\n'}
[0.215095] (base_demo) StdoutLine: {'line': b'-- Up-to-date: /home/jon/ws01/install/base_demo/share/base_demo/cmake/rosidl_cmake_export_typesupport_targets-extras.cmake\n'}
[0.215111] (base_demo) StdoutLine: {'line': b'-- Up-to-date: /home/jon/ws01/install/base_demo/share/base_demo/cmake/ament_cmake_export_dependencies-extras.cmake\n'}
[0.215130] (base_demo) StdoutLine: {'line': b'-- Up-to-date: /home/jon/ws01/install/base_demo/share/base_demo/cmake/rosidl_cmake_export_typesupport_libraries-extras.cmake\n'}
[0.215148] (base_demo) StdoutLine: {'line': b'-- Up-to-date: /home/jon/ws01/install/base_demo/share/base_demo/cmake/rosidl_cmake_aggregate_target-extras.cmake\n'}
[0.215164] (base_demo) StdoutLine: {'line': b'-- Up-to-date: /home/jon/ws01/install/base_demo/share/base_demo/cmake/base_demoConfig.cmake\n'}
[0.215181] (base_demo) StdoutLine: {'line': b'-- Up-to-date: /home/jon/ws01/install/base_demo/share/base_demo/cmake/base_demoConfig-version.cmake\n'}
[0.215197] (base_demo) StdoutLine: {'line': b'-- Up-to-date: /home/jon/ws01/install/base_demo/share/base_demo/package.xml\n'}
[0.217047] (base_demo) CommandEnded: {'returncode': 0}
[0.225319] (base_demo) JobEnded: {'identifier': 'base_demo', 'rc': 0}
[0.225576] (cpp01_topic) JobStarted: {'identifier': 'cpp01_topic'}
[0.227360] (cpp02_service) JobStarted: {'identifier': 'cpp02_service'}
[0.229261] (cpp01_topic) JobProgress: {'identifier': 'cpp01_topic', 'progress': 'cmake'}
[0.229528] (cpp01_topic) JobProgress: {'identifier': 'cpp01_topic', 'progress': 'build'}
[0.229619] (cpp01_topic) Command: {'cmd': ['/usr/bin/cmake', '--build', '/home/jon/ws01/build/cpp01_topic', '--', '-j24', '-l24'], 'cwd': '/home/jon/ws01/build/cpp01_topic', 'env': OrderedDict([('GJS_DEBUG_TOPICS', 'JS ERROR;JS LOG'), ('PYTHON_BASIC_REPL', '1'), ('LESSOPEN', '| /usr/bin/lesspipe %s'), ('HTTPS_PROXY', 'http://127.0.0.1:7890'), ('no_proxy', 'localhost,127.0.0.0/8,::1'), ('LANGUAGE', 'zh_CN:zh'), ('USER', 'jon'), ('all_proxy', 'socks5h://127.0.0.1:7890'), ('XDG_SESSION_TYPE', 'x11'), ('GIT_ASKPASS', '/usr/share/code/resources/app/extensions/git/dist/askpass.sh'), ('SHLVL', '1'), ('LD_LIBRARY_PATH', '/home/jon/ws01/install/base_demo/lib:/opt/ros/humble/opt/rviz_ogre_vendor/lib:/opt/ros/humble/lib/x86_64-linux-gnu:/opt/ros/humble/lib'), ('HOME', '/home/jon'), ('CHROME_DESKTOP', 'code.desktop'), ('TERM_PROGRAM_VERSION', '1.138.0'), ('DESKTOP_SESSION', 'ubuntu'), ('NO_PROXY', 'localhost,127.0.0.0/8,::1'), ('GIO_LAUNCHED_DESKTOP_FILE', '/usr/share/applications/code.desktop'), ('ROS_PYTHON_VERSION', '3'), ('GNOME_SHELL_SESSION_MODE', 'ubuntu'), ('GTK_MODULES', 'gail:atk-bridge'), ('VSCODE_GIT_ASKPASS_MAIN', '/usr/share/code/resources/app/extensions/git/dist/askpass-main.js'), ('VSCODE_GIT_ASKPASS_NODE', '/usr/share/code/code'), ('MANAGERPID', '1286'), ('PYDEVD_DISABLE_FILE_VALIDATION', '1'), ('SYSTEMD_EXEC_PID', '2464'), ('BUNDLED_DEBUGPY_PATH', '/home/jon/.vscode/extensions/ms-python.debugpy-2026.6.0-linux-x64/bundled/libs/debugpy'), ('VSCODE_PYTHON_AUTOACTIVATE_GUARD', '1'), ('DBUS_SESSION_BUS_ADDRESS', 'unix:path=/run/user/1000/bus'), ('COLORTERM', 'truecolor'), ('GIO_LAUNCHED_DESKTOP_FILE_PID', '4092'), ('IM_CONFIG_PHASE', '1'), ('https_proxy', 'http://127.0.0.1:7890'), ('COLCON_PREFIX_PATH', '/home/jon/ws01/install:/home/jon/ros2_ws/install'), ('ROS_DISTRO', 'humble'), ('LOGNAME', 'jon'), ('ALL_PROXY', 'socks5h://127.0.0.1:7890'), ('http_proxy', 'http://127.0.0.1:7890'), ('JOURNAL_STREAM', '8:15521'), ('_', '/usr/bin/colcon'), ('ROS_VERSION', '2'), ('XDG_SESSION_CLASS', 'user'), ('USERNAME', 'jon'), ('TERM', 'xterm-256color'), ('GNOME_DESKTOP_SESSION_ID', 'this-is-deprecated'), ('FC_FONTATIONS', '1'), ('ROS_LOCALHOST_ONLY', '0'), ('WINDOWPATH', '2'), ('PATH', '/home/jon/.config/Code/User/globalStorage/github.copilot-chat/debugCommand:/home/jon/.config/Code/User/globalStorage/github.copilot-chat/copilotCli:/home/jon/.local/bin:/opt/ros/humble/bin:/home/jon/.local/bin:/home/jon/.local/bin:/usr/local/sbin:/usr/local/bin:/usr/sbin:/usr/bin:/sbin:/bin:/usr/games:/usr/local/games:/snap/bin:/snap/bin:/home/jon/.vscode/extensions/ms-python.debugpy-2026.6.0-linux-x64/bundled/scripts/noConfigScripts'), ('SESSION_MANAGER', 'local/WJ:@/tmp/.ICE-unix/2436,unix/WJ:/tmp/.ICE-unix/2436'), ('INVOCATION_ID', 'dc714fa0cdc34e3a9439b83ad9a63145'), ('XDG_MENU_PREFIX', 'gnome-'), ('XDG_RUNTIME_DIR', '/run/user/1000'), ('GDK_BACKEND', 'x11'), ('DISPLAY', ':0'), ('VSCODE_DEBUGPY_ADAPTER_ENDPOINTS', '/home/jon/.vscode/extensions/ms-python.debugpy-2026.6.0-linux-x64/.noConfigDebugAdapterEndpoints/endpoint-b8a5c5d86f95c8fb.txt'), ('LANG', 'zh_CN.UTF-8'), ('XDG_CURRENT_DESKTOP', 'ubuntu:GNOME'), ('PYTHONSTARTUP', '/home/jon/.config/Code/User/workspaceStorage/1f60e15f81795b7429f56f0c0e99fe64/ms-python.python/pythonrc.py'), ('XMODIFIERS', '@im=ibus'), ('XDG_SESSION_DESKTOP', 'ubuntu'), ('XAUTHORITY', '/run/user/1000/gdm/Xauthority'), ('LS_COLORS', 'rs=0:di=01;34:ln=01;36:mh=00:pi=40;33:so=01;35:do=01;35:bd=40;33;01:cd=40;33;01:or=40;31;01:mi=00:su=37;41:sg=30;43:ca=30;41:tw=30;42:ow=34;42:st=37;44:ex=01;32:*.tar=01;31:*.tgz=01;31:*.arc=01;31:*.arj=01;31:*.taz=01;31:*.lha=01;31:*.lz4=01;31:*.lzh=01;31:*.lzma=01;31:*.tlz=01;31:*.txz=01;31:*.tzo=01;31:*.t7z=01;31:*.zip=01;31:*.z=01;31:*.dz=01;31:*.gz=01;31:*.lrz=01;31:*.lz=01;31:*.lzo=01;31:*.xz=01;31:*.zst=01;31:*.tzst=01;31:*.bz2=01;31:*.bz=01;31:*.tbz=01;31:*.tbz2=01;31:*.tz=01;31:*.deb=01;31:*.rpm=01;31:*.jar=01;31:*.war=01;31:*.ear=01;31:*.sar=01;31:*.rar=01;31:*.alz=01;31:*.ace=01;31:*.zoo=01;31:*.cpio=01;31:*.7z=01;31:*.rz=01;31:*.cab=01;31:*.wim=01;31:*.swm=01;31:*.dwm=01;31:*.esd=01;31:*.jpg=01;35:*.jpeg=01;35:*.mjpg=01;35:*.mjpeg=01;35:*.gif=01;35:*.bmp=01;35:*.pbm=01;35:*.pgm=01;35:*.ppm=01;35:*.tga=01;35:*.xbm=01;35:*.xpm=01;35:*.tif=01;35:*.tiff=01;35:*.png=01;35:*.svg=01;35:*.svgz=01;35:*.mng=01;35:*.pcx=01;35:*.mov=01;35:*.mpg=01;35:*.mpeg=01;35:*.m2v=01;35:*.mkv=01;35:*.webm=01;35:*.webp=01;35:*.ogm=01;35:*.mp4=01;35:*.m4v=01;35:*.mp4v=01;35:*.vob=01;35:*.qt=01;35:*.nuv=01;35:*.wmv=01;35:*.asf=01;35:*.rm=01;35:*.rmvb=01;35:*.flc=01;35:*.avi=01;35:*.fli=01;35:*.flv=01;35:*.gl=01;35:*.dl=01;35:*.xcf=01;35:*.xwd=01;35:*.yuv=01;35:*.cgm=01;35:*.emf=01;35:*.ogv=01;35:*.ogx=01;35:*.aac=00;36:*.au=00;36:*.flac=00;36:*.m4a=00;36:*.mid=00;36:*.midi=00;36:*.mka=00;36:*.mp3=00;36:*.mpc=00;36:*.ogg=00;36:*.ra=00;36:*.wav=00;36:*.oga=00;36:*.opus=00;36:*.spx=00;36:*.xspf=00;36:'), ('VSCODE_GIT_IPC_HANDLE', '/run/user/1000/vscode-git-81883a5c4f.sock'), ('TERM_PROGRAM', 'vscode'), ('SSH_AGENT_LAUNCHER', 'gnome-keyring'), ('SSH_AUTH_SOCK', '/run/user/1000/keyring/ssh'), ('AMENT_PREFIX_PATH', '/home/jon/ws01/install/cpp02_service:/home/jon/ws01/install/cpp01_topic:/home/jon/ws01/install/base_demo:/home/jon/ros2_ws/install/hellovscode_cpp:/home/jon/ros2_ws/install/hello_cpp:/opt/ros/humble'), ('SHELL', '/bin/bash'), ('QT_ACCESSIBILITY', '1'), ('GDMSESSION', 'ubuntu'), ('LESSCLOSE', '/usr/bin/lesspipe %s %s'), ('GPG_AGENT_INFO', '/run/user/1000/gnupg/S.gpg-agent:0:1'), ('GJS_DEBUG_OUTPUT', 'stderr'), ('VSCODE_GIT_ASKPASS_EXTRA_ARGS', ''), ('QT_IM_MODULE', 'ibus'), ('PWD', '/home/jon/ws01/build/cpp01_topic'), ('XDG_CONFIG_DIRS', '/etc/xdg/xdg-ubuntu:/etc/xdg'), ('COPILOT_DEBUG_NONCE', '20fc3c0b33e88ebaf2914c4d51f59b28'), ('XDG_DATA_DIRS', '/usr/share/gnome:/usr/share/ubuntu:/usr/local/share/:/usr/share/:/var/lib/snapd/desktop'), ('PYTHONPATH', '/home/jon/ws01/install/base_demo/local/lib/python3.10/dist-packages:/opt/ros/humble/lib/python3.10/site-packages:/opt/ros/humble/local/lib/python3.10/dist-packages'), ('HTTP_PROXY', 'http://127.0.0.1:7890'), ('COLCON', '1'), ('CMAKE_PREFIX_PATH', '/home/jon/ws01/install/base_demo:/home/jon/ws01/install/cpp02_service:/home/jon/ws01/install/cpp01_topic:/home/jon/ros2_ws/install/hellovscode_cpp:/home/jon/ros2_ws/install/hello_cpp:/opt/ros/humble')]), 'shell': False}
[0.231363] (cpp02_service) JobProgress: {'identifier': 'cpp02_service', 'progress': 'cmake'}
[0.231507] (cpp02_service) JobProgress: {'identifier': 'cpp02_service', 'progress': 'build'}
[0.231894] (cpp02_service) Command: {'cmd': ['/usr/bin/cmake', '--build', '/home/jon/ws01/build/cpp02_service', '--', '-j24', '-l24'], 'cwd': '/home/jon/ws01/build/cpp02_service', 'env': OrderedDict([('GJS_DEBUG_TOPICS', 'JS ERROR;JS LOG'), ('PYTHON_BASIC_REPL', '1'), ('LESSOPEN', '| /usr/bin/lesspipe %s'), ('HTTPS_PROXY', 'http://127.0.0.1:7890'), ('no_proxy', 'localhost,127.0.0.0/8,::1'), ('LANGUAGE', 'zh_CN:zh'), ('USER', 'jon'), ('all_proxy', 'socks5h://127.0.0.1:7890'), ('XDG_SESSION_TYPE', 'x11'), ('GIT_ASKPASS', '/usr/share/code/resources/app/extensions/git/dist/askpass.sh'), ('SHLVL', '1'), ('LD_LIBRARY_PATH', '/home/jon/ws01/install/base_demo/lib:/opt/ros/humble/opt/rviz_ogre_vendor/lib:/opt/ros/humble/lib/x86_64-linux-gnu:/opt/ros/humble/lib'), ('HOME', '/home/jon'), ('CHROME_DESKTOP', 'code.desktop'), ('TERM_PROGRAM_VERSION', '1.138.0'), ('DESKTOP_SESSION', 'ubuntu'), ('NO_PROXY', 'localhost,127.0.0.0/8,::1'), ('GIO_LAUNCHED_DESKTOP_FILE', '/usr/share/applications/code.desktop'), ('ROS_PYTHON_VERSION', '3'), ('GNOME_SHELL_SESSION_MODE', 'ubuntu'), ('GTK_MODULES', 'gail:atk-bridge'), ('VSCODE_GIT_ASKPASS_MAIN', '/usr/share/code/resources/app/extensions/git/dist/askpass-main.js'), ('VSCODE_GIT_ASKPASS_NODE', '/usr/share/code/code'), ('MANAGERPID', '1286'), ('PYDEVD_DISABLE_FILE_VALIDATION', '1'), ('SYSTEMD_EXEC_PID', '2464'), ('BUNDLED_DEBUGPY_PATH', '/home/jon/.vscode/extensions/ms-python.debugpy-2026.6.0-linux-x64/bundled/libs/debugpy'), ('VSCODE_PYTHON_AUTOACTIVATE_GUARD', '1'), ('DBUS_SESSION_BUS_ADDRESS', 'unix:path=/run/user/1000/bus'), ('COLORTERM', 'truecolor'), ('GIO_LAUNCHED_DESKTOP_FILE_PID', '4092'), ('IM_CONFIG_PHASE', '1'), ('https_proxy', 'http://127.0.0.1:7890'), ('COLCON_PREFIX_PATH', '/home/jon/ws01/install:/home/jon/ros2_ws/install'), ('ROS_DISTRO', 'humble'), ('LOGNAME', 'jon'), ('ALL_PROXY', 'socks5h://127.0.0.1:7890'), ('http_proxy', 'http://127.0.0.1:7890'), ('JOURNAL_STREAM', '8:15521'), ('_', '/usr/bin/colcon'), ('ROS_VERSION', '2'), ('XDG_SESSION_CLASS', 'user'), ('USERNAME', 'jon'), ('TERM', 'xterm-256color'), ('GNOME_DESKTOP_SESSION_ID', 'this-is-deprecated'), ('FC_FONTATIONS', '1'), ('ROS_LOCALHOST_ONLY', '0'), ('WINDOWPATH', '2'), ('PATH', '/home/jon/.config/Code/User/globalStorage/github.copilot-chat/debugCommand:/home/jon/.config/Code/User/globalStorage/github.copilot-chat/copilotCli:/home/jon/.local/bin:/opt/ros/humble/bin:/home/jon/.local/bin:/home/jon/.local/bin:/usr/local/sbin:/usr/local/bin:/usr/sbin:/usr/bin:/sbin:/bin:/usr/games:/usr/local/games:/snap/bin:/snap/bin:/home/jon/.vscode/extensions/ms-python.debugpy-2026.6.0-linux-x64/bundled/scripts/noConfigScripts'), ('SESSION_MANAGER', 'local/WJ:@/tmp/.ICE-unix/2436,unix/WJ:/tmp/.ICE-unix/2436'), ('INVOCATION_ID', 'dc714fa0cdc34e3a9439b83ad9a63145'), ('XDG_MENU_PREFIX', 'gnome-'), ('XDG_RUNTIME_DIR', '/run/user/1000'), ('GDK_BACKEND', 'x11'), ('DISPLAY', ':0'), ('VSCODE_DEBUGPY_ADAPTER_ENDPOINTS', '/home/jon/.vscode/extensions/ms-python.debugpy-2026.6.0-linux-x64/.noConfigDebugAdapterEndpoints/endpoint-b8a5c5d86f95c8fb.txt'), ('LANG', 'zh_CN.UTF-8'), ('XDG_CURRENT_DESKTOP', 'ubuntu:GNOME'), ('PYTHONSTARTUP', '/home/jon/.config/Code/User/workspaceStorage/1f60e15f81795b7429f56f0c0e99fe64/ms-python.python/pythonrc.py'), ('XMODIFIERS', '@im=ibus'), ('XDG_SESSION_DESKTOP', 'ubuntu'), ('XAUTHORITY', '/run/user/1000/gdm/Xauthority'), ('LS_COLORS', 'rs=0:di=01;34:ln=01;36:mh=00:pi=40;33:so=01;35:do=01;35:bd=40;33;01:cd=40;33;01:or=40;31;01:mi=00:su=37;41:sg=30;43:ca=30;41:tw=30;42:ow=34;42:st=37;44:ex=01;32:*.tar=01;31:*.tgz=01;31:*.arc=01;31:*.arj=01;31:*.taz=01;31:*.lha=01;31:*.lz4=01;31:*.lzh=01;31:*.lzma=01;31:*.tlz=01;31:*.txz=01;31:*.tzo=01;31:*.t7z=01;31:*.zip=01;31:*.z=01;31:*.dz=01;31:*.gz=01;31:*.lrz=01;31:*.lz=01;31:*.lzo=01;31:*.xz=01;31:*.zst=01;31:*.tzst=01;31:*.bz2=01;31:*.bz=01;31:*.tbz=01;31:*.tbz2=01;31:*.tz=01;31:*.deb=01;31:*.rpm=01;31:*.jar=01;31:*.war=01;31:*.ear=01;31:*.sar=01;31:*.rar=01;31:*.alz=01;31:*.ace=01;31:*.zoo=01;31:*.cpio=01;31:*.7z=01;31:*.rz=01;31:*.cab=01;31:*.wim=01;31:*.swm=01;31:*.dwm=01;31:*.esd=01;31:*.jpg=01;35:*.jpeg=01;35:*.mjpg=01;35:*.mjpeg=01;35:*.gif=01;35:*.bmp=01;35:*.pbm=01;35:*.pgm=01;35:*.ppm=01;35:*.tga=01;35:*.xbm=01;35:*.xpm=01;35:*.tif=01;35:*.tiff=01;35:*.png=01;35:*.svg=01;35:*.svgz=01;35:*.mng=01;35:*.pcx=01;35:*.mov=01;35:*.mpg=01;35:*.mpeg=01;35:*.m2v=01;35:*.mkv=01;35:*.webm=01;35:*.webp=01;35:*.ogm=01;35:*.mp4=01;35:*.m4v=01;35:*.mp4v=01;35:*.vob=01;35:*.qt=01;35:*.nuv=01;35:*.wmv=01;35:*.asf=01;35:*.rm=01;35:*.rmvb=01;35:*.flc=01;35:*.avi=01;35:*.fli=01;35:*.flv=01;35:*.gl=01;35:*.dl=01;35:*.xcf=01;35:*.xwd=01;35:*.yuv=01;35:*.cgm=01;35:*.emf=01;35:*.ogv=01;35:*.ogx=01;35:*.aac=00;36:*.au=00;36:*.flac=00;36:*.m4a=00;36:*.mid=00;36:*.midi=00;36:*.mka=00;36:*.mp3=00;36:*.mpc=00;36:*.ogg=00;36:*.ra=00;36:*.wav=00;36:*.oga=00;36:*.opus=00;36:*.spx=00;36:*.xspf=00;36:'), ('VSCODE_GIT_IPC_HANDLE', '/run/user/1000/vscode-git-81883a5c4f.sock'), ('TERM_PROGRAM', 'vscode'), ('SSH_AGENT_LAUNCHER', 'gnome-keyring'), ('SSH_AUTH_SOCK', '/run/user/1000/keyring/ssh'), ('AMENT_PREFIX_PATH', '/home/jon/ws01/install/cpp02_service:/home/jon/ws01/install/cpp01_topic:/home/jon/ws01/install/base_demo:/home/jon/ros2_ws/install/hellovscode_cpp:/home/jon/ros2_ws/install/hello_cpp:/opt/ros/humble'), ('SHELL', '/bin/bash'), ('QT_ACCESSIBILITY', '1'), ('GDMSESSION', 'ubuntu'), ('LESSCLOSE', '/usr/bin/lesspipe %s %s'), ('GPG_AGENT_INFO', '/run/user/1000/gnupg/S.gpg-agent:0:1'), ('GJS_DEBUG_OUTPUT', 'stderr'), ('VSCODE_GIT_ASKPASS_EXTRA_ARGS', ''), ('QT_IM_MODULE', 'ibus'), ('PWD', '/home/jon/ws01/build/cpp02_service'), ('XDG_CONFIG_DIRS', '/etc/xdg/xdg-ubuntu:/etc/xdg'), ('COPILOT_DEBUG_NONCE', '20fc3c0b33e88ebaf2914c4d51f59b28'), ('XDG_DATA_DIRS', '/usr/share/gnome:/usr/share/ubuntu:/usr/local/share/:/usr/share/:/var/lib/snapd/desktop'), ('PYTHONPATH', '/home/jon/ws01/install/base_demo/local/lib/python3.10/dist-packages:/opt/ros/humble/lib/python3.10/site-packages:/opt/ros/humble/local/lib/python3.10/dist-packages'), ('HTTP_PROXY', 'http://127.0.0.1:7890'), ('COLCON', '1'), ('CMAKE_PREFIX_PATH', '/home/jon/ws01/install/base_demo:/home/jon/ws01/install/cpp02_service:/home/jon/ws01/install/cpp01_topic:/home/jon/ros2_ws/install/hellovscode_cpp:/home/jon/ros2_ws/install/hello_cpp:/opt/ros/humble')]), 'shell': False}
[0.261029] (cpp02_service) StdoutLine: {'line': b'\x1b[35m\x1b[1mConsolidate compiler generated dependencies of target demo02_client\x1b[0m\n'}
[0.264781] (cpp02_service) StdoutLine: {'line': b'[ 50%] Built target demo01_server\n'}
[0.265194] (cpp01_topic) StdoutLine: {'line': b'[ 25%] Built target demo01_talker\n'}
[0.265805] (cpp01_topic) StdoutLine: {'line': b'[ 50%] Built target demo02_listener\n'}
[0.266361] (cpp01_topic) StdoutLine: {'line': b'[ 75%] Built target demo03_talker\n'}
[0.266607] (cpp01_topic) StdoutLine: {'line': b'[100%] Built target demo04_listener\n'}
[0.267548] (cpp02_service) StdoutLine: {'line': b'[ 75%] \x1b[32mBuilding CXX object CMakeFiles/demo02_client.dir/src/demo02_client.cpp.o\x1b[0m\n'}
[0.276456] (cpp01_topic) CommandEnded: {'returncode': 0}
[0.276728] (cpp01_topic) JobProgress: {'identifier': 'cpp01_topic', 'progress': 'install'}
[0.276742] (cpp01_topic) Command: {'cmd': ['/usr/bin/cmake', '--install', '/home/jon/ws01/build/cpp01_topic'], 'cwd': '/home/jon/ws01/build/cpp01_topic', 'env': OrderedDict([('GJS_DEBUG_TOPICS', 'JS ERROR;JS LOG'), ('PYTHON_BASIC_REPL', '1'), ('LESSOPEN', '| /usr/bin/lesspipe %s'), ('HTTPS_PROXY', 'http://127.0.0.1:7890'), ('no_proxy', 'localhost,127.0.0.0/8,::1'), ('LANGUAGE', 'zh_CN:zh'), ('USER', 'jon'), ('all_proxy', 'socks5h://127.0.0.1:7890'), ('XDG_SESSION_TYPE', 'x11'), ('GIT_ASKPASS', '/usr/share/code/resources/app/extensions/git/dist/askpass.sh'), ('SHLVL', '1'), ('LD_LIBRARY_PATH', '/home/jon/ws01/install/base_demo/lib:/opt/ros/humble/opt/rviz_ogre_vendor/lib:/opt/ros/humble/lib/x86_64-linux-gnu:/opt/ros/humble/lib'), ('HOME', '/home/jon'), ('CHROME_DESKTOP', 'code.desktop'), ('TERM_PROGRAM_VERSION', '1.138.0'), ('DESKTOP_SESSION', 'ubuntu'), ('NO_PROXY', 'localhost,127.0.0.0/8,::1'), ('GIO_LAUNCHED_DESKTOP_FILE', '/usr/share/applications/code.desktop'), ('ROS_PYTHON_VERSION', '3'), ('GNOME_SHELL_SESSION_MODE', 'ubuntu'), ('GTK_MODULES', 'gail:atk-bridge'), ('VSCODE_GIT_ASKPASS_MAIN', '/usr/share/code/resources/app/extensions/git/dist/askpass-main.js'), ('VSCODE_GIT_ASKPASS_NODE', '/usr/share/code/code'), ('MANAGERPID', '1286'), ('PYDEVD_DISABLE_FILE_VALIDATION', '1'), ('SYSTEMD_EXEC_PID', '2464'), ('BUNDLED_DEBUGPY_PATH', '/home/jon/.vscode/extensions/ms-python.debugpy-2026.6.0-linux-x64/bundled/libs/debugpy'), ('VSCODE_PYTHON_AUTOACTIVATE_GUARD', '1'), ('DBUS_SESSION_BUS_ADDRESS', 'unix:path=/run/user/1000/bus'), ('COLORTERM', 'truecolor'), ('GIO_LAUNCHED_DESKTOP_FILE_PID', '4092'), ('IM_CONFIG_PHASE', '1'), ('https_proxy', 'http://127.0.0.1:7890'), ('COLCON_PREFIX_PATH', '/home/jon/ws01/install:/home/jon/ros2_ws/install'), ('ROS_DISTRO', 'humble'), ('LOGNAME', 'jon'), ('ALL_PROXY', 'socks5h://127.0.0.1:7890'), ('http_proxy', 'http://127.0.0.1:7890'), ('JOURNAL_STREAM', '8:15521'), ('_', '/usr/bin/colcon'), ('ROS_VERSION', '2'), ('XDG_SESSION_CLASS', 'user'), ('USERNAME', 'jon'), ('TERM', 'xterm-256color'), ('GNOME_DESKTOP_SESSION_ID', 'this-is-deprecated'), ('FC_FONTATIONS', '1'), ('ROS_LOCALHOST_ONLY', '0'), ('WINDOWPATH', '2'), ('PATH', '/home/jon/.config/Code/User/globalStorage/github.copilot-chat/debugCommand:/home/jon/.config/Code/User/globalStorage/github.copilot-chat/copilotCli:/home/jon/.local/bin:/opt/ros/humble/bin:/home/jon/.local/bin:/home/jon/.local/bin:/usr/local/sbin:/usr/local/bin:/usr/sbin:/usr/bin:/sbin:/bin:/usr/games:/usr/local/games:/snap/bin:/snap/bin:/home/jon/.vscode/extensions/ms-python.debugpy-2026.6.0-linux-x64/bundled/scripts/noConfigScripts'), ('SESSION_MANAGER', 'local/WJ:@/tmp/.ICE-unix/2436,unix/WJ:/tmp/.ICE-unix/2436'), ('INVOCATION_ID', 'dc714fa0cdc34e3a9439b83ad9a63145'), ('XDG_MENU_PREFIX', 'gnome-'), ('XDG_RUNTIME_DIR', '/run/user/1000'), ('GDK_BACKEND', 'x11'), ('DISPLAY', ':0'), ('VSCODE_DEBUGPY_ADAPTER_ENDPOINTS', '/home/jon/.vscode/extensions/ms-python.debugpy-2026.6.0-linux-x64/.noConfigDebugAdapterEndpoints/endpoint-b8a5c5d86f95c8fb.txt'), ('LANG', 'zh_CN.UTF-8'), ('XDG_CURRENT_DESKTOP', 'ubuntu:GNOME'), ('PYTHONSTARTUP', '/home/jon/.config/Code/User/workspaceStorage/1f60e15f81795b7429f56f0c0e99fe64/ms-python.python/pythonrc.py'), ('XMODIFIERS', '@im=ibus'), ('XDG_SESSION_DESKTOP', 'ubuntu'), ('XAUTHORITY', '/run/user/1000/gdm/Xauthority'), ('LS_COLORS', 'rs=0:di=01;34:ln=01;36:mh=00:pi=40;33:so=01;35:do=01;35:bd=40;33;01:cd=40;33;01:or=40;31;01:mi=00:su=37;41:sg=30;43:ca=30;41:tw=30;42:ow=34;42:st=37;44:ex=01;32:*.tar=01;31:*.tgz=01;31:*.arc=01;31:*.arj=01;31:*.taz=01;31:*.lha=01;31:*.lz4=01;31:*.lzh=01;31:*.lzma=01;31:*.tlz=01;31:*.txz=01;31:*.tzo=01;31:*.t7z=01;31:*.zip=01;31:*.z=01;31:*.dz=01;31:*.gz=01;31:*.lrz=01;31:*.lz=01;31:*.lzo=01;31:*.xz=01;31:*.zst=01;31:*.tzst=01;31:*.bz2=01;31:*.bz=01;31:*.tbz=01;31:*.tbz2=01;31:*.tz=01;31:*.deb=01;31:*.rpm=01;31:*.jar=01;31:*.war=01;31:*.ear=01;31:*.sar=01;31:*.rar=01;31:*.alz=01;31:*.ace=01;31:*.zoo=01;31:*.cpio=01;31:*.7z=01;31:*.rz=01;31:*.cab=01;31:*.wim=01;31:*.swm=01;31:*.dwm=01;31:*.esd=01;31:*.jpg=01;35:*.jpeg=01;35:*.mjpg=01;35:*.mjpeg=01;35:*.gif=01;35:*.bmp=01;35:*.pbm=01;35:*.pgm=01;35:*.ppm=01;35:*.tga=01;35:*.xbm=01;35:*.xpm=01;35:*.tif=01;35:*.tiff=01;35:*.png=01;35:*.svg=01;35:*.svgz=01;35:*.mng=01;35:*.pcx=01;35:*.mov=01;35:*.mpg=01;35:*.mpeg=01;35:*.m2v=01;35:*.mkv=01;35:*.webm=01;35:*.webp=01;35:*.ogm=01;35:*.mp4=01;35:*.m4v=01;35:*.mp4v=01;35:*.vob=01;35:*.qt=01;35:*.nuv=01;35:*.wmv=01;35:*.asf=01;35:*.rm=01;35:*.rmvb=01;35:*.flc=01;35:*.avi=01;35:*.fli=01;35:*.flv=01;35:*.gl=01;35:*.dl=01;35:*.xcf=01;35:*.xwd=01;35:*.yuv=01;35:*.cgm=01;35:*.emf=01;35:*.ogv=01;35:*.ogx=01;35:*.aac=00;36:*.au=00;36:*.flac=00;36:*.m4a=00;36:*.mid=00;36:*.midi=00;36:*.mka=00;36:*.mp3=00;36:*.mpc=00;36:*.ogg=00;36:*.ra=00;36:*.wav=00;36:*.oga=00;36:*.opus=00;36:*.spx=00;36:*.xspf=00;36:'), ('VSCODE_GIT_IPC_HANDLE', '/run/user/1000/vscode-git-81883a5c4f.sock'), ('TERM_PROGRAM', 'vscode'), ('SSH_AGENT_LAUNCHER', 'gnome-keyring'), ('SSH_AUTH_SOCK', '/run/user/1000/keyring/ssh'), ('AMENT_PREFIX_PATH', '/home/jon/ws01/install/cpp02_service:/home/jon/ws01/install/cpp01_topic:/home/jon/ws01/install/base_demo:/home/jon/ros2_ws/install/hellovscode_cpp:/home/jon/ros2_ws/install/hello_cpp:/opt/ros/humble'), ('SHELL', '/bin/bash'), ('QT_ACCESSIBILITY', '1'), ('GDMSESSION', 'ubuntu'), ('LESSCLOSE', '/usr/bin/lesspipe %s %s'), ('GPG_AGENT_INFO', '/run/user/1000/gnupg/S.gpg-agent:0:1'), ('GJS_DEBUG_OUTPUT', 'stderr'), ('VSCODE_GIT_ASKPASS_EXTRA_ARGS', ''), ('QT_IM_MODULE', 'ibus'), ('PWD', '/home/jon/ws01/build/cpp01_topic'), ('XDG_CONFIG_DIRS', '/etc/xdg/xdg-ubuntu:/etc/xdg'), ('COPILOT_DEBUG_NONCE', '20fc3c0b33e88ebaf2914c4d51f59b28'), ('XDG_DATA_DIRS', '/usr/share/gnome:/usr/share/ubuntu:/usr/local/share/:/usr/share/:/var/lib/snapd/desktop'), ('PYTHONPATH', '/home/jon/ws01/install/base_demo/local/lib/python3.10/dist-packages:/opt/ros/humble/lib/python3.10/site-packages:/opt/ros/humble/local/lib/python3.10/dist-packages'), ('HTTP_PROXY', 'http://127.0.0.1:7890'), ('COLCON', '1'), ('CMAKE_PREFIX_PATH', '/home/jon/ws01/install/base_demo:/home/jon/ws01/install/cpp02_service:/home/jon/ws01/install/cpp01_topic:/home/jon/ros2_ws/install/hellovscode_cpp:/home/jon/ros2_ws/install/hello_cpp:/opt/ros/humble')]), 'shell': False}
[0.280124] (cpp01_topic) StdoutLine: {'line': b'-- Install configuration: ""\n'}
[0.280287] (cpp01_topic) StdoutLine: {'line': b'-- Up-to-date: /home/jon/ws01/install/cpp01_topic/lib/cpp01_topic/demo01_talker\n'}
[0.280397] (cpp01_topic) StdoutLine: {'line': b'-- Up-to-date: /home/jon/ws01/install/cpp01_topic/lib/cpp01_topic/demo02_listener\n'}
[0.280478] (cpp01_topic) StdoutLine: {'line': b'-- Up-to-date: /home/jon/ws01/install/cpp01_topic/lib/cpp01_topic/demo03_talker\n'}
[0.281425] (cpp01_topic) StdoutLine: {'line': b'-- Up-to-date: /home/jon/ws01/install/cpp01_topic/lib/cpp01_topic/demo04_listener\n'}
[0.281496] (cpp01_topic) StdoutLine: {'line': b'-- Up-to-date: /home/jon/ws01/install/cpp01_topic/share/ament_index/resource_index/package_run_dependencies/cpp01_topic\n'}
[0.281531] (cpp01_topic) StdoutLine: {'line': b'-- Up-to-date: /home/jon/ws01/install/cpp01_topic/share/ament_index/resource_index/parent_prefix_path/cpp01_topic\n'}
[0.281560] (cpp01_topic) StdoutLine: {'line': b'-- Up-to-date: /home/jon/ws01/install/cpp01_topic/share/cpp01_topic/environment/ament_prefix_path.sh\n'}
[0.281588] (cpp01_topic) StdoutLine: {'line': b'-- Up-to-date: /home/jon/ws01/install/cpp01_topic/share/cpp01_topic/environment/ament_prefix_path.dsv\n'}
[0.281615] (cpp01_topic) StdoutLine: {'line': b'-- Up-to-date: /home/jon/ws01/install/cpp01_topic/share/cpp01_topic/environment/path.sh\n'}
[0.281642] (cpp01_topic) StdoutLine: {'line': b'-- Up-to-date: /home/jon/ws01/install/cpp01_topic/share/cpp01_topic/environment/path.dsv\n'}
[0.281668] (cpp01_topic) StdoutLine: {'line': b'-- Up-to-date: /home/jon/ws01/install/cpp01_topic/share/cpp01_topic/local_setup.bash\n'}
[0.281694] (cpp01_topic) StdoutLine: {'line': b'-- Up-to-date: /home/jon/ws01/install/cpp01_topic/share/cpp01_topic/local_setup.sh\n'}
[0.281719] (cpp01_topic) StdoutLine: {'line': b'-- Up-to-date: /home/jon/ws01/install/cpp01_topic/share/cpp01_topic/local_setup.zsh\n'}
[0.281745] (cpp01_topic) StdoutLine: {'line': b'-- Up-to-date: /home/jon/ws01/install/cpp01_topic/share/cpp01_topic/local_setup.dsv\n'}
[0.281770] (cpp01_topic) StdoutLine: {'line': b'-- Installing: /home/jon/ws01/install/cpp01_topic/share/cpp01_topic/package.dsv\n'}
[0.281796] (cpp01_topic) StdoutLine: {'line': b'-- Up-to-date: /home/jon/ws01/install/cpp01_topic/share/ament_index/resource_index/packages/cpp01_topic\n'}
[0.281821] (cpp01_topic) StdoutLine: {'line': b'-- Up-to-date: /home/jon/ws01/install/cpp01_topic/share/cpp01_topic/cmake/cpp01_topicConfig.cmake\n'}
[0.281846] (cpp01_topic) StdoutLine: {'line': b'-- Up-to-date: /home/jon/ws01/install/cpp01_topic/share/cpp01_topic/cmake/cpp01_topicConfig-version.cmake\n'}
[0.281871] (cpp01_topic) StdoutLine: {'line': b'-- Up-to-date: /home/jon/ws01/install/cpp01_topic/share/cpp01_topic/package.xml\n'}
[0.283646] (cpp01_topic) CommandEnded: {'returncode': 0}
[0.294404] (cpp01_topic) JobEnded: {'identifier': 'cpp01_topic', 'rc': 0}
[0.299836] (-) TimerEvent: {}
[0.400165] (-) TimerEvent: {}
[0.500634] (-) TimerEvent: {}
[0.600968] (-) TimerEvent: {}
[0.701270] (-) TimerEvent: {}
[0.801728] (-) TimerEvent: {}
[0.902039] (-) TimerEvent: {}
[1.002322] (-) TimerEvent: {}
[1.102581] (-) TimerEvent: {}
[1.202882] (-) TimerEvent: {}
[1.303222] (-) TimerEvent: {}
[1.352358] (cpp02_service) StderrLine: {'line': b'In file included from \x1b[01m\x1b[K/opt/ros/humble/include/rclcpp/rclcpp/client.hpp:40\x1b[m\x1b[K,\n'}
[1.352727] (cpp02_service) StderrLine: {'line': b'                 from \x1b[01m\x1b[K/opt/ros/humble/include/rclcpp/rclcpp/callback_group.hpp:24\x1b[m\x1b[K,\n'}
[1.352785] (cpp02_service) StderrLine: {'line': b'                 from \x1b[01m\x1b[K/opt/ros/humble/include/rclcpp/rclcpp/any_executable.hpp:20\x1b[m\x1b[K,\n'}
[1.352831] (cpp02_service) StderrLine: {'line': b'                 from \x1b[01m\x1b[K/opt/ros/humble/include/rclcpp/rclcpp/memory_strategy.hpp:25\x1b[m\x1b[K,\n'}
[1.352872] (cpp02_service) StderrLine: {'line': b'                 from \x1b[01m\x1b[K/opt/ros/humble/include/rclcpp/rclcpp/memory_strategies.hpp:18\x1b[m\x1b[K,\n'}
[1.352912] (cpp02_service) StderrLine: {'line': b'                 from \x1b[01m\x1b[K/opt/ros/humble/include/rclcpp/rclcpp/executor_options.hpp:20\x1b[m\x1b[K,\n'}
[1.352960] (cpp02_service) StderrLine: {'line': b'                 from \x1b[01m\x1b[K/opt/ros/humble/include/rclcpp/rclcpp/executor.hpp:37\x1b[m\x1b[K,\n'}
[1.352997] (cpp02_service) StderrLine: {'line': b'                 from \x1b[01m\x1b[K/opt/ros/humble/include/rclcpp/rclcpp/executors/multi_threaded_executor.hpp:25\x1b[m\x1b[K,\n'}
[1.353034] (cpp02_service) StderrLine: {'line': b'                 from \x1b[01m\x1b[K/opt/ros/humble/include/rclcpp/rclcpp/executors.hpp:21\x1b[m\x1b[K,\n'}
[1.353068] (cpp02_service) StderrLine: {'line': b'                 from \x1b[01m\x1b[K/opt/ros/humble/include/rclcpp/rclcpp/rclcpp.hpp:155\x1b[m\x1b[K,\n'}
[1.353103] (cpp02_service) StderrLine: {'line': b'                 from \x1b[01m\x1b[K/home/jon/ws01/src/cpp02_service/src/demo02_client.cpp:17\x1b[m\x1b[K:\n'}
[1.353216] (cpp02_service) StderrLine: {'line': b'\x1b[01m\x1b[K/home/jon/ws01/src/cpp02_service/src/demo02_client.cpp:\x1b[m\x1b[K In member function \xe2\x80\x98\x1b[01m\x1b[Kbool AddintsClient::connect_server()\x1b[m\x1b[K\xe2\x80\x99:\n'}
[1.353258] (cpp02_service) StderrLine: {'line': b'\x1b[01m\x1b[K/home/jon/ws01/src/cpp02_service/src/demo02_client.cpp:53:40:\x1b[m\x1b[K \x1b[01;31m\x1b[Kerror: \x1b[m\x1b[Ktoo few arguments to function \xe2\x80\x98\x1b[01m\x1b[Krclcpp::Logger rclcpp::get_logger(const string&)\x1b[m\x1b[K\xe2\x80\x99\n'}
[1.353297] (cpp02_service) StderrLine: {'line': b'   53 |         RCLCPP_ERROR(\x1b[01;31m\x1b[Krclcpp::get_logger()\x1b[m\x1b[K, "\xe5\xae\xa2\xe6\x88\xb7\xe7\xab\xaf\xe8\x8a\x82\xe7\x82\xb9\xe8\xa2\xab\xe4\xb8\xad\xe6\x96\xad\xef\xbc\x8c\xe9\x80\x80\xe5\x87\xba\xef\xbc\x81");\n'}
[1.353316] (cpp02_service) StderrLine: {'line': b'      |                      \x1b[01;31m\x1b[K~~~~~~~~~~~~~~~~~~^~\x1b[m\x1b[K\n'}
[1.353333] (cpp02_service) StderrLine: {'line': b'In file included from \x1b[01m\x1b[K/opt/ros/humble/include/rclcpp/rclcpp/logging.hpp:23\x1b[m\x1b[K,\n'}
[1.353351] (cpp02_service) StderrLine: {'line': b'                 from \x1b[01m\x1b[K/opt/ros/humble/include/rclcpp/rclcpp/client.hpp:40\x1b[m\x1b[K,\n'}
[1.353368] (cpp02_service) StderrLine: {'line': b'                 from \x1b[01m\x1b[K/opt/ros/humble/include/rclcpp/rclcpp/callback_group.hpp:24\x1b[m\x1b[K,\n'}
[1.353385] (cpp02_service) StderrLine: {'line': b'                 from \x1b[01m\x1b[K/opt/ros/humble/include/rclcpp/rclcpp/any_executable.hpp:20\x1b[m\x1b[K,\n'}
[1.353402] (cpp02_service) StderrLine: {'line': b'                 from \x1b[01m\x1b[K/opt/ros/humble/include/rclcpp/rclcpp/memory_strategy.hpp:25\x1b[m\x1b[K,\n'}
[1.353419] (cpp02_service) StderrLine: {'line': b'                 from \x1b[01m\x1b[K/opt/ros/humble/include/rclcpp/rclcpp/memory_strategies.hpp:18\x1b[m\x1b[K,\n'}
[1.353436] (cpp02_service) StderrLine: {'line': b'                 from \x1b[01m\x1b[K/opt/ros/humble/include/rclcpp/rclcpp/executor_options.hpp:20\x1b[m\x1b[K,\n'}
[1.353453] (cpp02_service) StderrLine: {'line': b'                 from \x1b[01m\x1b[K/opt/ros/humble/include/rclcpp/rclcpp/executor.hpp:37\x1b[m\x1b[K,\n'}
[1.353470] (cpp02_service) StderrLine: {'line': b'                 from \x1b[01m\x1b[K/opt/ros/humble/include/rclcpp/rclcpp/executors/multi_threaded_executor.hpp:25\x1b[m\x1b[K,\n'}
[1.353489] (cpp02_service) StderrLine: {'line': b'                 from \x1b[01m\x1b[K/opt/ros/humble/include/rclcpp/rclcpp/executors.hpp:21\x1b[m\x1b[K,\n'}
[1.353506] (cpp02_service) StderrLine: {'line': b'                 from \x1b[01m\x1b[K/opt/ros/humble/include/rclcpp/rclcpp/rclcpp.hpp:155\x1b[m\x1b[K,\n'}
[1.353522] (cpp02_service) StderrLine: {'line': b'                 from \x1b[01m\x1b[K/home/jon/ws01/src/cpp02_service/src/demo02_client.cpp:17\x1b[m\x1b[K:\n'}
[1.353538] (cpp02_service) StderrLine: {'line': b'\x1b[01m\x1b[K/opt/ros/humble/include/rclcpp/rclcpp/logger.hpp:106:17:\x1b[m\x1b[K \x1b[01;36m\x1b[Knote: \x1b[m\x1b[Kdeclared here\n'}
[1.353554] (cpp02_service) StderrLine: {'line': b'  106 |   friend Logger \x1b[01;36m\x1b[Krclcpp\x1b[m\x1b[K::get_logger(const std::string & name);\n'}
[1.353571] (cpp02_service) StderrLine: {'line': b'      |                 \x1b[01;36m\x1b[K^~~~~~\x1b[m\x1b[K\n'}
[1.353587] (cpp02_service) StderrLine: {'line': b'In file included from \x1b[01m\x1b[K/opt/ros/humble/include/rclcpp/rclcpp/client.hpp:40\x1b[m\x1b[K,\n'}
[1.353603] (cpp02_service) StderrLine: {'line': b'                 from \x1b[01m\x1b[K/opt/ros/humble/include/rclcpp/rclcpp/callback_group.hpp:24\x1b[m\x1b[K,\n'}
[1.353618] (cpp02_service) StderrLine: {'line': b'                 from \x1b[01m\x1b[K/opt/ros/humble/include/rclcpp/rclcpp/any_executable.hpp:20\x1b[m\x1b[K,\n'}
[1.353637] (cpp02_service) StderrLine: {'line': b'                 from \x1b[01m\x1b[K/opt/ros/humble/include/rclcpp/rclcpp/memory_strategy.hpp:25\x1b[m\x1b[K,\n'}
[1.353653] (cpp02_service) StderrLine: {'line': b'                 from \x1b[01m\x1b[K/opt/ros/humble/include/rclcpp/rclcpp/memory_strategies.hpp:18\x1b[m\x1b[K,\n'}
[1.353669] (cpp02_service) StderrLine: {'line': b'                 from \x1b[01m\x1b[K/opt/ros/humble/include/rclcpp/rclcpp/executor_options.hpp:20\x1b[m\x1b[K,\n'}
[1.353685] (cpp02_service) StderrLine: {'line': b'                 from \x1b[01m\x1b[K/opt/ros/humble/include/rclcpp/rclcpp/executor.hpp:37\x1b[m\x1b[K,\n'}
[1.353701] (cpp02_service) StderrLine: {'line': b'                 from \x1b[01m\x1b[K/opt/ros/humble/include/rclcpp/rclcpp/executors/multi_threaded_executor.hpp:25\x1b[m\x1b[K,\n'}
[1.353716] (cpp02_service) StderrLine: {'line': b'                 from \x1b[01m\x1b[K/opt/ros/humble/include/rclcpp/rclcpp/executors.hpp:21\x1b[m\x1b[K,\n'}
[1.353732] (cpp02_service) StderrLine: {'line': b'                 from \x1b[01m\x1b[K/opt/ros/humble/include/rclcpp/rclcpp/rclcpp.hpp:155\x1b[m\x1b[K,\n'}
[1.353749] (cpp02_service) StderrLine: {'line': b'                 from \x1b[01m\x1b[K/home/jon/ws01/src/cpp02_service/src/demo02_client.cpp:17\x1b[m\x1b[K:\n'}
[1.353765] (cpp02_service) StderrLine: {'line': b'\x1b[01m\x1b[K/home/jon/ws01/src/cpp02_service/src/demo02_client.cpp:53:40:\x1b[m\x1b[K \x1b[01;31m\x1b[Kerror: \x1b[m\x1b[Ktoo few arguments to function \xe2\x80\x98\x1b[01m\x1b[Krclcpp::Logger rclcpp::get_logger(const string&)\x1b[m\x1b[K\xe2\x80\x99\n'}
[1.353784] (cpp02_service) StderrLine: {'line': b'   53 |         RCLCPP_ERROR(\x1b[01;31m\x1b[Krclcpp::get_logger()\x1b[m\x1b[K, "\xe5\xae\xa2\xe6\x88\xb7\xe7\xab\xaf\xe8\x8a\x82\xe7\x82\xb9\xe8\xa2\xab\xe4\xb8\xad\xe6\x96\xad\xef\xbc\x8c\xe9\x80\x80\xe5\x87\xba\xef\xbc\x81");\n'}
[1.353801] (cpp02_service) StderrLine: {'line': b'      |                      \x1b[01;31m\x1b[K~~~~~~~~~~~~~~~~~~^~\x1b[m\x1b[K\n'}
[1.353817] (cpp02_service) StderrLine: {'line': b'In file included from \x1b[01m\x1b[K/opt/ros/humble/include/rclcpp/rclcpp/logging.hpp:23\x1b[m\x1b[K,\n'}
[1.353833] (cpp02_service) StderrLine: {'line': b'                 from \x1b[01m\x1b[K/opt/ros/humble/include/rclcpp/rclcpp/client.hpp:40\x1b[m\x1b[K,\n'}
[1.353849] (cpp02_service) StderrLine: {'line': b'                 from \x1b[01m\x1b[K/opt/ros/humble/include/rclcpp/rclcpp/callback_group.hpp:24\x1b[m\x1b[K,\n'}
[1.353865] (cpp02_service) StderrLine: {'line': b'                 from \x1b[01m\x1b[K/opt/ros/humble/include/rclcpp/rclcpp/any_executable.hpp:20\x1b[m\x1b[K,\n'}
[1.353881] (cpp02_service) StderrLine: {'line': b'                 from \x1b[01m\x1b[K/opt/ros/humble/include/rclcpp/rclcpp/memory_strategy.hpp:25\x1b[m\x1b[K,\n'}
[1.353897] (cpp02_service) StderrLine: {'line': b'                 from \x1b[01m\x1b[K/opt/ros/humble/include/rclcpp/rclcpp/memory_strategies.hpp:18\x1b[m\x1b[K,\n'}
[1.353913] (cpp02_service) StderrLine: {'line': b'                 from \x1b[01m\x1b[K/opt/ros/humble/include/rclcpp/rclcpp/executor_options.hpp:20\x1b[m\x1b[K,\n'}
[1.353932] (cpp02_service) StderrLine: {'line': b'                 from \x1b[01m\x1b[K/opt/ros/humble/include/rclcpp/rclcpp/executor.hpp:37\x1b[m\x1b[K,\n'}
[1.353948] (cpp02_service) StderrLine: {'line': b'                 from \x1b[01m\x1b[K/opt/ros/humble/include/rclcpp/rclcpp/executors/multi_threaded_executor.hpp:25\x1b[m\x1b[K,\n'}
[1.353964] (cpp02_service) StderrLine: {'line': b'                 from \x1b[01m\x1b[K/opt/ros/humble/include/rclcpp/rclcpp/executors.hpp:21\x1b[m\x1b[K,\n'}
[1.353980] (cpp02_service) StderrLine: {'line': b'                 from \x1b[01m\x1b[K/opt/ros/humble/include/rclcpp/rclcpp/rclcpp.hpp:155\x1b[m\x1b[K,\n'}
[1.353996] (cpp02_service) StderrLine: {'line': b'                 from \x1b[01m\x1b[K/home/jon/ws01/src/cpp02_service/src/demo02_client.cpp:17\x1b[m\x1b[K:\n'}
[1.354012] (cpp02_service) StderrLine: {'line': b'\x1b[01m\x1b[K/opt/ros/humble/include/rclcpp/rclcpp/logger.hpp:106:17:\x1b[m\x1b[K \x1b[01;36m\x1b[Knote: \x1b[m\x1b[Kdeclared here\n'}
[1.354028] (cpp02_service) StderrLine: {'line': b'  106 |   friend Logger \x1b[01;36m\x1b[Krclcpp\x1b[m\x1b[K::get_logger(const std::string & name);\n'}
[1.354045] (cpp02_service) StderrLine: {'line': b'      |                 \x1b[01;36m\x1b[K^~~~~~\x1b[m\x1b[K\n'}
[1.354060] (cpp02_service) StderrLine: {'line': b'In file included from \x1b[01m\x1b[K/opt/ros/humble/include/rclcpp/rclcpp/client.hpp:40\x1b[m\x1b[K,\n'}
[1.354076] (cpp02_service) StderrLine: {'line': b'                 from \x1b[01m\x1b[K/opt/ros/humble/include/rclcpp/rclcpp/callback_group.hpp:24\x1b[m\x1b[K,\n'}
[1.354094] (cpp02_service) StderrLine: {'line': b'                 from \x1b[01m\x1b[K/opt/ros/humble/include/rclcpp/rclcpp/any_executable.hpp:20\x1b[m\x1b[K,\n'}
[1.354112] (cpp02_service) StderrLine: {'line': b'                 from \x1b[01m\x1b[K/opt/ros/humble/include/rclcpp/rclcpp/memory_strategy.hpp:25\x1b[m\x1b[K,\n'}
[1.354127] (cpp02_service) StderrLine: {'line': b'                 from \x1b[01m\x1b[K/opt/ros/humble/include/rclcpp/rclcpp/memory_strategies.hpp:18\x1b[m\x1b[K,\n'}
[1.354143] (cpp02_service) StderrLine: {'line': b'                 from \x1b[01m\x1b[K/opt/ros/humble/include/rclcpp/rclcpp/executor_options.hpp:20\x1b[m\x1b[K,\n'}
[1.354160] (cpp02_service) StderrLine: {'line': b'                 from \x1b[01m\x1b[K/opt/ros/humble/include/rclcpp/rclcpp/executor.hpp:37\x1b[m\x1b[K,\n'}
[1.354175] (cpp02_service) StderrLine: {'line': b'                 from \x1b[01m\x1b[K/opt/ros/humble/include/rclcpp/rclcpp/executors/multi_threaded_executor.hpp:25\x1b[m\x1b[K,\n'}
[1.354191] (cpp02_service) StderrLine: {'line': b'                 from \x1b[01m\x1b[K/opt/ros/humble/include/rclcpp/rclcpp/executors.hpp:21\x1b[m\x1b[K,\n'}
[1.354206] (cpp02_service) StderrLine: {'line': b'                 from \x1b[01m\x1b[K/opt/ros/humble/include/rclcpp/rclcpp/rclcpp.hpp:155\x1b[m\x1b[K,\n'}
[1.354222] (cpp02_service) StderrLine: {'line': b'                 from \x1b[01m\x1b[K/home/jon/ws01/src/cpp02_service/src/demo02_client.cpp:17\x1b[m\x1b[K:\n'}
[1.354237] (cpp02_service) StderrLine: {'line': b'\x1b[01m\x1b[K/home/jon/ws01/src/cpp02_service/src/demo02_client.cpp:53:9:\x1b[m\x1b[K \x1b[01;31m\x1b[Kerror: \x1b[m\x1b[Ktemplate argument 1 is invalid\n'}
[1.354254] (cpp02_service) StderrLine: {'line': b'   53 |         \x1b[01;31m\x1b[KRCLCPP_ERROR\x1b[m\x1b[K(rclcpp::get_logger(), "\xe5\xae\xa2\xe6\x88\xb7\xe7\xab\xaf\xe8\x8a\x82\xe7\x82\xb9\xe8\xa2\xab\xe4\xb8\xad\xe6\x96\xad\xef\xbc\x8c\xe9\x80\x80\xe5\x87\xba\xef\xbc\x81");\n'}
[1.354271] (cpp02_service) StderrLine: {'line': b'      |         \x1b[01;31m\x1b[K^~~~~~~~~~~~\x1b[m\x1b[K\n'}
[1.354287] (cpp02_service) StderrLine: {'line': b'In file included from \x1b[01m\x1b[K/opt/ros/humble/include/rclcpp/rclcpp/logging.hpp:24\x1b[m\x1b[K,\n'}
[1.354303] (cpp02_service) StderrLine: {'line': b'                 from \x1b[01m\x1b[K/opt/ros/humble/include/rclcpp/rclcpp/client.hpp:40\x1b[m\x1b[K,\n'}
[1.354319] (cpp02_service) StderrLine: {'line': b'                 from \x1b[01m\x1b[K/opt/ros/humble/include/rclcpp/rclcpp/callback_group.hpp:24\x1b[m\x1b[K,\n'}
[1.354335] (cpp02_service) StderrLine: {'line': b'                 from \x1b[01m\x1b[K/opt/ros/humble/include/rclcpp/rclcpp/any_executable.hpp:20\x1b[m\x1b[K,\n'}
[1.354351] (cpp02_service) StderrLine: {'line': b'                 from \x1b[01m\x1b[K/opt/ros/humble/include/rclcpp/rclcpp/memory_strategy.hpp:25\x1b[m\x1b[K,\n'}
[1.354366] (cpp02_service) StderrLine: {'line': b'                 from \x1b[01m\x1b[K/opt/ros/humble/include/rclcpp/rclcpp/memory_strategies.hpp:18\x1b[m\x1b[K,\n'}
[1.354381] (cpp02_service) StderrLine: {'line': b'                 from \x1b[01m\x1b[K/opt/ros/humble/include/rclcpp/rclcpp/executor_options.hpp:20\x1b[m\x1b[K,\n'}
[1.354396] (cpp02_service) StderrLine: {'line': b'                 from \x1b[01m\x1b[K/opt/ros/humble/include/rclcpp/rclcpp/executor.hpp:37\x1b[m\x1b[K,\n'}
[1.354412] (cpp02_service) StderrLine: {'line': b'                 from \x1b[01m\x1b[K/opt/ros/humble/include/rclcpp/rclcpp/executors/multi_threaded_executor.hpp:25\x1b[m\x1b[K,\n'}
[1.354428] (cpp02_service) StderrLine: {'line': b'                 from \x1b[01m\x1b[K/opt/ros/humble/include/rclcpp/rclcpp/executors.hpp:21\x1b[m\x1b[K,\n'}
[1.354443] (cpp02_service) StderrLine: {'line': b'                 from \x1b[01m\x1b[K/opt/ros/humble/include/rclcpp/rclcpp/rclcpp.hpp:155\x1b[m\x1b[K,\n'}
[1.354460] (cpp02_service) StderrLine: {'line': b'                 from \x1b[01m\x1b[K/home/jon/ws01/src/cpp02_service/src/demo02_client.cpp:17\x1b[m\x1b[K:\n'}
[1.354475] (cpp02_service) StderrLine: {'line': b'\x1b[01m\x1b[K/home/jon/ws01/src/cpp02_service/src/demo02_client.cpp:53:40:\x1b[m\x1b[K \x1b[01;31m\x1b[Kerror: \x1b[m\x1b[Ktoo few arguments to function \xe2\x80\x98\x1b[01m\x1b[Krclcpp::Logger rclcpp::get_logger(const string&)\x1b[m\x1b[K\xe2\x80\x99\n'}
[1.354492] (cpp02_service) StderrLine: {'line': b'   53 |         RCLCPP_ERROR(\x1b[01;31m\x1b[Krclcpp::get_logger()\x1b[m\x1b[K, "\xe5\xae\xa2\xe6\x88\xb7\xe7\xab\xaf\xe8\x8a\x82\xe7\x82\xb9\xe8\xa2\xab\xe4\xb8\xad\xe6\x96\xad\xef\xbc\x8c\xe9\x80\x80\xe5\x87\xba\xef\xbc\x81");\n'}
[1.354508] (cpp02_service) StderrLine: {'line': b'      |                      \x1b[01;31m\x1b[K~~~~~~~~~~~~~~~~~~^~\x1b[m\x1b[K\n'}
[1.354523] (cpp02_service) StderrLine: {'line': b'In file included from \x1b[01m\x1b[K/opt/ros/humble/include/rclcpp/rclcpp/logging.hpp:23\x1b[m\x1b[K,\n'}
[1.354539] (cpp02_service) StderrLine: {'line': b'                 from \x1b[01m\x1b[K/opt/ros/humble/include/rclcpp/rclcpp/client.hpp:40\x1b[m\x1b[K,\n'}
[1.354591] (cpp02_service) StderrLine: {'line': b'                 from \x1b[01m\x1b[K/opt/ros/humble/include/rclcpp/rclcpp/callback_group.hpp:24\x1b[m\x1b[K,\n'}
[1.354609] (cpp02_service) StderrLine: {'line': b'                 from \x1b[01m\x1b[K/opt/ros/humble/include/rclcpp/rclcpp/any_executable.hpp:20\x1b[m\x1b[K,\n'}
[1.354625] (cpp02_service) StderrLine: {'line': b'                 from \x1b[01m\x1b[K/opt/ros/humble/include/rclcpp/rclcpp/memory_strategy.hpp:25\x1b[m\x1b[K,\n'}
[1.354642] (cpp02_service) StderrLine: {'line': b'                 from \x1b[01m\x1b[K/opt/ros/humble/include/rclcpp/rclcpp/memory_strategies.hpp:18\x1b[m\x1b[K,\n'}
[1.354657] (cpp02_service) StderrLine: {'line': b'                 from \x1b[01m\x1b[K/opt/ros/humble/include/rclcpp/rclcpp/executor_options.hpp:20\x1b[m\x1b[K,\n'}
[1.354673] (cpp02_service) StderrLine: {'line': b'                 from \x1b[01m\x1b[K/opt/ros/humble/include/rclcpp/rclcpp/executor.hpp:37\x1b[m\x1b[K,\n'}
[1.354691] (cpp02_service) StderrLine: {'line': b'                 from \x1b[01m\x1b[K/opt/ros/humble/include/rclcpp/rclcpp/executors/multi_threaded_executor.hpp:25\x1b[m\x1b[K,\n'}
[1.354707] (cpp02_service) StderrLine: {'line': b'                 from \x1b[01m\x1b[K/opt/ros/humble/include/rclcpp/rclcpp/executors.hpp:21\x1b[m\x1b[K,\n'}
[1.354722] (cpp02_service) StderrLine: {'line': b'                 from \x1b[01m\x1b[K/opt/ros/humble/include/rclcpp/rclcpp/rclcpp.hpp:155\x1b[m\x1b[K,\n'}
[1.354737] (cpp02_service) StderrLine: {'line': b'                 from \x1b[01m\x1b[K/home/jon/ws01/src/cpp02_service/src/demo02_client.cpp:17\x1b[m\x1b[K:\n'}
[1.354752] (cpp02_service) StderrLine: {'line': b'\x1b[01m\x1b[K/opt/ros/humble/include/rclcpp/rclcpp/logger.hpp:106:17:\x1b[m\x1b[K \x1b[01;36m\x1b[Knote: \x1b[m\x1b[Kdeclared here\n'}
[1.354768] (cpp02_service) StderrLine: {'line': b'  106 |   friend Logger \x1b[01;36m\x1b[Krclcpp\x1b[m\x1b[K::get_logger(const std::string & name);\n'}
[1.354784] (cpp02_service) StderrLine: {'line': b'      |                 \x1b[01;36m\x1b[K^~~~~~\x1b[m\x1b[K\n'}
[1.354799] (cpp02_service) StderrLine: {'line': b'In file included from \x1b[01m\x1b[K/opt/ros/humble/include/rclcpp/rclcpp/logging.hpp:24\x1b[m\x1b[K,\n'}
[1.354814] (cpp02_service) StderrLine: {'line': b'                 from \x1b[01m\x1b[K/opt/ros/humble/include/rclcpp/rclcpp/client.hpp:40\x1b[m\x1b[K,\n'}
[1.354830] (cpp02_service) StderrLine: {'line': b'                 from \x1b[01m\x1b[K/opt/ros/humble/include/rclcpp/rclcpp/callback_group.hpp:24\x1b[m\x1b[K,\n'}
[1.354846] (cpp02_service) StderrLine: {'line': b'                 from \x1b[01m\x1b[K/opt/ros/humble/include/rclcpp/rclcpp/any_executable.hpp:20\x1b[m\x1b[K,\n'}
[1.354862] (cpp02_service) StderrLine: {'line': b'                 from \x1b[01m\x1b[K/opt/ros/humble/include/rclcpp/rclcpp/memory_strategy.hpp:25\x1b[m\x1b[K,\n'}
[1.354878] (cpp02_service) StderrLine: {'line': b'                 from \x1b[01m\x1b[K/opt/ros/humble/include/rclcpp/rclcpp/memory_strategies.hpp:18\x1b[m\x1b[K,\n'}
[1.354893] (cpp02_service) StderrLine: {'line': b'                 from \x1b[01m\x1b[K/opt/ros/humble/include/rclcpp/rclcpp/executor_options.hpp:20\x1b[m\x1b[K,\n'}
[1.354910] (cpp02_service) StderrLine: {'line': b'                 from \x1b[01m\x1b[K/opt/ros/humble/include/rclcpp/rclcpp/executor.hpp:37\x1b[m\x1b[K,\n'}
[1.354926] (cpp02_service) StderrLine: {'line': b'                 from \x1b[01m\x1b[K/opt/ros/humble/include/rclcpp/rclcpp/executors/multi_threaded_executor.hpp:25\x1b[m\x1b[K,\n'}
[1.354942] (cpp02_service) StderrLine: {'line': b'                 from \x1b[01m\x1b[K/opt/ros/humble/include/rclcpp/rclcpp/executors.hpp:21\x1b[m\x1b[K,\n'}
[1.354957] (cpp02_service) StderrLine: {'line': b'                 from \x1b[01m\x1b[K/opt/ros/humble/include/rclcpp/rclcpp/rclcpp.hpp:155\x1b[m\x1b[K,\n'}
[1.354973] (cpp02_service) StderrLine: {'line': b'                 from \x1b[01m\x1b[K/home/jon/ws01/src/cpp02_service/src/demo02_client.cpp:17\x1b[m\x1b[K:\n'}
[1.354988] (cpp02_service) StderrLine: {'line': b'\x1b[01m\x1b[K/home/jon/ws01/src/cpp02_service/src/demo02_client.cpp:53:40:\x1b[m\x1b[K \x1b[01;31m\x1b[Kerror: \x1b[m\x1b[Ktoo few arguments to function \xe2\x80\x98\x1b[01m\x1b[Krclcpp::Logger rclcpp::get_logger(const string&)\x1b[m\x1b[K\xe2\x80\x99\n'}
[1.355003] (cpp02_service) StderrLine: {'line': b'   53 |         RCLCPP_ERROR(\x1b[01;31m\x1b[Krclcpp::get_logger()\x1b[m\x1b[K, "\xe5\xae\xa2\xe6\x88\xb7\xe7\xab\xaf\xe8\x8a\x82\xe7\x82\xb9\xe8\xa2\xab\xe4\xb8\xad\xe6\x96\xad\xef\xbc\x8c\xe9\x80\x80\xe5\x87\xba\xef\xbc\x81");\n'}
[1.355019] (cpp02_service) StderrLine: {'line': b'      |                      \x1b[01;31m\x1b[K~~~~~~~~~~~~~~~~~~^~\x1b[m\x1b[K\n'}
[1.355033] (cpp02_service) StderrLine: {'line': b'In file included from \x1b[01m\x1b[K/opt/ros/humble/include/rclcpp/rclcpp/logging.hpp:23\x1b[m\x1b[K,\n'}
[1.355049] (cpp02_service) StderrLine: {'line': b'                 from \x1b[01m\x1b[K/opt/ros/humble/include/rclcpp/rclcpp/client.hpp:40\x1b[m\x1b[K,\n'}
[1.355065] (cpp02_service) StderrLine: {'line': b'                 from \x1b[01m\x1b[K/opt/ros/humble/include/rclcpp/rclcpp/callback_group.hpp:24\x1b[m\x1b[K,\n'}
[1.355080] (cpp02_service) StderrLine: {'line': b'                 from \x1b[01m\x1b[K/opt/ros/humble/include/rclcpp/rclcpp/any_executable.hpp:20\x1b[m\x1b[K,\n'}
[1.355095] (cpp02_service) StderrLine: {'line': b'                 from \x1b[01m\x1b[K/opt/ros/humble/include/rclcpp/rclcpp/memory_strategy.hpp:25\x1b[m\x1b[K,\n'}
[1.355111] (cpp02_service) StderrLine: {'line': b'                 from \x1b[01m\x1b[K/opt/ros/humble/include/rclcpp/rclcpp/memory_strategies.hpp:18\x1b[m\x1b[K,\n'}
[1.355127] (cpp02_service) StderrLine: {'line': b'                 from \x1b[01m\x1b[K/opt/ros/humble/include/rclcpp/rclcpp/executor_options.hpp:20\x1b[m\x1b[K,\n'}
[1.355143] (cpp02_service) StderrLine: {'line': b'                 from \x1b[01m\x1b[K/opt/ros/humble/include/rclcpp/rclcpp/executor.hpp:37\x1b[m\x1b[K,\n'}
[1.355159] (cpp02_service) StderrLine: {'line': b'                 from \x1b[01m\x1b[K/opt/ros/humble/include/rclcpp/rclcpp/executors/multi_threaded_executor.hpp:25\x1b[m\x1b[K,\n'}
[1.355174] (cpp02_service) StderrLine: {'line': b'                 from \x1b[01m\x1b[K/opt/ros/humble/include/rclcpp/rclcpp/executors.hpp:21\x1b[m\x1b[K,\n'}
[1.355189] (cpp02_service) StderrLine: {'line': b'                 from \x1b[01m\x1b[K/opt/ros/humble/include/rclcpp/rclcpp/rclcpp.hpp:155\x1b[m\x1b[K,\n'}
[1.355206] (cpp02_service) StderrLine: {'line': b'                 from \x1b[01m\x1b[K/home/jon/ws01/src/cpp02_service/src/demo02_client.cpp:17\x1b[m\x1b[K:\n'}
[1.355224] (cpp02_service) StderrLine: {'line': b'\x1b[01m\x1b[K/opt/ros/humble/include/rclcpp/rclcpp/logger.hpp:106:17:\x1b[m\x1b[K \x1b[01;36m\x1b[Knote: \x1b[m\x1b[Kdeclared here\n'}
[1.355242] (cpp02_service) StderrLine: {'line': b'  106 |   friend Logger \x1b[01;36m\x1b[Krclcpp\x1b[m\x1b[K::get_logger(const std::string & name);\n'}
[1.355258] (cpp02_service) StderrLine: {'line': b'      |                 \x1b[01;36m\x1b[K^~~~~~\x1b[m\x1b[K\n'}
[1.355274] (cpp02_service) StderrLine: {'line': b'In file included from \x1b[01m\x1b[K/opt/ros/humble/include/rclcpp/rclcpp/client.hpp:40\x1b[m\x1b[K,\n'}
[1.355289] (cpp02_service) StderrLine: {'line': b'                 from \x1b[01m\x1b[K/opt/ros/humble/include/rclcpp/rclcpp/callback_group.hpp:24\x1b[m\x1b[K,\n'}
[1.355304] (cpp02_service) StderrLine: {'line': b'                 from \x1b[01m\x1b[K/opt/ros/humble/include/rclcpp/rclcpp/any_executable.hpp:20\x1b[m\x1b[K,\n'}
[1.355319] (cpp02_service) StderrLine: {'line': b'                 from \x1b[01m\x1b[K/opt/ros/humble/include/rclcpp/rclcpp/memory_strategy.hpp:25\x1b[m\x1b[K,\n'}
[1.355335] (cpp02_service) StderrLine: {'line': b'                 from \x1b[01m\x1b[K/opt/ros/humble/include/rclcpp/rclcpp/memory_strategies.hpp:18\x1b[m\x1b[K,\n'}
[1.355350] (cpp02_service) StderrLine: {'line': b'                 from \x1b[01m\x1b[K/opt/ros/humble/include/rclcpp/rclcpp/executor_options.hpp:20\x1b[m\x1b[K,\n'}
[1.355367] (cpp02_service) StderrLine: {'line': b'                 from \x1b[01m\x1b[K/opt/ros/humble/include/rclcpp/rclcpp/executor.hpp:37\x1b[m\x1b[K,\n'}
[1.355383] (cpp02_service) StderrLine: {'line': b'                 from \x1b[01m\x1b[K/opt/ros/humble/include/rclcpp/rclcpp/executors/multi_threaded_executor.hpp:25\x1b[m\x1b[K,\n'}
[1.355399] (cpp02_service) StderrLine: {'line': b'                 from \x1b[01m\x1b[K/opt/ros/humble/include/rclcpp/rclcpp/executors.hpp:21\x1b[m\x1b[K,\n'}
[1.355415] (cpp02_service) StderrLine: {'line': b'                 from \x1b[01m\x1b[K/opt/ros/humble/include/rclcpp/rclcpp/rclcpp.hpp:155\x1b[m\x1b[K,\n'}
[1.355431] (cpp02_service) StderrLine: {'line': b'                 from \x1b[01m\x1b[K/home/jon/ws01/src/cpp02_service/src/demo02_client.cpp:17\x1b[m\x1b[K:\n'}
[1.355446] (cpp02_service) StderrLine: {'line': b'\x1b[01m\x1b[K/home/jon/ws01/src/cpp02_service/src/demo02_client.cpp:56:37:\x1b[m\x1b[K \x1b[01;31m\x1b[Kerror: \x1b[m\x1b[Ktoo few arguments to function \xe2\x80\x98\x1b[01m\x1b[Krclcpp::Logger rclcpp::get_logger(const string&)\x1b[m\x1b[K\xe2\x80\x99\n'}
[1.355464] (cpp02_service) StderrLine: {'line': b'   56 |       RCLCPP_INFO(\x1b[01;31m\x1b[Krclcpp::get_logger()\x1b[m\x1b[K, "\xe6\x9c\x8d\xe5\x8a\xa1\xe5\x99\xa8\xe8\xbf\x9e\xe6\x8e\xa5\xe4\xb8\xad...");\n'}
[1.355479] (cpp02_service) StderrLine: {'line': b'      |                   \x1b[01;31m\x1b[K~~~~~~~~~~~~~~~~~~^~\x1b[m\x1b[K\n'}
[1.355495] (cpp02_service) StderrLine: {'line': b'In file included from \x1b[01m\x1b[K/opt/ros/humble/include/rclcpp/rclcpp/logging.hpp:23\x1b[m\x1b[K,\n'}
[1.355511] (cpp02_service) StderrLine: {'line': b'                 from \x1b[01m\x1b[K/opt/ros/humble/include/rclcpp/rclcpp/client.hpp:40\x1b[m\x1b[K,\n'}
[1.355526] (cpp02_service) StderrLine: {'line': b'                 from \x1b[01m\x1b[K/opt/ros/humble/include/rclcpp/rclcpp/callback_group.hpp:24\x1b[m\x1b[K,\n'}
[1.355542] (cpp02_service) StderrLine: {'line': b'                 from \x1b[01m\x1b[K/opt/ros/humble/include/rclcpp/rclcpp/any_executable.hpp:20\x1b[m\x1b[K,\n'}
[1.355556] (cpp02_service) StderrLine: {'line': b'                 from \x1b[01m\x1b[K/opt/ros/humble/include/rclcpp/rclcpp/memory_strategy.hpp:25\x1b[m\x1b[K,\n'}
[1.355572] (cpp02_service) StderrLine: {'line': b'                 from \x1b[01m\x1b[K/opt/ros/humble/include/rclcpp/rclcpp/memory_strategies.hpp:18\x1b[m\x1b[K,\n'}
[1.355587] (cpp02_service) StderrLine: {'line': b'                 from \x1b[01m\x1b[K/opt/ros/humble/include/rclcpp/rclcpp/executor_options.hpp:20\x1b[m\x1b[K,\n'}
[1.355603] (cpp02_service) StderrLine: {'line': b'                 from \x1b[01m\x1b[K/opt/ros/humble/include/rclcpp/rclcpp/executor.hpp:37\x1b[m\x1b[K,\n'}
[1.355618] (cpp02_service) StderrLine: {'line': b'                 from \x1b[01m\x1b[K/opt/ros/humble/include/rclcpp/rclcpp/executors/multi_threaded_executor.hpp:25\x1b[m\x1b[K,\n'}
[1.355632] (cpp02_service) StderrLine: {'line': b'                 from \x1b[01m\x1b[K/opt/ros/humble/include/rclcpp/rclcpp/executors.hpp:21\x1b[m\x1b[K,\n'}
[1.355647] (cpp02_service) StderrLine: {'line': b'                 from \x1b[01m\x1b[K/opt/ros/humble/include/rclcpp/rclcpp/rclcpp.hpp:155\x1b[m\x1b[K,\n'}
[1.355662] (cpp02_service) StderrLine: {'line': b'                 from \x1b[01m\x1b[K/home/jon/ws01/src/cpp02_service/src/demo02_client.cpp:17\x1b[m\x1b[K:\n'}
[1.355676] (cpp02_service) StderrLine: {'line': b'\x1b[01m\x1b[K/opt/ros/humble/include/rclcpp/rclcpp/logger.hpp:106:17:\x1b[m\x1b[K \x1b[01;36m\x1b[Knote: \x1b[m\x1b[Kdeclared here\n'}
[1.355691] (cpp02_service) StderrLine: {'line': b'  106 |   friend Logger \x1b[01;36m\x1b[Krclcpp\x1b[m\x1b[K::get_logger(const std::string & name);\n'}
[1.355706] (cpp02_service) StderrLine: {'line': b'      |                 \x1b[01;36m\x1b[K^~~~~~\x1b[m\x1b[K\n'}
[1.355720] (cpp02_service) StderrLine: {'line': b'In file included from \x1b[01m\x1b[K/opt/ros/humble/include/rclcpp/rclcpp/client.hpp:40\x1b[m\x1b[K,\n'}
[1.355735] (cpp02_service) StderrLine: {'line': b'                 from \x1b[01m\x1b[K/opt/ros/humble/include/rclcpp/rclcpp/callback_group.hpp:24\x1b[m\x1b[K,\n'}
[1.355750] (cpp02_service) StderrLine: {'line': b'                 from \x1b[01m\x1b[K/opt/ros/humble/include/rclcpp/rclcpp/any_executable.hpp:20\x1b[m\x1b[K,\n'}
[1.355765] (cpp02_service) StderrLine: {'line': b'                 from \x1b[01m\x1b[K/opt/ros/humble/include/rclcpp/rclcpp/memory_strategy.hpp:25\x1b[m\x1b[K,\n'}
[1.355781] (cpp02_service) StderrLine: {'line': b'                 from \x1b[01m\x1b[K/opt/ros/humble/include/rclcpp/rclcpp/memory_strategies.hpp:18\x1b[m\x1b[K,\n'}
[1.355796] (cpp02_service) StderrLine: {'line': b'                 from \x1b[01m\x1b[K/opt/ros/humble/include/rclcpp/rclcpp/executor_options.hpp:20\x1b[m\x1b[K,\n'}
[1.355811] (cpp02_service) StderrLine: {'line': b'                 from \x1b[01m\x1b[K/opt/ros/humble/include/rclcpp/rclcpp/executor.hpp:37\x1b[m\x1b[K,\n'}
[1.355827] (cpp02_service) StderrLine: {'line': b'                 from \x1b[01m\x1b[K/opt/ros/humble/include/rclcpp/rclcpp/executors/multi_threaded_executor.hpp:25\x1b[m\x1b[K,\n'}
[1.355843] (cpp02_service) StderrLine: {'line': b'                 from \x1b[01m\x1b[K/opt/ros/humble/include/rclcpp/rclcpp/executors.hpp:21\x1b[m\x1b[K,\n'}
[1.355858] (cpp02_service) StderrLine: {'line': b'                 from \x1b[01m\x1b[K/opt/ros/humble/include/rclcpp/rclcpp/rclcpp.hpp:155\x1b[m\x1b[K,\n'}
[1.355873] (cpp02_service) StderrLine: {'line': b'                 from \x1b[01m\x1b[K/home/jon/ws01/src/cpp02_service/src/demo02_client.cpp:17\x1b[m\x1b[K:\n'}
[1.355889] (cpp02_service) StderrLine: {'line': b'\x1b[01m\x1b[K/home/jon/ws01/src/cpp02_service/src/demo02_client.cpp:56:37:\x1b[m\x1b[K \x1b[01;31m\x1b[Kerror: \x1b[m\x1b[Ktoo few arguments to function \xe2\x80\x98\x1b[01m\x1b[Krclcpp::Logger rclcpp::get_logger(const string&)\x1b[m\x1b[K\xe2\x80\x99\n'}
[1.355904] (cpp02_service) StderrLine: {'line': b'   56 |       RCLCPP_INFO(\x1b[01;31m\x1b[Krclcpp::get_logger()\x1b[m\x1b[K, "\xe6\x9c\x8d\xe5\x8a\xa1\xe5\x99\xa8\xe8\xbf\x9e\xe6\x8e\xa5\xe4\xb8\xad...");\n'}
[1.355921] (cpp02_service) StderrLine: {'line': b'      |                   \x1b[01;31m\x1b[K~~~~~~~~~~~~~~~~~~^~\x1b[m\x1b[K\n'}
[1.355938] (cpp02_service) StderrLine: {'line': b'In file included from \x1b[01m\x1b[K/opt/ros/humble/include/rclcpp/rclcpp/logging.hpp:23\x1b[m\x1b[K,\n'}
[1.355954] (cpp02_service) StderrLine: {'line': b'                 from \x1b[01m\x1b[K/opt/ros/humble/include/rclcpp/rclcpp/client.hpp:40\x1b[m\x1b[K,\n'}
[1.355969] (cpp02_service) StderrLine: {'line': b'                 from \x1b[01m\x1b[K/opt/ros/humble/include/rclcpp/rclcpp/callback_group.hpp:24\x1b[m\x1b[K,\n'}
[1.355985] (cpp02_service) StderrLine: {'line': b'                 from \x1b[01m\x1b[K/opt/ros/humble/include/rclcpp/rclcpp/any_executable.hpp:20\x1b[m\x1b[K,\n'}
[1.356000] (cpp02_service) StderrLine: {'line': b'                 from \x1b[01m\x1b[K/opt/ros/humble/include/rclcpp/rclcpp/memory_strategy.hpp:25\x1b[m\x1b[K,\n'}
[1.356016] (cpp02_service) StderrLine: {'line': b'                 from \x1b[01m\x1b[K/opt/ros/humble/include/rclcpp/rclcpp/memory_strategies.hpp:18\x1b[m\x1b[K,\n'}
[1.356031] (cpp02_service) StderrLine: {'line': b'                 from \x1b[01m\x1b[K/opt/ros/humble/include/rclcpp/rclcpp/executor_options.hpp:20\x1b[m\x1b[K,\n'}
[1.356046] (cpp02_service) StderrLine: {'line': b'                 from \x1b[01m\x1b[K/opt/ros/humble/include/rclcpp/rclcpp/executor.hpp:37\x1b[m\x1b[K,\n'}
[1.356061] (cpp02_service) StderrLine: {'line': b'                 from \x1b[01m\x1b[K/opt/ros/humble/include/rclcpp/rclcpp/executors/multi_threaded_executor.hpp:25\x1b[m\x1b[K,\n'}
[1.356076] (cpp02_service) StderrLine: {'line': b'                 from \x1b[01m\x1b[K/opt/ros/humble/include/rclcpp/rclcpp/executors.hpp:21\x1b[m\x1b[K,\n'}
[1.356092] (cpp02_service) StderrLine: {'line': b'                 from \x1b[01m\x1b[K/opt/ros/humble/include/rclcpp/rclcpp/rclcpp.hpp:155\x1b[m\x1b[K,\n'}
[1.356108] (cpp02_service) StderrLine: {'line': b'                 from \x1b[01m\x1b[K/home/jon/ws01/src/cpp02_service/src/demo02_client.cpp:17\x1b[m\x1b[K:\n'}
[1.356123] (cpp02_service) StderrLine: {'line': b'\x1b[01m\x1b[K/opt/ros/humble/include/rclcpp/rclcpp/logger.hpp:106:17:\x1b[m\x1b[K \x1b[01;36m\x1b[Knote: \x1b[m\x1b[Kdeclared here\n'}
[1.356138] (cpp02_service) StderrLine: {'line': b'  106 |   friend Logger \x1b[01;36m\x1b[Krclcpp\x1b[m\x1b[K::get_logger(const std::string & name);\n'}
[1.356154] (cpp02_service) StderrLine: {'line': b'      |                 \x1b[01;36m\x1b[K^~~~~~\x1b[m\x1b[K\n'}
[1.356169] (cpp02_service) StderrLine: {'line': b'In file included from \x1b[01m\x1b[K/opt/ros/humble/include/rclcpp/rclcpp/client.hpp:40\x1b[m\x1b[K,\n'}
[1.356184] (cpp02_service) StderrLine: {'line': b'                 from \x1b[01m\x1b[K/opt/ros/humble/include/rclcpp/rclcpp/callback_group.hpp:24\x1b[m\x1b[K,\n'}
[1.356198] (cpp02_service) StderrLine: {'line': b'                 from \x1b[01m\x1b[K/opt/ros/humble/include/rclcpp/rclcpp/any_executable.hpp:20\x1b[m\x1b[K,\n'}
[1.356214] (cpp02_service) StderrLine: {'line': b'                 from \x1b[01m\x1b[K/opt/ros/humble/include/rclcpp/rclcpp/memory_strategy.hpp:25\x1b[m\x1b[K,\n'}
[1.356229] (cpp02_service) StderrLine: {'line': b'                 from \x1b[01m\x1b[K/opt/ros/humble/include/rclcpp/rclcpp/memory_strategies.hpp:18\x1b[m\x1b[K,\n'}
[1.356244] (cpp02_service) StderrLine: {'line': b'                 from \x1b[01m\x1b[K/opt/ros/humble/include/rclcpp/rclcpp/executor_options.hpp:20\x1b[m\x1b[K,\n'}
[1.356259] (cpp02_service) StderrLine: {'line': b'                 from \x1b[01m\x1b[K/opt/ros/humble/include/rclcpp/rclcpp/executor.hpp:37\x1b[m\x1b[K,\n'}
[1.356274] (cpp02_service) StderrLine: {'line': b'                 from \x1b[01m\x1b[K/opt/ros/humble/include/rclcpp/rclcpp/executors/multi_threaded_executor.hpp:25\x1b[m\x1b[K,\n'}
[1.356289] (cpp02_service) StderrLine: {'line': b'                 from \x1b[01m\x1b[K/opt/ros/humble/include/rclcpp/rclcpp/executors.hpp:21\x1b[m\x1b[K,\n'}
[1.356306] (cpp02_service) StderrLine: {'line': b'                 from \x1b[01m\x1b[K/opt/ros/humble/include/rclcpp/rclcpp/rclcpp.hpp:155\x1b[m\x1b[K,\n'}
[1.356325] (cpp02_service) StderrLine: {'line': b'                 from \x1b[01m\x1b[K/home/jon/ws01/src/cpp02_service/src/demo02_client.cpp:17\x1b[m\x1b[K:\n'}
[1.356342] (cpp02_service) StderrLine: {'line': b'\x1b[01m\x1b[K/home/jon/ws01/src/cpp02_service/src/demo02_client.cpp:56:7:\x1b[m\x1b[K \x1b[01;31m\x1b[Kerror: \x1b[m\x1b[Ktemplate argument 1 is invalid\n'}
[1.356359] (cpp02_service) StderrLine: {'line': b'   56 |       \x1b[01;31m\x1b[KRCLCPP_INFO\x1b[m\x1b[K(rclcpp::get_logger(), "\xe6\x9c\x8d\xe5\x8a\xa1\xe5\x99\xa8\xe8\xbf\x9e\xe6\x8e\xa5\xe4\xb8\xad...");\n'}
[1.356375] (cpp02_service) StderrLine: {'line': b'      |       \x1b[01;31m\x1b[K^~~~~~~~~~~\x1b[m\x1b[K\n'}
[1.356391] (cpp02_service) StderrLine: {'line': b'In file included from \x1b[01m\x1b[K/opt/ros/humble/include/rclcpp/rclcpp/logging.hpp:24\x1b[m\x1b[K,\n'}
[1.356407] (cpp02_service) StderrLine: {'line': b'                 from \x1b[01m\x1b[K/opt/ros/humble/include/rclcpp/rclcpp/client.hpp:40\x1b[m\x1b[K,\n'}
[1.356423] (cpp02_service) StderrLine: {'line': b'                 from \x1b[01m\x1b[K/opt/ros/humble/include/rclcpp/rclcpp/callback_group.hpp:24\x1b[m\x1b[K,\n'}
[1.356439] (cpp02_service) StderrLine: {'line': b'                 from \x1b[01m\x1b[K/opt/ros/humble/include/rclcpp/rclcpp/any_executable.hpp:20\x1b[m\x1b[K,\n'}
[1.356550] (cpp02_service) StderrLine: {'line': b'                 from \x1b[01m\x1b[K/opt/ros/humble/include/rclcpp/rclcpp/memory_strategy.hpp:25\x1b[m\x1b[K,\n'}
[1.356572] (cpp02_service) StderrLine: {'line': b'                 from \x1b[01m\x1b[K/opt/ros/humble/include/rclcpp/rclcpp/memory_strategies.hpp:18\x1b[m\x1b[K,\n'}
[1.356591] (cpp02_service) StderrLine: {'line': b'                 from \x1b[01m\x1b[K/opt/ros/humble/include/rclcpp/rclcpp/executor_options.hpp:20\x1b[m\x1b[K,\n'}
[1.356609] (cpp02_service) StderrLine: {'line': b'                 from \x1b[01m\x1b[K/opt/ros/humble/include/rclcpp/rclcpp/executor.hpp:37\x1b[m\x1b[K,\n'}
[1.356627] (cpp02_service) StderrLine: {'line': b'                 from \x1b[01m\x1b[K/opt/ros/humble/include/rclcpp/rclcpp/executors/multi_threaded_executor.hpp:25\x1b[m\x1b[K,\n'}
[1.356644] (cpp02_service) StderrLine: {'line': b'                 from \x1b[01m\x1b[K/opt/ros/humble/include/rclcpp/rclcpp/executors.hpp:21\x1b[m\x1b[K,\n'}
[1.356661] (cpp02_service) StderrLine: {'line': b'                 from \x1b[01m\x1b[K/opt/ros/humble/include/rclcpp/rclcpp/rclcpp.hpp:155\x1b[m\x1b[K,\n'}
[1.356677] (cpp02_service) StderrLine: {'line': b'                 from \x1b[01m\x1b[K/home/jon/ws01/src/cpp02_service/src/demo02_client.cpp:17\x1b[m\x1b[K:\n'}
[1.356693] (cpp02_service) StderrLine: {'line': b'\x1b[01m\x1b[K/home/jon/ws01/src/cpp02_service/src/demo02_client.cpp:56:37:\x1b[m\x1b[K \x1b[01;31m\x1b[Kerror: \x1b[m\x1b[Ktoo few arguments to function \xe2\x80\x98\x1b[01m\x1b[Krclcpp::Logger rclcpp::get_logger(const string&)\x1b[m\x1b[K\xe2\x80\x99\n'}
[1.356710] (cpp02_service) StderrLine: {'line': b'   56 |       RCLCPP_INFO(\x1b[01;31m\x1b[Krclcpp::get_logger()\x1b[m\x1b[K, "\xe6\x9c\x8d\xe5\x8a\xa1\xe5\x99\xa8\xe8\xbf\x9e\xe6\x8e\xa5\xe4\xb8\xad...");\n'}
[1.356726] (cpp02_service) StderrLine: {'line': b'      |                   \x1b[01;31m\x1b[K~~~~~~~~~~~~~~~~~~^~\x1b[m\x1b[K\n'}
[1.356743] (cpp02_service) StderrLine: {'line': b'In file included from \x1b[01m\x1b[K/opt/ros/humble/include/rclcpp/rclcpp/logging.hpp:23\x1b[m\x1b[K,\n'}
[1.356758] (cpp02_service) StderrLine: {'line': b'                 from \x1b[01m\x1b[K/opt/ros/humble/include/rclcpp/rclcpp/client.hpp:40\x1b[m\x1b[K,\n'}
[1.356773] (cpp02_service) StderrLine: {'line': b'                 from \x1b[01m\x1b[K/opt/ros/humble/include/rclcpp/rclcpp/callback_group.hpp:24\x1b[m\x1b[K,\n'}
[1.356789] (cpp02_service) StderrLine: {'line': b'                 from \x1b[01m\x1b[K/opt/ros/humble/include/rclcpp/rclcpp/any_executable.hpp:20\x1b[m\x1b[K,\n'}
[1.356804] (cpp02_service) StderrLine: {'line': b'                 from \x1b[01m\x1b[K/opt/ros/humble/include/rclcpp/rclcpp/memory_strategy.hpp:25\x1b[m\x1b[K,\n'}
[1.356821] (cpp02_service) StderrLine: {'line': b'                 from \x1b[01m\x1b[K/opt/ros/humble/include/rclcpp/rclcpp/memory_strategies.hpp:18\x1b[m\x1b[K,\n'}
[1.356839] (cpp02_service) StderrLine: {'line': b'                 from \x1b[01m\x1b[K/opt/ros/humble/include/rclcpp/rclcpp/executor_options.hpp:20\x1b[m\x1b[K,\n'}
[1.356854] (cpp02_service) StderrLine: {'line': b'                 from \x1b[01m\x1b[K/opt/ros/humble/include/rclcpp/rclcpp/executor.hpp:37\x1b[m\x1b[K,\n'}
[1.356869] (cpp02_service) StderrLine: {'line': b'                 from \x1b[01m\x1b[K/opt/ros/humble/include/rclcpp/rclcpp/executors/multi_threaded_executor.hpp:25\x1b[m\x1b[K,\n'}
[1.356884] (cpp02_service) StderrLine: {'line': b'                 from \x1b[01m\x1b[K/opt/ros/humble/include/rclcpp/rclcpp/executors.hpp:21\x1b[m\x1b[K,\n'}
[1.356899] (cpp02_service) StderrLine: {'line': b'                 from \x1b[01m\x1b[K/opt/ros/humble/include/rclcpp/rclcpp/rclcpp.hpp:155\x1b[m\x1b[K,\n'}
[1.356914] (cpp02_service) StderrLine: {'line': b'                 from \x1b[01m\x1b[K/home/jon/ws01/src/cpp02_service/src/demo02_client.cpp:17\x1b[m\x1b[K:\n'}
[1.356933] (cpp02_service) StderrLine: {'line': b'\x1b[01m\x1b[K/opt/ros/humble/include/rclcpp/rclcpp/logger.hpp:106:17:\x1b[m\x1b[K \x1b[01;36m\x1b[Knote: \x1b[m\x1b[Kdeclared here\n'}
[1.356949] (cpp02_service) StderrLine: {'line': b'  106 |   friend Logger \x1b[01;36m\x1b[Krclcpp\x1b[m\x1b[K::get_logger(const std::string & name);\n'}
[1.356965] (cpp02_service) StderrLine: {'line': b'      |                 \x1b[01;36m\x1b[K^~~~~~\x1b[m\x1b[K\n'}
[1.356981] (cpp02_service) StderrLine: {'line': b'In file included from \x1b[01m\x1b[K/opt/ros/humble/include/rclcpp/rclcpp/logging.hpp:24\x1b[m\x1b[K,\n'}
[1.356997] (cpp02_service) StderrLine: {'line': b'                 from \x1b[01m\x1b[K/opt/ros/humble/include/rclcpp/rclcpp/client.hpp:40\x1b[m\x1b[K,\n'}
[1.357013] (cpp02_service) StderrLine: {'line': b'                 from \x1b[01m\x1b[K/opt/ros/humble/include/rclcpp/rclcpp/callback_group.hpp:24\x1b[m\x1b[K,\n'}
[1.357028] (cpp02_service) StderrLine: {'line': b'                 from \x1b[01m\x1b[K/opt/ros/humble/include/rclcpp/rclcpp/any_executable.hpp:20\x1b[m\x1b[K,\n'}
[1.357042] (cpp02_service) StderrLine: {'line': b'                 from \x1b[01m\x1b[K/opt/ros/humble/include/rclcpp/rclcpp/memory_strategy.hpp:25\x1b[m\x1b[K,\n'}
[1.357057] (cpp02_service) StderrLine: {'line': b'                 from \x1b[01m\x1b[K/opt/ros/humble/include/rclcpp/rclcpp/memory_strategies.hpp:18\x1b[m\x1b[K,\n'}
[1.357071] (cpp02_service) StderrLine: {'line': b'                 from \x1b[01m\x1b[K/opt/ros/humble/include/rclcpp/rclcpp/executor_options.hpp:20\x1b[m\x1b[K,\n'}
[1.357085] (cpp02_service) StderrLine: {'line': b'                 from \x1b[01m\x1b[K/opt/ros/humble/include/rclcpp/rclcpp/executor.hpp:37\x1b[m\x1b[K,\n'}
[1.357100] (cpp02_service) StderrLine: {'line': b'                 from \x1b[01m\x1b[K/opt/ros/humble/include/rclcpp/rclcpp/executors/multi_threaded_executor.hpp:25\x1b[m\x1b[K,\n'}
[1.357116] (cpp02_service) StderrLine: {'line': b'                 from \x1b[01m\x1b[K/opt/ros/humble/include/rclcpp/rclcpp/executors.hpp:21\x1b[m\x1b[K,\n'}
[1.357132] (cpp02_service) StderrLine: {'line': b'                 from \x1b[01m\x1b[K/opt/ros/humble/include/rclcpp/rclcpp/rclcpp.hpp:155\x1b[m\x1b[K,\n'}
[1.357146] (cpp02_service) StderrLine: {'line': b'                 from \x1b[01m\x1b[K/home/jon/ws01/src/cpp02_service/src/demo02_client.cpp:17\x1b[m\x1b[K:\n'}
[1.357161] (cpp02_service) StderrLine: {'line': b'\x1b[01m\x1b[K/home/jon/ws01/src/cpp02_service/src/demo02_client.cpp:56:37:\x1b[m\x1b[K \x1b[01;31m\x1b[Kerror: \x1b[m\x1b[Ktoo few arguments to function \xe2\x80\x98\x1b[01m\x1b[Krclcpp::Logger rclcpp::get_logger(const string&)\x1b[m\x1b[K\xe2\x80\x99\n'}
[1.357176] (cpp02_service) StderrLine: {'line': b'   56 |       RCLCPP_INFO(\x1b[01;31m\x1b[Krclcpp::get_logger()\x1b[m\x1b[K, "\xe6\x9c\x8d\xe5\x8a\xa1\xe5\x99\xa8\xe8\xbf\x9e\xe6\x8e\xa5\xe4\xb8\xad...");\n'}
[1.357190] (cpp02_service) StderrLine: {'line': b'      |                   \x1b[01;31m\x1b[K~~~~~~~~~~~~~~~~~~^~\x1b[m\x1b[K\n'}
[1.357205] (cpp02_service) StderrLine: {'line': b'In file included from \x1b[01m\x1b[K/opt/ros/humble/include/rclcpp/rclcpp/logging.hpp:23\x1b[m\x1b[K,\n'}
[1.357220] (cpp02_service) StderrLine: {'line': b'                 from \x1b[01m\x1b[K/opt/ros/humble/include/rclcpp/rclcpp/client.hpp:40\x1b[m\x1b[K,\n'}
[1.357234] (cpp02_service) StderrLine: {'line': b'                 from \x1b[01m\x1b[K/opt/ros/humble/include/rclcpp/rclcpp/callback_group.hpp:24\x1b[m\x1b[K,\n'}
[1.357250] (cpp02_service) StderrLine: {'line': b'                 from \x1b[01m\x1b[K/opt/ros/humble/include/rclcpp/rclcpp/any_executable.hpp:20\x1b[m\x1b[K,\n'}
[1.357264] (cpp02_service) StderrLine: {'line': b'                 from \x1b[01m\x1b[K/opt/ros/humble/include/rclcpp/rclcpp/memory_strategy.hpp:25\x1b[m\x1b[K,\n'}
[1.357280] (cpp02_service) StderrLine: {'line': b'                 from \x1b[01m\x1b[K/opt/ros/humble/include/rclcpp/rclcpp/memory_strategies.hpp:18\x1b[m\x1b[K,\n'}
[1.357295] (cpp02_service) StderrLine: {'line': b'                 from \x1b[01m\x1b[K/opt/ros/humble/include/rclcpp/rclcpp/executor_options.hpp:20\x1b[m\x1b[K,\n'}
[1.357309] (cpp02_service) StderrLine: {'line': b'                 from \x1b[01m\x1b[K/opt/ros/humble/include/rclcpp/rclcpp/executor.hpp:37\x1b[m\x1b[K,\n'}
[1.357324] (cpp02_service) StderrLine: {'line': b'                 from \x1b[01m\x1b[K/opt/ros/humble/include/rclcpp/rclcpp/executors/multi_threaded_executor.hpp:25\x1b[m\x1b[K,\n'}
[1.357338] (cpp02_service) StderrLine: {'line': b'                 from \x1b[01m\x1b[K/opt/ros/humble/include/rclcpp/rclcpp/executors.hpp:21\x1b[m\x1b[K,\n'}
[1.357353] (cpp02_service) StderrLine: {'line': b'                 from \x1b[01m\x1b[K/opt/ros/humble/include/rclcpp/rclcpp/rclcpp.hpp:155\x1b[m\x1b[K,\n'}
[1.357368] (cpp02_service) StderrLine: {'line': b'                 from \x1b[01m\x1b[K/home/jon/ws01/src/cpp02_service/src/demo02_client.cpp:17\x1b[m\x1b[K:\n'}
[1.357384] (cpp02_service) StderrLine: {'line': b'\x1b[01m\x1b[K/opt/ros/humble/include/rclcpp/rclcpp/logger.hpp:106:17:\x1b[m\x1b[K \x1b[01;36m\x1b[Knote: \x1b[m\x1b[Kdeclared here\n'}
[1.357401] (cpp02_service) StderrLine: {'line': b'  106 |   friend Logger \x1b[01;36m\x1b[Krclcpp\x1b[m\x1b[K::get_logger(const std::string & name);\n'}
[1.357418] (cpp02_service) StderrLine: {'line': b'      |                 \x1b[01;36m\x1b[K^~~~~~\x1b[m\x1b[K\n'}
[1.403319] (-) TimerEvent: {}
[1.503565] (-) TimerEvent: {}
[1.604080] (-) TimerEvent: {}
[1.610827] (cpp02_service) StderrLine: {'line': b'gmake[2]: *** [CMakeFiles/demo02_client.dir/build.make:76\xef\xbc\x9aCMakeFiles/demo02_client.dir/src/demo02_client.cpp.o] \xe9\x94\x99\xe8\xaf\xaf 1\n'}
[1.610981] (cpp02_service) StderrLine: {'line': b'gmake[1]: *** [CMakeFiles/Makefile2:165\xef\xbc\x9aCMakeFiles/demo02_client.dir/all] \xe9\x94\x99\xe8\xaf\xaf 2\n'}
[1.611729] (cpp02_service) StderrLine: {'line': b'gmake: *** [Makefile:146\xef\xbc\x9aall] \xe9\x94\x99\xe8\xaf\xaf 2\n'}
[1.614784] (cpp02_service) CommandEnded: {'returncode': 2}
[1.616300] (cpp02_service) JobEnded: {'identifier': 'cpp02_service', 'rc': 2}
[1.626721] (-) EventReactorShutdown: {}
