[0.000000] (-) TimerEvent: {}
[0.000115] (base_demo) JobQueued: {'identifier': 'base_demo', 'dependencies': OrderedDict()}
[0.000133] (cpp01_topic) JobQueued: {'identifier': 'cpp01_topic', 'dependencies': OrderedDict([('base_demo', '/home/jon/ws01/install/base_demo')])}
[0.000145] (cpp02_service) JobQueued: {'identifier': 'cpp02_service', 'dependencies': OrderedDict([('base_demo', '/home/jon/ws01/install/base_demo')])}
[0.000154] (base_demo) JobStarted: {'identifier': 'base_demo'}
[0.009674] (base_demo) JobProgress: {'identifier': 'base_demo', 'progress': 'cmake'}
[0.009737] (base_demo) JobProgress: {'identifier': 'base_demo', 'progress': 'build'}
[0.009750] (base_demo) Command: {'cmd': ['/usr/bin/cmake', '--build', '/home/jon/ws01/build/base_demo', '--', '-j24', '-l24'], 'cwd': '/home/jon/ws01/build/base_demo', 'env': OrderedDict([('GJS_DEBUG_TOPICS', 'JS ERROR;JS LOG'), ('PYTHON_BASIC_REPL', '1'), ('LESSOPEN', '| /usr/bin/lesspipe %s'), ('HTTPS_PROXY', 'http://127.0.0.1:7890'), ('no_proxy', 'localhost,127.0.0.0/8,::1'), ('LANGUAGE', 'zh_CN:zh'), ('USER', 'jon'), ('all_proxy', 'socks5h://127.0.0.1:7890'), ('XDG_SESSION_TYPE', 'x11'), ('GIT_ASKPASS', '/usr/share/code/resources/app/extensions/git/dist/askpass.sh'), ('SHLVL', '1'), ('LD_LIBRARY_PATH', '/home/jon/ws01/install/base_demo/lib:/opt/ros/humble/opt/rviz_ogre_vendor/lib:/opt/ros/humble/lib/x86_64-linux-gnu:/opt/ros/humble/lib'), ('HOME', '/home/jon'), ('CHROME_DESKTOP', 'code.desktop'), ('TERM_PROGRAM_VERSION', '1.138.0'), ('DESKTOP_SESSION', 'ubuntu'), ('NO_PROXY', 'localhost,127.0.0.0/8,::1'), ('GIO_LAUNCHED_DESKTOP_FILE', '/usr/share/applications/code.desktop'), ('ROS_PYTHON_VERSION', '3'), ('GNOME_SHELL_SESSION_MODE', 'ubuntu'), ('GTK_MODULES', 'gail:atk-bridge'), ('VSCODE_GIT_ASKPASS_MAIN', '/usr/share/code/resources/app/extensions/git/dist/askpass-main.js'), ('VSCODE_GIT_ASKPASS_NODE', '/usr/share/code/code'), ('MANAGERPID', '1286'), ('PYDEVD_DISABLE_FILE_VALIDATION', '1'), ('SYSTEMD_EXEC_PID', '2464'), ('BUNDLED_DEBUGPY_PATH', '/home/jon/.vscode/extensions/ms-python.debugpy-2026.6.0-linux-x64/bundled/libs/debugpy'), ('VSCODE_PYTHON_AUTOACTIVATE_GUARD', '1'), ('DBUS_SESSION_BUS_ADDRESS', 'unix:path=/run/user/1000/bus'), ('COLORTERM', 'truecolor'), ('GIO_LAUNCHED_DESKTOP_FILE_PID', '4092'), ('IM_CONFIG_PHASE', '1'), ('https_proxy', 'http://127.0.0.1:7890'), ('COLCON_PREFIX_PATH', '/home/jon/ws01/install:/home/jon/ros2_ws/install'), ('ROS_DISTRO', 'humble'), ('LOGNAME', 'jon'), ('ALL_PROXY', 'socks5h://127.0.0.1:7890'), ('http_proxy', 'http://127.0.0.1:7890'), ('JOURNAL_STREAM', '8:15521'), ('_', '/usr/bin/colcon'), ('ROS_VERSION', '2'), ('XDG_SESSION_CLASS', 'user'), ('USERNAME', 'jon'), ('TERM', 'xterm-256color'), ('GNOME_DESKTOP_SESSION_ID', 'this-is-deprecated'), ('FC_FONTATIONS', '1'), ('ROS_LOCALHOST_ONLY', '0'), ('WINDOWPATH', '2'), ('PATH', '/home/jon/.config/Code/User/globalStorage/github.copilot-chat/debugCommand:/home/jon/.config/Code/User/globalStorage/github.copilot-chat/copilotCli:/home/jon/.local/bin:/opt/ros/humble/bin:/home/jon/.local/bin:/home/jon/.local/bin:/usr/local/sbin:/usr/local/bin:/usr/sbin:/usr/bin:/sbin:/bin:/usr/games:/usr/local/games:/snap/bin:/snap/bin:/home/jon/.vscode/extensions/ms-python.debugpy-2026.6.0-linux-x64/bundled/scripts/noConfigScripts'), ('SESSION_MANAGER', 'local/WJ:@/tmp/.ICE-unix/2436,unix/WJ:/tmp/.ICE-unix/2436'), ('INVOCATION_ID', 'dc714fa0cdc34e3a9439b83ad9a63145'), ('XDG_MENU_PREFIX', 'gnome-'), ('XDG_RUNTIME_DIR', '/run/user/1000'), ('GDK_BACKEND', 'x11'), ('DISPLAY', ':0'), ('VSCODE_DEBUGPY_ADAPTER_ENDPOINTS', '/home/jon/.vscode/extensions/ms-python.debugpy-2026.6.0-linux-x64/.noConfigDebugAdapterEndpoints/endpoint-b8a5c5d86f95c8fb.txt'), ('LANG', 'zh_CN.UTF-8'), ('XDG_CURRENT_DESKTOP', 'ubuntu:GNOME'), ('PYTHONSTARTUP', '/home/jon/.config/Code/User/workspaceStorage/1f60e15f81795b7429f56f0c0e99fe64/ms-python.python/pythonrc.py'), ('XMODIFIERS', '@im=ibus'), ('XDG_SESSION_DESKTOP', 'ubuntu'), ('XAUTHORITY', '/run/user/1000/gdm/Xauthority'), ('LS_COLORS', 'rs=0:di=01;34:ln=01;36:mh=00:pi=40;33:so=01;35:do=01;35:bd=40;33;01:cd=40;33;01:or=40;31;01:mi=00:su=37;41:sg=30;43:ca=30;41:tw=30;42:ow=34;42:st=37;44:ex=01;32:*.tar=01;31:*.tgz=01;31:*.arc=01;31:*.arj=01;31:*.taz=01;31:*.lha=01;31:*.lz4=01;31:*.lzh=01;31:*.lzma=01;31:*.tlz=01;31:*.txz=01;31:*.tzo=01;31:*.t7z=01;31:*.zip=01;31:*.z=01;31:*.dz=01;31:*.gz=01;31:*.lrz=01;31:*.lz=01;31:*.lzo=01;31:*.xz=01;31:*.zst=01;31:*.tzst=01;31:*.bz2=01;31:*.bz=01;31:*.tbz=01;31:*.tbz2=01;31:*.tz=01;31:*.deb=01;31:*.rpm=01;31:*.jar=01;31:*.war=01;31:*.ear=01;31:*.sar=01;31:*.rar=01;31:*.alz=01;31:*.ace=01;31:*.zoo=01;31:*.cpio=01;31:*.7z=01;31:*.rz=01;31:*.cab=01;31:*.wim=01;31:*.swm=01;31:*.dwm=01;31:*.esd=01;31:*.jpg=01;35:*.jpeg=01;35:*.mjpg=01;35:*.mjpeg=01;35:*.gif=01;35:*.bmp=01;35:*.pbm=01;35:*.pgm=01;35:*.ppm=01;35:*.tga=01;35:*.xbm=01;35:*.xpm=01;35:*.tif=01;35:*.tiff=01;35:*.png=01;35:*.svg=01;35:*.svgz=01;35:*.mng=01;35:*.pcx=01;35:*.mov=01;35:*.mpg=01;35:*.mpeg=01;35:*.m2v=01;35:*.mkv=01;35:*.webm=01;35:*.webp=01;35:*.ogm=01;35:*.mp4=01;35:*.m4v=01;35:*.mp4v=01;35:*.vob=01;35:*.qt=01;35:*.nuv=01;35:*.wmv=01;35:*.asf=01;35:*.rm=01;35:*.rmvb=01;35:*.flc=01;35:*.avi=01;35:*.fli=01;35:*.flv=01;35:*.gl=01;35:*.dl=01;35:*.xcf=01;35:*.xwd=01;35:*.yuv=01;35:*.cgm=01;35:*.emf=01;35:*.ogv=01;35:*.ogx=01;35:*.aac=00;36:*.au=00;36:*.flac=00;36:*.m4a=00;36:*.mid=00;36:*.midi=00;36:*.mka=00;36:*.mp3=00;36:*.mpc=00;36:*.ogg=00;36:*.ra=00;36:*.wav=00;36:*.oga=00;36:*.opus=00;36:*.spx=00;36:*.xspf=00;36:'), ('VSCODE_GIT_IPC_HANDLE', '/run/user/1000/vscode-git-81883a5c4f.sock'), ('TERM_PROGRAM', 'vscode'), ('SSH_AGENT_LAUNCHER', 'gnome-keyring'), ('SSH_AUTH_SOCK', '/run/user/1000/keyring/ssh'), ('AMENT_PREFIX_PATH', '/home/jon/ws01/install/cpp02_service:/home/jon/ws01/install/cpp01_topic:/home/jon/ws01/install/base_demo:/home/jon/ros2_ws/install/hellovscode_cpp:/home/jon/ros2_ws/install/hello_cpp:/opt/ros/humble'), ('SHELL', '/bin/bash'), ('QT_ACCESSIBILITY', '1'), ('GDMSESSION', 'ubuntu'), ('LESSCLOSE', '/usr/bin/lesspipe %s %s'), ('GPG_AGENT_INFO', '/run/user/1000/gnupg/S.gpg-agent:0:1'), ('GJS_DEBUG_OUTPUT', 'stderr'), ('VSCODE_GIT_ASKPASS_EXTRA_ARGS', ''), ('QT_IM_MODULE', 'ibus'), ('PWD', '/home/jon/ws01/build/base_demo'), ('XDG_CONFIG_DIRS', '/etc/xdg/xdg-ubuntu:/etc/xdg'), ('COPILOT_DEBUG_NONCE', '20fc3c0b33e88ebaf2914c4d51f59b28'), ('XDG_DATA_DIRS', '/usr/share/gnome:/usr/share/ubuntu:/usr/local/share/:/usr/share/:/var/lib/snapd/desktop'), ('PYTHONPATH', '/home/jon/ws01/install/base_demo/local/lib/python3.10/dist-packages:/opt/ros/humble/lib/python3.10/site-packages:/opt/ros/humble/local/lib/python3.10/dist-packages'), ('HTTP_PROXY', 'http://127.0.0.1:7890'), ('COLCON', '1'), ('CMAKE_PREFIX_PATH', '/home/jon/ws01/install/cpp02_service:/home/jon/ws01/install/cpp01_topic:/home/jon/ws01/install/base_demo:/home/jon/ros2_ws/install/hellovscode_cpp:/home/jon/ros2_ws/install/hello_cpp:/opt/ros/humble')]), 'shell': False}
[0.046288] (base_demo) StdoutLine: {'line': b'[ 10%] Built target base_demo__rosidl_generator_c\n'}
[0.046555] (base_demo) StdoutLine: {'line': b'[ 12%] Built target base_demo__cpp\n'}
[0.047599] (base_demo) StdoutLine: {'line': b'[ 15%] Built target base_demo__rs\n'}
[0.054348] (base_demo) StdoutLine: {'line': b'[ 15%] Built target ament_cmake_python_copy_base_demo\n'}
[0.063738] (base_demo) StdoutLine: {'line': b'[ 42%] Built target base_demo__rosidl_typesupport_introspection_c\n'}
[0.063875] (base_demo) StdoutLine: {'line': b'[ 42%] Built target base_demo__rosidl_typesupport_fastrtps_c\n'}
[0.063911] (base_demo) StdoutLine: {'line': b'[ 45%] Built target base_demo__rosidl_typesupport_c\n'}
[0.064454] (base_demo) StdoutLine: {'line': b'[ 55%] Built target base_demo__rosidl_typesupport_fastrtps_cpp\n'}
[0.065390] (base_demo) StdoutLine: {'line': b'[ 65%] Built target base_demo__rosidl_typesupport_introspection_cpp\n'}
[0.066856] (base_demo) StdoutLine: {'line': b'[ 75%] Built target base_demo__rosidl_typesupport_cpp\n'}
[0.080262] (base_demo) StdoutLine: {'line': b'[ 75%] Built target base_demo\n'}
[0.091234] (base_demo) StdoutLine: {'line': b'[ 77%] Built target base_demo__py\n'}
[0.099446] (-) TimerEvent: {}
[0.103740] (base_demo) StdoutLine: {'line': b'[ 85%] Built target base_demo__rosidl_generator_py\n'}
[0.115824] (base_demo) StdoutLine: {'line': b'[ 90%] Built target base_demo__rosidl_typesupport_fastrtps_c__pyext\n'}
[0.116415] (base_demo) StdoutLine: {'line': b'[ 95%] Built target base_demo__rosidl_typesupport_introspection_c__pyext\n'}
[0.119630] (base_demo) StdoutLine: {'line': b'[100%] Built target base_demo__rosidl_typesupport_c__pyext\n'}
[0.162073] (base_demo) StdoutLine: {'line': b'running egg_info\n'}
[0.162313] (base_demo) StdoutLine: {'line': b'writing base_demo.egg-info/PKG-INFO\n'}
[0.162424] (base_demo) StdoutLine: {'line': b'writing dependency_links to base_demo.egg-info/dependency_links.txt\n'}
[0.162489] (base_demo) StdoutLine: {'line': b'writing top-level names to base_demo.egg-info/top_level.txt\n'}
[0.163292] (base_demo) StdoutLine: {'line': b"reading manifest file 'base_demo.egg-info/SOURCES.txt'\n"}
[0.163527] (base_demo) StdoutLine: {'line': b"writing manifest file 'base_demo.egg-info/SOURCES.txt'\n"}
[0.177758] (base_demo) StdoutLine: {'line': b'[100%] Built target ament_cmake_python_build_base_demo_egg\n'}
[0.185337] (base_demo) CommandEnded: {'returncode': 0}
[0.186012] (base_demo) JobProgress: {'identifier': 'base_demo', 'progress': 'install'}
[0.191547] (base_demo) Command: {'cmd': ['/usr/bin/cmake', '--install', '/home/jon/ws01/build/base_demo'], 'cwd': '/home/jon/ws01/build/base_demo', 'env': OrderedDict([('GJS_DEBUG_TOPICS', 'JS ERROR;JS LOG'), ('PYTHON_BASIC_REPL', '1'), ('LESSOPEN', '| /usr/bin/lesspipe %s'), ('HTTPS_PROXY', 'http://127.0.0.1:7890'), ('no_proxy', 'localhost,127.0.0.0/8,::1'), ('LANGUAGE', 'zh_CN:zh'), ('USER', 'jon'), ('all_proxy', 'socks5h://127.0.0.1:7890'), ('XDG_SESSION_TYPE', 'x11'), ('GIT_ASKPASS', '/usr/share/code/resources/app/extensions/git/dist/askpass.sh'), ('SHLVL', '1'), ('LD_LIBRARY_PATH', '/home/jon/ws01/install/base_demo/lib:/opt/ros/humble/opt/rviz_ogre_vendor/lib:/opt/ros/humble/lib/x86_64-linux-gnu:/opt/ros/humble/lib'), ('HOME', '/home/jon'), ('CHROME_DESKTOP', 'code.desktop'), ('TERM_PROGRAM_VERSION', '1.138.0'), ('DESKTOP_SESSION', 'ubuntu'), ('NO_PROXY', 'localhost,127.0.0.0/8,::1'), ('GIO_LAUNCHED_DESKTOP_FILE', '/usr/share/applications/code.desktop'), ('ROS_PYTHON_VERSION', '3'), ('GNOME_SHELL_SESSION_MODE', 'ubuntu'), ('GTK_MODULES', 'gail:atk-bridge'), ('VSCODE_GIT_ASKPASS_MAIN', '/usr/share/code/resources/app/extensions/git/dist/askpass-main.js'), ('VSCODE_GIT_ASKPASS_NODE', '/usr/share/code/code'), ('MANAGERPID', '1286'), ('PYDEVD_DISABLE_FILE_VALIDATION', '1'), ('SYSTEMD_EXEC_PID', '2464'), ('BUNDLED_DEBUGPY_PATH', '/home/jon/.vscode/extensions/ms-python.debugpy-2026.6.0-linux-x64/bundled/libs/debugpy'), ('VSCODE_PYTHON_AUTOACTIVATE_GUARD', '1'), ('DBUS_SESSION_BUS_ADDRESS', 'unix:path=/run/user/1000/bus'), ('COLORTERM', 'truecolor'), ('GIO_LAUNCHED_DESKTOP_FILE_PID', '4092'), ('IM_CONFIG_PHASE', '1'), ('https_proxy', 'http://127.0.0.1:7890'), ('COLCON_PREFIX_PATH', '/home/jon/ws01/install:/home/jon/ros2_ws/install'), ('ROS_DISTRO', 'humble'), ('LOGNAME', 'jon'), ('ALL_PROXY', 'socks5h://127.0.0.1:7890'), ('http_proxy', 'http://127.0.0.1:7890'), ('JOURNAL_STREAM', '8:15521'), ('_', '/usr/bin/colcon'), ('ROS_VERSION', '2'), ('XDG_SESSION_CLASS', 'user'), ('USERNAME', 'jon'), ('TERM', 'xterm-256color'), ('GNOME_DESKTOP_SESSION_ID', 'this-is-deprecated'), ('FC_FONTATIONS', '1'), ('ROS_LOCALHOST_ONLY', '0'), ('WINDOWPATH', '2'), ('PATH', '/home/jon/.config/Code/User/globalStorage/github.copilot-chat/debugCommand:/home/jon/.config/Code/User/globalStorage/github.copilot-chat/copilotCli:/home/jon/.local/bin:/opt/ros/humble/bin:/home/jon/.local/bin:/home/jon/.local/bin:/usr/local/sbin:/usr/local/bin:/usr/sbin:/usr/bin:/sbin:/bin:/usr/games:/usr/local/games:/snap/bin:/snap/bin:/home/jon/.vscode/extensions/ms-python.debugpy-2026.6.0-linux-x64/bundled/scripts/noConfigScripts'), ('SESSION_MANAGER', 'local/WJ:@/tmp/.ICE-unix/2436,unix/WJ:/tmp/.ICE-unix/2436'), ('INVOCATION_ID', 'dc714fa0cdc34e3a9439b83ad9a63145'), ('XDG_MENU_PREFIX', 'gnome-'), ('XDG_RUNTIME_DIR', '/run/user/1000'), ('GDK_BACKEND', 'x11'), ('DISPLAY', ':0'), ('VSCODE_DEBUGPY_ADAPTER_ENDPOINTS', '/home/jon/.vscode/extensions/ms-python.debugpy-2026.6.0-linux-x64/.noConfigDebugAdapterEndpoints/endpoint-b8a5c5d86f95c8fb.txt'), ('LANG', 'zh_CN.UTF-8'), ('XDG_CURRENT_DESKTOP', 'ubuntu:GNOME'), ('PYTHONSTARTUP', '/home/jon/.config/Code/User/workspaceStorage/1f60e15f81795b7429f56f0c0e99fe64/ms-python.python/pythonrc.py'), ('XMODIFIERS', '@im=ibus'), ('XDG_SESSION_DESKTOP', 'ubuntu'), ('XAUTHORITY', '/run/user/1000/gdm/Xauthority'), ('LS_COLORS', 'rs=0:di=01;34:ln=01;36:mh=00:pi=40;33:so=01;35:do=01;35:bd=40;33;01:cd=40;33;01:or=40;31;01:mi=00:su=37;41:sg=30;43:ca=30;41:tw=30;42:ow=34;42:st=37;44:ex=01;32:*.tar=01;31:*.tgz=01;31:*.arc=01;31:*.arj=01;31:*.taz=01;31:*.lha=01;31:*.lz4=01;31:*.lzh=01;31:*.lzma=01;31:*.tlz=01;31:*.txz=01;31:*.tzo=01;31:*.t7z=01;31:*.zip=01;31:*.z=01;31:*.dz=01;31:*.gz=01;31:*.lrz=01;31:*.lz=01;31:*.lzo=01;31:*.xz=01;31:*.zst=01;31:*.tzst=01;31:*.bz2=01;31:*.bz=01;31:*.tbz=01;31:*.tbz2=01;31:*.tz=01;31:*.deb=01;31:*.rpm=01;31:*.jar=01;31:*.war=01;31:*.ear=01;31:*.sar=01;31:*.rar=01;31:*.alz=01;31:*.ace=01;31:*.zoo=01;31:*.cpio=01;31:*.7z=01;31:*.rz=01;31:*.cab=01;31:*.wim=01;31:*.swm=01;31:*.dwm=01;31:*.esd=01;31:*.jpg=01;35:*.jpeg=01;35:*.mjpg=01;35:*.mjpeg=01;35:*.gif=01;35:*.bmp=01;35:*.pbm=01;35:*.pgm=01;35:*.ppm=01;35:*.tga=01;35:*.xbm=01;35:*.xpm=01;35:*.tif=01;35:*.tiff=01;35:*.png=01;35:*.svg=01;35:*.svgz=01;35:*.mng=01;35:*.pcx=01;35:*.mov=01;35:*.mpg=01;35:*.mpeg=01;35:*.m2v=01;35:*.mkv=01;35:*.webm=01;35:*.webp=01;35:*.ogm=01;35:*.mp4=01;35:*.m4v=01;35:*.mp4v=01;35:*.vob=01;35:*.qt=01;35:*.nuv=01;35:*.wmv=01;35:*.asf=01;35:*.rm=01;35:*.rmvb=01;35:*.flc=01;35:*.avi=01;35:*.fli=01;35:*.flv=01;35:*.gl=01;35:*.dl=01;35:*.xcf=01;35:*.xwd=01;35:*.yuv=01;35:*.cgm=01;35:*.emf=01;35:*.ogv=01;35:*.ogx=01;35:*.aac=00;36:*.au=00;36:*.flac=00;36:*.m4a=00;36:*.mid=00;36:*.midi=00;36:*.mka=00;36:*.mp3=00;36:*.mpc=00;36:*.ogg=00;36:*.ra=00;36:*.wav=00;36:*.oga=00;36:*.opus=00;36:*.spx=00;36:*.xspf=00;36:'), ('VSCODE_GIT_IPC_HANDLE', '/run/user/1000/vscode-git-81883a5c4f.sock'), ('TERM_PROGRAM', 'vscode'), ('SSH_AGENT_LAUNCHER', 'gnome-keyring'), ('SSH_AUTH_SOCK', '/run/user/1000/keyring/ssh'), ('AMENT_PREFIX_PATH', '/home/jon/ws01/install/cpp02_service:/home/jon/ws01/install/cpp01_topic:/home/jon/ws01/install/base_demo:/home/jon/ros2_ws/install/hellovscode_cpp:/home/jon/ros2_ws/install/hello_cpp:/opt/ros/humble'), ('SHELL', '/bin/bash'), ('QT_ACCESSIBILITY', '1'), ('GDMSESSION', 'ubuntu'), ('LESSCLOSE', '/usr/bin/lesspipe %s %s'), ('GPG_AGENT_INFO', '/run/user/1000/gnupg/S.gpg-agent:0:1'), ('GJS_DEBUG_OUTPUT', 'stderr'), ('VSCODE_GIT_ASKPASS_EXTRA_ARGS', ''), ('QT_IM_MODULE', 'ibus'), ('PWD', '/home/jon/ws01/build/base_demo'), ('XDG_CONFIG_DIRS', '/etc/xdg/xdg-ubuntu:/etc/xdg'), ('COPILOT_DEBUG_NONCE', '20fc3c0b33e88ebaf2914c4d51f59b28'), ('XDG_DATA_DIRS', '/usr/share/gnome:/usr/share/ubuntu:/usr/local/share/:/usr/share/:/var/lib/snapd/desktop'), ('PYTHONPATH', '/home/jon/ws01/install/base_demo/local/lib/python3.10/dist-packages:/opt/ros/humble/lib/python3.10/site-packages:/opt/ros/humble/local/lib/python3.10/dist-packages'), ('HTTP_PROXY', 'http://127.0.0.1:7890'), ('COLCON', '1'), ('CMAKE_PREFIX_PATH', '/home/jon/ws01/install/cpp02_service:/home/jon/ws01/install/cpp01_topic:/home/jon/ws01/install/base_demo:/home/jon/ros2_ws/install/hellovscode_cpp:/home/jon/ros2_ws/install/hello_cpp:/opt/ros/humble')]), 'shell': False}
[0.195845] (base_demo) StdoutLine: {'line': b'-- Install configuration: ""\n'}
[0.195944] (base_demo) StdoutLine: {'line': b'-- Up-to-date: /home/jon/ws01/install/base_demo/share/ament_index/resource_index/rosidl_interfaces/base_demo\n'}
[0.195994] (base_demo) StdoutLine: {'line': b'-- Up-to-date: /home/jon/ws01/install/base_demo/include/base_demo/base_demo\n'}
[0.196086] (base_demo) StdoutLine: {'line': b'-- Up-to-date: /home/jon/ws01/install/base_demo/include/base_demo/base_demo/msg\n'}
[0.196129] (base_demo) StdoutLine: {'line': b'-- Up-to-date: /home/jon/ws01/install/base_demo/include/base_demo/base_demo/msg/student.h\n'}
[0.196178] (base_demo) StdoutLine: {'line': b'-- Up-to-date: /home/jon/ws01/install/base_demo/include/base_demo/base_demo/msg/detail\n'}
[0.196216] (base_demo) StdoutLine: {'line': b'-- Up-to-date: /home/jon/ws01/install/base_demo/include/base_demo/base_demo/msg/detail/student__struct.h\n'}
[0.196254] (base_demo) StdoutLine: {'line': b'-- Up-to-date: /home/jon/ws01/install/base_demo/include/base_demo/base_demo/msg/detail/student__functions.c\n'}
[0.196291] (base_demo) StdoutLine: {'line': b'-- Up-to-date: /home/jon/ws01/install/base_demo/include/base_demo/base_demo/msg/detail/student__functions.h\n'}
[0.196335] (base_demo) StdoutLine: {'line': b'-- Up-to-date: /home/jon/ws01/install/base_demo/include/base_demo/base_demo/msg/detail/student__type_support.h\n'}
[0.196373] (base_demo) StdoutLine: {'line': b'-- Up-to-date: /home/jon/ws01/install/base_demo/include/base_demo/base_demo/msg/rosidl_generator_c__visibility_control.h\n'}
[0.196410] (base_demo) StdoutLine: {'line': b'-- Up-to-date: /home/jon/ws01/install/base_demo/include/base_demo/base_demo/srv\n'}
[0.196451] (base_demo) StdoutLine: {'line': b'-- Up-to-date: /home/jon/ws01/install/base_demo/include/base_demo/base_demo/srv/addints.h\n'}
[0.196689] (base_demo) StdoutLine: {'line': b'-- Up-to-date: /home/jon/ws01/install/base_demo/include/base_demo/base_demo/srv/detail\n'}
[0.197073] (base_demo) StdoutLine: {'line': b'-- Up-to-date: /home/jon/ws01/install/base_demo/include/base_demo/base_demo/srv/detail/addints__type_support.h\n'}
[0.197105] (base_demo) StdoutLine: {'line': b'-- Up-to-date: /home/jon/ws01/install/base_demo/include/base_demo/base_demo/srv/detail/addints__functions.h\n'}
[0.197129] (base_demo) StdoutLine: {'line': b'-- Up-to-date: /home/jon/ws01/install/base_demo/include/base_demo/base_demo/srv/detail/addints__struct.h\n'}
[0.197149] (base_demo) StdoutLine: {'line': b'-- Up-to-date: /home/jon/ws01/install/base_demo/include/base_demo/base_demo/srv/detail/addints__functions.c\n'}
[0.197186] (base_demo) StdoutLine: {'line': b'-- Up-to-date: /home/jon/ws01/install/base_demo/share/base_demo/environment/library_path.sh\n'}
[0.197206] (base_demo) StdoutLine: {'line': b'-- Up-to-date: /home/jon/ws01/install/base_demo/share/base_demo/environment/library_path.dsv\n'}
[0.197226] (base_demo) StdoutLine: {'line': b'-- Up-to-date: /home/jon/ws01/install/base_demo/lib/libbase_demo__rosidl_generator_c.so\n'}
[0.197264] (base_demo) StdoutLine: {'line': b'-- Up-to-date: /home/jon/ws01/install/base_demo/include/base_demo/base_demo\n'}
[0.197285] (base_demo) StdoutLine: {'line': b'-- Up-to-date: /home/jon/ws01/install/base_demo/include/base_demo/base_demo/msg\n'}
[0.197332] (base_demo) StdoutLine: {'line': b'-- Up-to-date: /home/jon/ws01/install/base_demo/include/base_demo/base_demo/msg/rosidl_typesupport_fastrtps_c__visibility_control.h\n'}
[0.197355] (base_demo) StdoutLine: {'line': b'-- Up-to-date: /home/jon/ws01/install/base_demo/include/base_demo/base_demo/msg/detail\n'}
[0.197372] (base_demo) StdoutLine: {'line': b'-- Up-to-date: /home/jon/ws01/install/base_demo/include/base_demo/base_demo/msg/detail/student__rosidl_typesupport_fastrtps_c.h\n'}
[0.197391] (base_demo) StdoutLine: {'line': b'-- Up-to-date: /home/jon/ws01/install/base_demo/include/base_demo/base_demo/srv\n'}
[0.197410] (base_demo) StdoutLine: {'line': b'-- Up-to-date: /home/jon/ws01/install/base_demo/include/base_demo/base_demo/srv/detail\n'}
[0.197429] (base_demo) StdoutLine: {'line': b'-- Up-to-date: /home/jon/ws01/install/base_demo/include/base_demo/base_demo/srv/detail/addints__rosidl_typesupport_fastrtps_c.h\n'}
[0.197445] (base_demo) StdoutLine: {'line': b'-- Up-to-date: /home/jon/ws01/install/base_demo/lib/libbase_demo__rosidl_typesupport_fastrtps_c.so\n'}
[0.197463] (base_demo) StdoutLine: {'line': b'-- Up-to-date: /home/jon/ws01/install/base_demo/include/base_demo/base_demo\n'}
[0.197483] (base_demo) StdoutLine: {'line': b'-- Up-to-date: /home/jon/ws01/install/base_demo/include/base_demo/base_demo/msg\n'}
[0.197500] (base_demo) StdoutLine: {'line': b'-- Up-to-date: /home/jon/ws01/install/base_demo/include/base_demo/base_demo/msg/detail\n'}
[0.197517] (base_demo) StdoutLine: {'line': b'-- Up-to-date: /home/jon/ws01/install/base_demo/include/base_demo/base_demo/msg/detail/student__rosidl_typesupport_introspection_c.h\n'}
[0.197534] (base_demo) StdoutLine: {'line': b'-- Up-to-date: /home/jon/ws01/install/base_demo/include/base_demo/base_demo/msg/detail/student__type_support.c\n'}
[0.197550] (base_demo) StdoutLine: {'line': b'-- Up-to-date: /home/jon/ws01/install/base_demo/include/base_demo/base_demo/msg/rosidl_typesupport_introspection_c__visibility_control.h\n'}
[0.197566] (base_demo) StdoutLine: {'line': b'-- Up-to-date: /home/jon/ws01/install/base_demo/include/base_demo/base_demo/srv\n'}
[0.197582] (base_demo) StdoutLine: {'line': b'-- Up-to-date: /home/jon/ws01/install/base_demo/include/base_demo/base_demo/srv/detail\n'}
[0.197598] (base_demo) StdoutLine: {'line': b'-- Up-to-date: /home/jon/ws01/install/base_demo/include/base_demo/base_demo/srv/detail/addints__type_support.c\n'}
[0.197613] (base_demo) StdoutLine: {'line': b'-- Up-to-date: /home/jon/ws01/install/base_demo/include/base_demo/base_demo/srv/detail/addints__rosidl_typesupport_introspection_c.h\n'}
[0.197629] (base_demo) StdoutLine: {'line': b'-- Up-to-date: /home/jon/ws01/install/base_demo/lib/libbase_demo__rosidl_typesupport_introspection_c.so\n'}
[0.197645] (base_demo) StdoutLine: {'line': b'-- Up-to-date: /home/jon/ws01/install/base_demo/lib/libbase_demo__rosidl_typesupport_c.so\n'}
[0.197661] (base_demo) StdoutLine: {'line': b'-- Up-to-date: /home/jon/ws01/install/base_demo/include/base_demo/base_demo\n'}
[0.197677] (base_demo) StdoutLine: {'line': b'-- Up-to-date: /home/jon/ws01/install/base_demo/include/base_demo/base_demo/msg\n'}
[0.197693] (base_demo) StdoutLine: {'line': b'-- Up-to-date: /home/jon/ws01/install/base_demo/include/base_demo/base_demo/msg/student.hpp\n'}
[0.197708] (base_demo) StdoutLine: {'line': b'-- Up-to-date: /home/jon/ws01/install/base_demo/include/base_demo/base_demo/msg/detail\n'}
[0.197724] (base_demo) StdoutLine: {'line': b'-- Up-to-date: /home/jon/ws01/install/base_demo/include/base_demo/base_demo/msg/detail/student__type_support.hpp\n'}
[0.197739] (base_demo) StdoutLine: {'line': b'-- Up-to-date: /home/jon/ws01/install/base_demo/include/base_demo/base_demo/msg/detail/student__struct.hpp\n'}
[0.197755] (base_demo) StdoutLine: {'line': b'-- Up-to-date: /home/jon/ws01/install/base_demo/include/base_demo/base_demo/msg/detail/student__traits.hpp\n'}
[0.197770] (base_demo) StdoutLine: {'line': b'-- Up-to-date: /home/jon/ws01/install/base_demo/include/base_demo/base_demo/msg/detail/student__builder.hpp\n'}
[0.197786] (base_demo) StdoutLine: {'line': b'-- Up-to-date: /home/jon/ws01/install/base_demo/include/base_demo/base_demo/msg/rosidl_generator_cpp__visibility_control.hpp\n'}
[0.197802] (base_demo) StdoutLine: {'line': b'-- Up-to-date: /home/jon/ws01/install/base_demo/include/base_demo/base_demo/srv\n'}
[0.197818] (base_demo) StdoutLine: {'line': b'-- Up-to-date: /home/jon/ws01/install/base_demo/include/base_demo/base_demo/srv/addints.hpp\n'}
[0.197834] (base_demo) StdoutLine: {'line': b'-- Up-to-date: /home/jon/ws01/install/base_demo/include/base_demo/base_demo/srv/detail\n'}
[0.197850] (base_demo) StdoutLine: {'line': b'-- Up-to-date: /home/jon/ws01/install/base_demo/include/base_demo/base_demo/srv/detail/addints__traits.hpp\n'}
[0.197865] (base_demo) StdoutLine: {'line': b'-- Up-to-date: /home/jon/ws01/install/base_demo/include/base_demo/base_demo/srv/detail/addints__type_support.hpp\n'}
[0.197880] (base_demo) StdoutLine: {'line': b'-- Up-to-date: /home/jon/ws01/install/base_demo/include/base_demo/base_demo/srv/detail/addints__builder.hpp\n'}
[0.197896] (base_demo) StdoutLine: {'line': b'-- Up-to-date: /home/jon/ws01/install/base_demo/include/base_demo/base_demo/srv/detail/addints__struct.hpp\n'}
[0.197911] (base_demo) StdoutLine: {'line': b'-- Up-to-date: /home/jon/ws01/install/base_demo/include/base_demo/base_demo\n'}
[0.197928] (base_demo) StdoutLine: {'line': b'-- Up-to-date: /home/jon/ws01/install/base_demo/include/base_demo/base_demo/msg\n'}
[0.197944] (base_demo) StdoutLine: {'line': b'-- Up-to-date: /home/jon/ws01/install/base_demo/include/base_demo/base_demo/msg/rosidl_typesupport_fastrtps_cpp__visibility_control.h\n'}
[0.197962] (base_demo) StdoutLine: {'line': b'-- Up-to-date: /home/jon/ws01/install/base_demo/include/base_demo/base_demo/msg/detail\n'}
[0.197978] (base_demo) StdoutLine: {'line': b'-- Up-to-date: /home/jon/ws01/install/base_demo/include/base_demo/base_demo/msg/detail/dds_fastrtps\n'}
[0.197994] (base_demo) StdoutLine: {'line': b'-- Up-to-date: /home/jon/ws01/install/base_demo/include/base_demo/base_demo/msg/detail/student__rosidl_typesupport_fastrtps_cpp.hpp\n'}
[0.198009] (base_demo) StdoutLine: {'line': b'-- Up-to-date: /home/jon/ws01/install/base_demo/include/base_demo/base_demo/srv\n'}
[0.198025] (base_demo) StdoutLine: {'line': b'-- Up-to-date: /home/jon/ws01/install/base_demo/include/base_demo/base_demo/srv/detail\n'}
[0.198040] (base_demo) StdoutLine: {'line': b'-- Up-to-date: /home/jon/ws01/install/base_demo/include/base_demo/base_demo/srv/detail/addints__rosidl_typesupport_fastrtps_cpp.hpp\n'}
[0.198055] (base_demo) StdoutLine: {'line': b'-- Up-to-date: /home/jon/ws01/install/base_demo/include/base_demo/base_demo/srv/detail/dds_fastrtps\n'}
[0.198070] (base_demo) StdoutLine: {'line': b'-- Up-to-date: /home/jon/ws01/install/base_demo/lib/libbase_demo__rosidl_typesupport_fastrtps_cpp.so\n'}
[0.198086] (base_demo) StdoutLine: {'line': b'-- Up-to-date: /home/jon/ws01/install/base_demo/include/base_demo/base_demo\n'}
[0.198101] (base_demo) StdoutLine: {'line': b'-- Up-to-date: /home/jon/ws01/install/base_demo/include/base_demo/base_demo/msg\n'}
[0.198116] (base_demo) StdoutLine: {'line': b'-- Up-to-date: /home/jon/ws01/install/base_demo/include/base_demo/base_demo/msg/detail\n'}
[0.198134] (base_demo) StdoutLine: {'line': b'-- Up-to-date: /home/jon/ws01/install/base_demo/include/base_demo/base_demo/msg/detail/student__rosidl_typesupport_introspection_cpp.hpp\n'}
[0.198149] (base_demo) StdoutLine: {'line': b'-- Up-to-date: /home/jon/ws01/install/base_demo/include/base_demo/base_demo/msg/detail/student__type_support.cpp\n'}
[0.198164] (base_demo) StdoutLine: {'line': b'-- Up-to-date: /home/jon/ws01/install/base_demo/include/base_demo/base_demo/srv\n'}
[0.198179] (base_demo) StdoutLine: {'line': b'-- Up-to-date: /home/jon/ws01/install/base_demo/include/base_demo/base_demo/srv/detail\n'}
[0.198195] (base_demo) StdoutLine: {'line': b'-- Up-to-date: /home/jon/ws01/install/base_demo/include/base_demo/base_demo/srv/detail/addints__type_support.cpp\n'}
[0.198211] (base_demo) StdoutLine: {'line': b'-- Up-to-date: /home/jon/ws01/install/base_demo/include/base_demo/base_demo/srv/detail/addints__rosidl_typesupport_introspection_cpp.hpp\n'}
[0.198227] (base_demo) StdoutLine: {'line': b'-- Up-to-date: /home/jon/ws01/install/base_demo/lib/libbase_demo__rosidl_typesupport_introspection_cpp.so\n'}
[0.198242] (base_demo) StdoutLine: {'line': b'-- Up-to-date: /home/jon/ws01/install/base_demo/lib/libbase_demo__rosidl_typesupport_cpp.so\n'}
[0.198257] (base_demo) StdoutLine: {'line': b'-- Up-to-date: /home/jon/ws01/install/base_demo/share/base_demo/environment/pythonpath.sh\n'}
[0.198272] (base_demo) StdoutLine: {'line': b'-- Up-to-date: /home/jon/ws01/install/base_demo/share/base_demo/environment/pythonpath.dsv\n'}
[0.198287] (base_demo) StdoutLine: {'line': b'-- Up-to-date: /home/jon/ws01/install/base_demo/local/lib/python3.10/dist-packages/base_demo-0.0.0-py3.10.egg-info\n'}
[0.198305] (base_demo) StdoutLine: {'line': b'-- Installing: /home/jon/ws01/install/base_demo/local/lib/python3.10/dist-packages/base_demo-0.0.0-py3.10.egg-info/PKG-INFO\n'}
[0.198350] (base_demo) StdoutLine: {'line': b'-- Installing: /home/jon/ws01/install/base_demo/local/lib/python3.10/dist-packages/base_demo-0.0.0-py3.10.egg-info/SOURCES.txt\n'}
[0.198371] (base_demo) StdoutLine: {'line': b'-- Installing: /home/jon/ws01/install/base_demo/local/lib/python3.10/dist-packages/base_demo-0.0.0-py3.10.egg-info/dependency_links.txt\n'}
[0.198389] (base_demo) StdoutLine: {'line': b'-- Installing: /home/jon/ws01/install/base_demo/local/lib/python3.10/dist-packages/base_demo-0.0.0-py3.10.egg-info/top_level.txt\n'}
[0.198406] (base_demo) StdoutLine: {'line': b'-- Up-to-date: /home/jon/ws01/install/base_demo/local/lib/python3.10/dist-packages/base_demo\n'}
[0.198422] (base_demo) StdoutLine: {'line': b'-- Up-to-date: /home/jon/ws01/install/base_demo/local/lib/python3.10/dist-packages/base_demo/__init__.py\n'}
[0.198438] (base_demo) StdoutLine: {'line': b'-- Up-to-date: /home/jon/ws01/install/base_demo/local/lib/python3.10/dist-packages/base_demo/msg\n'}
[0.198454] (base_demo) StdoutLine: {'line': b'-- Up-to-date: /home/jon/ws01/install/base_demo/local/lib/python3.10/dist-packages/base_demo/msg/__init__.py\n'}
[0.198470] (base_demo) StdoutLine: {'line': b'-- Up-to-date: /home/jon/ws01/install/base_demo/local/lib/python3.10/dist-packages/base_demo/msg/_student.py\n'}
[0.198486] (base_demo) StdoutLine: {'line': b'-- Up-to-date: /home/jon/ws01/install/base_demo/local/lib/python3.10/dist-packages/base_demo/msg/_student_s.c\n'}
[0.198503] (base_demo) StdoutLine: {'line': b'-- Up-to-date: /home/jon/ws01/install/base_demo/local/lib/python3.10/dist-packages/base_demo/base_demo_s__rosidl_typesupport_introspection_c.cpython-310-x86_64-linux-gnu.so\n'}
[0.198521] (base_demo) StdoutLine: {'line': b'-- Up-to-date: /home/jon/ws01/install/base_demo/local/lib/python3.10/dist-packages/base_demo/base_demo_s__rosidl_typesupport_fastrtps_c.cpython-310-x86_64-linux-gnu.so\n'}
[0.198538] (base_demo) StdoutLine: {'line': b'-- Up-to-date: /home/jon/ws01/install/base_demo/local/lib/python3.10/dist-packages/base_demo/_base_demo_s.ep.rosidl_typesupport_c.c\n'}
[0.198556] (base_demo) StdoutLine: {'line': b'-- Up-to-date: /home/jon/ws01/install/base_demo/local/lib/python3.10/dist-packages/base_demo/_base_demo_s.ep.rosidl_typesupport_fastrtps_c.c\n'}
[0.198574] (base_demo) StdoutLine: {'line': b'-- Up-to-date: /home/jon/ws01/install/base_demo/local/lib/python3.10/dist-packages/base_demo/base_demo_s__rosidl_typesupport_c.cpython-310-x86_64-linux-gnu.so\n'}
[0.198590] (base_demo) StdoutLine: {'line': b'-- Up-to-date: /home/jon/ws01/install/base_demo/local/lib/python3.10/dist-packages/base_demo/_base_demo_s.ep.rosidl_typesupport_introspection_c.c\n'}
[0.198607] (base_demo) StdoutLine: {'line': b'-- Up-to-date: /home/jon/ws01/install/base_demo/local/lib/python3.10/dist-packages/base_demo/libbase_demo__rosidl_generator_py.so\n'}
[0.198623] (base_demo) StdoutLine: {'line': b'-- Up-to-date: /home/jon/ws01/install/base_demo/local/lib/python3.10/dist-packages/base_demo/srv\n'}
[0.198638] (base_demo) StdoutLine: {'line': b'-- Up-to-date: /home/jon/ws01/install/base_demo/local/lib/python3.10/dist-packages/base_demo/srv/__init__.py\n'}
[0.198654] (base_demo) StdoutLine: {'line': b'-- Up-to-date: /home/jon/ws01/install/base_demo/local/lib/python3.10/dist-packages/base_demo/srv/_addints.py\n'}
[0.198669] (base_demo) StdoutLine: {'line': b'-- Up-to-date: /home/jon/ws01/install/base_demo/local/lib/python3.10/dist-packages/base_demo/srv/_addints_s.c\n'}
[0.199488] (-) TimerEvent: {}
[0.213861] (base_demo) StdoutLine: {'line': b"Listing '/home/jon/ws01/install/base_demo/local/lib/python3.10/dist-packages/base_demo'...\n"}
[0.213988] (base_demo) StdoutLine: {'line': b"Listing '/home/jon/ws01/install/base_demo/local/lib/python3.10/dist-packages/base_demo/msg'...\n"}
[0.214018] (base_demo) StdoutLine: {'line': b"Listing '/home/jon/ws01/install/base_demo/local/lib/python3.10/dist-packages/base_demo/srv'...\n"}
[0.214964] (base_demo) StdoutLine: {'line': b'-- Up-to-date: /home/jon/ws01/install/base_demo/local/lib/python3.10/dist-packages/base_demo/base_demo_s__rosidl_typesupport_fastrtps_c.cpython-310-x86_64-linux-gnu.so\n'}
[0.215038] (base_demo) StdoutLine: {'line': b'-- Up-to-date: /home/jon/ws01/install/base_demo/local/lib/python3.10/dist-packages/base_demo/base_demo_s__rosidl_typesupport_introspection_c.cpython-310-x86_64-linux-gnu.so\n'}
[0.215083] (base_demo) StdoutLine: {'line': b'-- Up-to-date: /home/jon/ws01/install/base_demo/local/lib/python3.10/dist-packages/base_demo/base_demo_s__rosidl_typesupport_c.cpython-310-x86_64-linux-gnu.so\n'}
[0.215664] (base_demo) StdoutLine: {'line': b'-- Up-to-date: /home/jon/ws01/install/base_demo/lib/libbase_demo__rosidl_generator_py.so\n'}
[0.215697] (base_demo) StdoutLine: {'line': b'-- Up-to-date: /home/jon/ws01/install/base_demo/share/base_demo/rust\n'}
[0.215718] (base_demo) StdoutLine: {'line': b'-- Up-to-date: /home/jon/ws01/install/base_demo/share/base_demo/rust/Cargo.toml\n'}
[0.215737] (base_demo) StdoutLine: {'line': b'-- Up-to-date: /home/jon/ws01/install/base_demo/share/base_demo/rust/build.rs\n'}
[0.215754] (base_demo) StdoutLine: {'line': b'-- Up-to-date: /home/jon/ws01/install/base_demo/share/base_demo/rust/src\n'}
[0.215772] (base_demo) StdoutLine: {'line': b'-- Up-to-date: /home/jon/ws01/install/base_demo/share/base_demo/rust/src/msg\n'}
[0.215788] (base_demo) StdoutLine: {'line': b'-- Up-to-date: /home/jon/ws01/install/base_demo/share/base_demo/rust/src/msg/rmw.rs\n'}
[0.215804] (base_demo) StdoutLine: {'line': b'-- Up-to-date: /home/jon/ws01/install/base_demo/share/base_demo/rust/src/msg.rs\n'}
[0.215820] (base_demo) StdoutLine: {'line': b'-- Up-to-date: /home/jon/ws01/install/base_demo/share/base_demo/rust/src/lib.rs\n'}
[0.215836] (base_demo) StdoutLine: {'line': b'-- Up-to-date: /home/jon/ws01/install/base_demo/share/base_demo/rust/src/srv.rs\n'}
[0.215851] (base_demo) StdoutLine: {'line': b'-- Up-to-date: /home/jon/ws01/install/base_demo/share/base_demo/rust/src/srv\n'}
[0.215866] (base_demo) StdoutLine: {'line': b'-- Up-to-date: /home/jon/ws01/install/base_demo/share/base_demo/rust/src/srv/rmw.rs\n'}
[0.215882] (base_demo) StdoutLine: {'line': b'-- Up-to-date: /home/jon/ws01/install/base_demo/share/base_demo/msg/Student.idl\n'}
[0.217166] (base_demo) StdoutLine: {'line': b'-- Up-to-date: /home/jon/ws01/install/base_demo/share/base_demo/srv/Addints.idl\n'}
[0.217245] (base_demo) StdoutLine: {'line': b'-- Up-to-date: /home/jon/ws01/install/base_demo/share/base_demo/msg/Student.msg\n'}
[0.217361] (base_demo) StdoutLine: {'line': b'-- Up-to-date: /home/jon/ws01/install/base_demo/share/base_demo/srv/Addints.srv\n'}
[0.217390] (base_demo) StdoutLine: {'line': b'-- Up-to-date: /home/jon/ws01/install/base_demo/share/base_demo/srv/Addints_Request.msg\n'}
[0.217481] (base_demo) StdoutLine: {'line': b'-- Up-to-date: /home/jon/ws01/install/base_demo/share/base_demo/srv/Addints_Response.msg\n'}
[0.217502] (base_demo) StdoutLine: {'line': b'-- Up-to-date: /home/jon/ws01/install/base_demo/share/ament_index/resource_index/package_run_dependencies/base_demo\n'}
[0.217522] (base_demo) StdoutLine: {'line': b'-- Up-to-date: /home/jon/ws01/install/base_demo/share/ament_index/resource_index/parent_prefix_path/base_demo\n'}
[0.217557] (base_demo) StdoutLine: {'line': b'-- Up-to-date: /home/jon/ws01/install/base_demo/share/base_demo/environment/ament_prefix_path.sh\n'}
[0.217577] (base_demo) StdoutLine: {'line': b'-- Up-to-date: /home/jon/ws01/install/base_demo/share/base_demo/environment/ament_prefix_path.dsv\n'}
[0.217594] (base_demo) StdoutLine: {'line': b'-- Up-to-date: /home/jon/ws01/install/base_demo/share/base_demo/environment/path.sh\n'}
[0.217610] (base_demo) StdoutLine: {'line': b'-- Up-to-date: /home/jon/ws01/install/base_demo/share/base_demo/environment/path.dsv\n'}
[0.217625] (base_demo) StdoutLine: {'line': b'-- Up-to-date: /home/jon/ws01/install/base_demo/share/base_demo/local_setup.bash\n'}
[0.217641] (base_demo) StdoutLine: {'line': b'-- Up-to-date: /home/jon/ws01/install/base_demo/share/base_demo/local_setup.sh\n'}
[0.217657] (base_demo) StdoutLine: {'line': b'-- Up-to-date: /home/jon/ws01/install/base_demo/share/base_demo/local_setup.zsh\n'}
[0.217673] (base_demo) StdoutLine: {'line': b'-- Up-to-date: /home/jon/ws01/install/base_demo/share/base_demo/local_setup.dsv\n'}
[0.217688] (base_demo) StdoutLine: {'line': b'-- Installing: /home/jon/ws01/install/base_demo/share/base_demo/package.dsv\n'}
[0.217704] (base_demo) StdoutLine: {'line': b'-- Up-to-date: /home/jon/ws01/install/base_demo/share/ament_index/resource_index/packages/base_demo\n'}
[0.217721] (base_demo) StdoutLine: {'line': b'-- Up-to-date: /home/jon/ws01/install/base_demo/share/base_demo/cmake/export_base_demo__rosidl_generator_cExport.cmake\n'}
[0.218150] (base_demo) StdoutLine: {'line': b'-- Up-to-date: /home/jon/ws01/install/base_demo/share/base_demo/cmake/export_base_demo__rosidl_generator_cExport-noconfig.cmake\n'}
[0.218328] (base_demo) StdoutLine: {'line': b'-- Up-to-date: /home/jon/ws01/install/base_demo/share/base_demo/cmake/export_base_demo__rosidl_typesupport_fastrtps_cExport.cmake\n'}
[0.218405] (base_demo) StdoutLine: {'line': b'-- Up-to-date: /home/jon/ws01/install/base_demo/share/base_demo/cmake/export_base_demo__rosidl_typesupport_fastrtps_cExport-noconfig.cmake\n'}
[0.218432] (base_demo) StdoutLine: {'line': b'-- Up-to-date: /home/jon/ws01/install/base_demo/share/base_demo/cmake/base_demo__rosidl_typesupport_introspection_cExport.cmake\n'}
[0.218497] (base_demo) StdoutLine: {'line': b'-- Up-to-date: /home/jon/ws01/install/base_demo/share/base_demo/cmake/base_demo__rosidl_typesupport_introspection_cExport-noconfig.cmake\n'}
[0.218522] (base_demo) StdoutLine: {'line': b'-- Up-to-date: /home/jon/ws01/install/base_demo/share/base_demo/cmake/base_demo__rosidl_typesupport_cExport.cmake\n'}
[0.218561] (base_demo) StdoutLine: {'line': b'-- Up-to-date: /home/jon/ws01/install/base_demo/share/base_demo/cmake/base_demo__rosidl_typesupport_cExport-noconfig.cmake\n'}
[0.218633] (base_demo) StdoutLine: {'line': b'-- Up-to-date: /home/jon/ws01/install/base_demo/share/base_demo/cmake/export_base_demo__rosidl_generator_cppExport.cmake\n'}
[0.218665] (base_demo) StdoutLine: {'line': b'-- Up-to-date: /home/jon/ws01/install/base_demo/share/base_demo/cmake/export_base_demo__rosidl_typesupport_fastrtps_cppExport.cmake\n'}
[0.219016] (base_demo) StdoutLine: {'line': b'-- Up-to-date: /home/jon/ws01/install/base_demo/share/base_demo/cmake/export_base_demo__rosidl_typesupport_fastrtps_cppExport-noconfig.cmake\n'}
[0.219045] (base_demo) StdoutLine: {'line': b'-- Up-to-date: /home/jon/ws01/install/base_demo/share/base_demo/cmake/base_demo__rosidl_typesupport_introspection_cppExport.cmake\n'}
[0.219066] (base_demo) StdoutLine: {'line': b'-- Up-to-date: /home/jon/ws01/install/base_demo/share/base_demo/cmake/base_demo__rosidl_typesupport_introspection_cppExport-noconfig.cmake\n'}
[0.219086] (base_demo) StdoutLine: {'line': b'-- Up-to-date: /home/jon/ws01/install/base_demo/share/base_demo/cmake/base_demo__rosidl_typesupport_cppExport.cmake\n'}
[0.219106] (base_demo) StdoutLine: {'line': b'-- Up-to-date: /home/jon/ws01/install/base_demo/share/base_demo/cmake/base_demo__rosidl_typesupport_cppExport-noconfig.cmake\n'}
[0.219125] (base_demo) StdoutLine: {'line': b'-- Up-to-date: /home/jon/ws01/install/base_demo/share/base_demo/cmake/export_base_demo__rosidl_generator_pyExport.cmake\n'}
[0.219144] (base_demo) StdoutLine: {'line': b'-- Up-to-date: /home/jon/ws01/install/base_demo/share/base_demo/cmake/export_base_demo__rosidl_generator_pyExport-noconfig.cmake\n'}
[0.219163] (base_demo) StdoutLine: {'line': b'-- Up-to-date: /home/jon/ws01/install/base_demo/share/base_demo/cmake/rosidl_cmake-extras.cmake\n'}
[0.219183] (base_demo) StdoutLine: {'line': b'-- Up-to-date: /home/jon/ws01/install/base_demo/share/base_demo/cmake/ament_cmake_export_include_directories-extras.cmake\n'}
[0.219202] (base_demo) StdoutLine: {'line': b'-- Up-to-date: /home/jon/ws01/install/base_demo/share/base_demo/cmake/ament_cmake_export_libraries-extras.cmake\n'}
[0.219220] (base_demo) StdoutLine: {'line': b'-- Up-to-date: /home/jon/ws01/install/base_demo/share/base_demo/cmake/ament_cmake_export_targets-extras.cmake\n'}
[0.219239] (base_demo) StdoutLine: {'line': b'-- Up-to-date: /home/jon/ws01/install/base_demo/share/base_demo/cmake/rosidl_cmake_export_typesupport_targets-extras.cmake\n'}
[0.219257] (base_demo) StdoutLine: {'line': b'-- Up-to-date: /home/jon/ws01/install/base_demo/share/base_demo/cmake/ament_cmake_export_dependencies-extras.cmake\n'}
[0.219278] (base_demo) StdoutLine: {'line': b'-- Up-to-date: /home/jon/ws01/install/base_demo/share/base_demo/cmake/rosidl_cmake_export_typesupport_libraries-extras.cmake\n'}
[0.219302] (base_demo) StdoutLine: {'line': b'-- Up-to-date: /home/jon/ws01/install/base_demo/share/base_demo/cmake/rosidl_cmake_aggregate_target-extras.cmake\n'}
[0.219392] (base_demo) StdoutLine: {'line': b'-- Up-to-date: /home/jon/ws01/install/base_demo/share/base_demo/cmake/base_demoConfig.cmake\n'}
[0.219413] (base_demo) StdoutLine: {'line': b'-- Up-to-date: /home/jon/ws01/install/base_demo/share/base_demo/cmake/base_demoConfig-version.cmake\n'}
[0.219434] (base_demo) StdoutLine: {'line': b'-- Up-to-date: /home/jon/ws01/install/base_demo/share/base_demo/package.xml\n'}
[0.219454] (base_demo) CommandEnded: {'returncode': 0}
[0.228896] (base_demo) JobEnded: {'identifier': 'base_demo', 'rc': 0}
[0.229196] (cpp01_topic) JobStarted: {'identifier': 'cpp01_topic'}
[0.229953] (cpp02_service) JobStarted: {'identifier': 'cpp02_service'}
[0.235078] (cpp01_topic) JobProgress: {'identifier': 'cpp01_topic', 'progress': 'cmake'}
[0.235897] (cpp01_topic) JobProgress: {'identifier': 'cpp01_topic', 'progress': 'build'}
[0.236254] (cpp01_topic) Command: {'cmd': ['/usr/bin/cmake', '--build', '/home/jon/ws01/build/cpp01_topic', '--', '-j24', '-l24'], 'cwd': '/home/jon/ws01/build/cpp01_topic', 'env': OrderedDict([('GJS_DEBUG_TOPICS', 'JS ERROR;JS LOG'), ('PYTHON_BASIC_REPL', '1'), ('LESSOPEN', '| /usr/bin/lesspipe %s'), ('HTTPS_PROXY', 'http://127.0.0.1:7890'), ('no_proxy', 'localhost,127.0.0.0/8,::1'), ('LANGUAGE', 'zh_CN:zh'), ('USER', 'jon'), ('all_proxy', 'socks5h://127.0.0.1:7890'), ('XDG_SESSION_TYPE', 'x11'), ('GIT_ASKPASS', '/usr/share/code/resources/app/extensions/git/dist/askpass.sh'), ('SHLVL', '1'), ('LD_LIBRARY_PATH', '/home/jon/ws01/install/base_demo/lib:/opt/ros/humble/opt/rviz_ogre_vendor/lib:/opt/ros/humble/lib/x86_64-linux-gnu:/opt/ros/humble/lib'), ('HOME', '/home/jon'), ('CHROME_DESKTOP', 'code.desktop'), ('TERM_PROGRAM_VERSION', '1.138.0'), ('DESKTOP_SESSION', 'ubuntu'), ('NO_PROXY', 'localhost,127.0.0.0/8,::1'), ('GIO_LAUNCHED_DESKTOP_FILE', '/usr/share/applications/code.desktop'), ('ROS_PYTHON_VERSION', '3'), ('GNOME_SHELL_SESSION_MODE', 'ubuntu'), ('GTK_MODULES', 'gail:atk-bridge'), ('VSCODE_GIT_ASKPASS_MAIN', '/usr/share/code/resources/app/extensions/git/dist/askpass-main.js'), ('VSCODE_GIT_ASKPASS_NODE', '/usr/share/code/code'), ('MANAGERPID', '1286'), ('PYDEVD_DISABLE_FILE_VALIDATION', '1'), ('SYSTEMD_EXEC_PID', '2464'), ('BUNDLED_DEBUGPY_PATH', '/home/jon/.vscode/extensions/ms-python.debugpy-2026.6.0-linux-x64/bundled/libs/debugpy'), ('VSCODE_PYTHON_AUTOACTIVATE_GUARD', '1'), ('DBUS_SESSION_BUS_ADDRESS', 'unix:path=/run/user/1000/bus'), ('COLORTERM', 'truecolor'), ('GIO_LAUNCHED_DESKTOP_FILE_PID', '4092'), ('IM_CONFIG_PHASE', '1'), ('https_proxy', 'http://127.0.0.1:7890'), ('COLCON_PREFIX_PATH', '/home/jon/ws01/install:/home/jon/ros2_ws/install'), ('ROS_DISTRO', 'humble'), ('LOGNAME', 'jon'), ('ALL_PROXY', 'socks5h://127.0.0.1:7890'), ('http_proxy', 'http://127.0.0.1:7890'), ('JOURNAL_STREAM', '8:15521'), ('_', '/usr/bin/colcon'), ('ROS_VERSION', '2'), ('XDG_SESSION_CLASS', 'user'), ('USERNAME', 'jon'), ('TERM', 'xterm-256color'), ('GNOME_DESKTOP_SESSION_ID', 'this-is-deprecated'), ('FC_FONTATIONS', '1'), ('ROS_LOCALHOST_ONLY', '0'), ('WINDOWPATH', '2'), ('PATH', '/home/jon/.config/Code/User/globalStorage/github.copilot-chat/debugCommand:/home/jon/.config/Code/User/globalStorage/github.copilot-chat/copilotCli:/home/jon/.local/bin:/opt/ros/humble/bin:/home/jon/.local/bin:/home/jon/.local/bin:/usr/local/sbin:/usr/local/bin:/usr/sbin:/usr/bin:/sbin:/bin:/usr/games:/usr/local/games:/snap/bin:/snap/bin:/home/jon/.vscode/extensions/ms-python.debugpy-2026.6.0-linux-x64/bundled/scripts/noConfigScripts'), ('SESSION_MANAGER', 'local/WJ:@/tmp/.ICE-unix/2436,unix/WJ:/tmp/.ICE-unix/2436'), ('INVOCATION_ID', 'dc714fa0cdc34e3a9439b83ad9a63145'), ('XDG_MENU_PREFIX', 'gnome-'), ('XDG_RUNTIME_DIR', '/run/user/1000'), ('GDK_BACKEND', 'x11'), ('DISPLAY', ':0'), ('VSCODE_DEBUGPY_ADAPTER_ENDPOINTS', '/home/jon/.vscode/extensions/ms-python.debugpy-2026.6.0-linux-x64/.noConfigDebugAdapterEndpoints/endpoint-b8a5c5d86f95c8fb.txt'), ('LANG', 'zh_CN.UTF-8'), ('XDG_CURRENT_DESKTOP', 'ubuntu:GNOME'), ('PYTHONSTARTUP', '/home/jon/.config/Code/User/workspaceStorage/1f60e15f81795b7429f56f0c0e99fe64/ms-python.python/pythonrc.py'), ('XMODIFIERS', '@im=ibus'), ('XDG_SESSION_DESKTOP', 'ubuntu'), ('XAUTHORITY', '/run/user/1000/gdm/Xauthority'), ('LS_COLORS', 'rs=0:di=01;34:ln=01;36:mh=00:pi=40;33:so=01;35:do=01;35:bd=40;33;01:cd=40;33;01:or=40;31;01:mi=00:su=37;41:sg=30;43:ca=30;41:tw=30;42:ow=34;42:st=37;44:ex=01;32:*.tar=01;31:*.tgz=01;31:*.arc=01;31:*.arj=01;31:*.taz=01;31:*.lha=01;31:*.lz4=01;31:*.lzh=01;31:*.lzma=01;31:*.tlz=01;31:*.txz=01;31:*.tzo=01;31:*.t7z=01;31:*.zip=01;31:*.z=01;31:*.dz=01;31:*.gz=01;31:*.lrz=01;31:*.lz=01;31:*.lzo=01;31:*.xz=01;31:*.zst=01;31:*.tzst=01;31:*.bz2=01;31:*.bz=01;31:*.tbz=01;31:*.tbz2=01;31:*.tz=01;31:*.deb=01;31:*.rpm=01;31:*.jar=01;31:*.war=01;31:*.ear=01;31:*.sar=01;31:*.rar=01;31:*.alz=01;31:*.ace=01;31:*.zoo=01;31:*.cpio=01;31:*.7z=01;31:*.rz=01;31:*.cab=01;31:*.wim=01;31:*.swm=01;31:*.dwm=01;31:*.esd=01;31:*.jpg=01;35:*.jpeg=01;35:*.mjpg=01;35:*.mjpeg=01;35:*.gif=01;35:*.bmp=01;35:*.pbm=01;35:*.pgm=01;35:*.ppm=01;35:*.tga=01;35:*.xbm=01;35:*.xpm=01;35:*.tif=01;35:*.tiff=01;35:*.png=01;35:*.svg=01;35:*.svgz=01;35:*.mng=01;35:*.pcx=01;35:*.mov=01;35:*.mpg=01;35:*.mpeg=01;35:*.m2v=01;35:*.mkv=01;35:*.webm=01;35:*.webp=01;35:*.ogm=01;35:*.mp4=01;35:*.m4v=01;35:*.mp4v=01;35:*.vob=01;35:*.qt=01;35:*.nuv=01;35:*.wmv=01;35:*.asf=01;35:*.rm=01;35:*.rmvb=01;35:*.flc=01;35:*.avi=01;35:*.fli=01;35:*.flv=01;35:*.gl=01;35:*.dl=01;35:*.xcf=01;35:*.xwd=01;35:*.yuv=01;35:*.cgm=01;35:*.emf=01;35:*.ogv=01;35:*.ogx=01;35:*.aac=00;36:*.au=00;36:*.flac=00;36:*.m4a=00;36:*.mid=00;36:*.midi=00;36:*.mka=00;36:*.mp3=00;36:*.mpc=00;36:*.ogg=00;36:*.ra=00;36:*.wav=00;36:*.oga=00;36:*.opus=00;36:*.spx=00;36:*.xspf=00;36:'), ('VSCODE_GIT_IPC_HANDLE', '/run/user/1000/vscode-git-81883a5c4f.sock'), ('TERM_PROGRAM', 'vscode'), ('SSH_AGENT_LAUNCHER', 'gnome-keyring'), ('SSH_AUTH_SOCK', '/run/user/1000/keyring/ssh'), ('AMENT_PREFIX_PATH', '/home/jon/ws01/install/cpp02_service:/home/jon/ws01/install/cpp01_topic:/home/jon/ws01/install/base_demo:/home/jon/ros2_ws/install/hellovscode_cpp:/home/jon/ros2_ws/install/hello_cpp:/opt/ros/humble'), ('SHELL', '/bin/bash'), ('QT_ACCESSIBILITY', '1'), ('GDMSESSION', 'ubuntu'), ('LESSCLOSE', '/usr/bin/lesspipe %s %s'), ('GPG_AGENT_INFO', '/run/user/1000/gnupg/S.gpg-agent:0:1'), ('GJS_DEBUG_OUTPUT', 'stderr'), ('VSCODE_GIT_ASKPASS_EXTRA_ARGS', ''), ('QT_IM_MODULE', 'ibus'), ('PWD', '/home/jon/ws01/build/cpp01_topic'), ('XDG_CONFIG_DIRS', '/etc/xdg/xdg-ubuntu:/etc/xdg'), ('COPILOT_DEBUG_NONCE', '20fc3c0b33e88ebaf2914c4d51f59b28'), ('XDG_DATA_DIRS', '/usr/share/gnome:/usr/share/ubuntu:/usr/local/share/:/usr/share/:/var/lib/snapd/desktop'), ('PYTHONPATH', '/home/jon/ws01/install/base_demo/local/lib/python3.10/dist-packages:/opt/ros/humble/lib/python3.10/site-packages:/opt/ros/humble/local/lib/python3.10/dist-packages'), ('HTTP_PROXY', 'http://127.0.0.1:7890'), ('COLCON', '1'), ('CMAKE_PREFIX_PATH', '/home/jon/ws01/install/base_demo:/home/jon/ws01/install/cpp02_service:/home/jon/ws01/install/cpp01_topic:/home/jon/ros2_ws/install/hellovscode_cpp:/home/jon/ros2_ws/install/hello_cpp:/opt/ros/humble')]), 'shell': False}
[0.238137] (cpp02_service) JobProgress: {'identifier': 'cpp02_service', 'progress': 'cmake'}
[0.238196] (cpp02_service) JobProgress: {'identifier': 'cpp02_service', 'progress': 'build'}
[0.238241] (cpp02_service) Command: {'cmd': ['/usr/bin/cmake', '--build', '/home/jon/ws01/build/cpp02_service', '--', '-j24', '-l24'], 'cwd': '/home/jon/ws01/build/cpp02_service', 'env': OrderedDict([('GJS_DEBUG_TOPICS', 'JS ERROR;JS LOG'), ('PYTHON_BASIC_REPL', '1'), ('LESSOPEN', '| /usr/bin/lesspipe %s'), ('HTTPS_PROXY', 'http://127.0.0.1:7890'), ('no_proxy', 'localhost,127.0.0.0/8,::1'), ('LANGUAGE', 'zh_CN:zh'), ('USER', 'jon'), ('all_proxy', 'socks5h://127.0.0.1:7890'), ('XDG_SESSION_TYPE', 'x11'), ('GIT_ASKPASS', '/usr/share/code/resources/app/extensions/git/dist/askpass.sh'), ('SHLVL', '1'), ('LD_LIBRARY_PATH', '/home/jon/ws01/install/base_demo/lib:/opt/ros/humble/opt/rviz_ogre_vendor/lib:/opt/ros/humble/lib/x86_64-linux-gnu:/opt/ros/humble/lib'), ('HOME', '/home/jon'), ('CHROME_DESKTOP', 'code.desktop'), ('TERM_PROGRAM_VERSION', '1.138.0'), ('DESKTOP_SESSION', 'ubuntu'), ('NO_PROXY', 'localhost,127.0.0.0/8,::1'), ('GIO_LAUNCHED_DESKTOP_FILE', '/usr/share/applications/code.desktop'), ('ROS_PYTHON_VERSION', '3'), ('GNOME_SHELL_SESSION_MODE', 'ubuntu'), ('GTK_MODULES', 'gail:atk-bridge'), ('VSCODE_GIT_ASKPASS_MAIN', '/usr/share/code/resources/app/extensions/git/dist/askpass-main.js'), ('VSCODE_GIT_ASKPASS_NODE', '/usr/share/code/code'), ('MANAGERPID', '1286'), ('PYDEVD_DISABLE_FILE_VALIDATION', '1'), ('SYSTEMD_EXEC_PID', '2464'), ('BUNDLED_DEBUGPY_PATH', '/home/jon/.vscode/extensions/ms-python.debugpy-2026.6.0-linux-x64/bundled/libs/debugpy'), ('VSCODE_PYTHON_AUTOACTIVATE_GUARD', '1'), ('DBUS_SESSION_BUS_ADDRESS', 'unix:path=/run/user/1000/bus'), ('COLORTERM', 'truecolor'), ('GIO_LAUNCHED_DESKTOP_FILE_PID', '4092'), ('IM_CONFIG_PHASE', '1'), ('https_proxy', 'http://127.0.0.1:7890'), ('COLCON_PREFIX_PATH', '/home/jon/ws01/install:/home/jon/ros2_ws/install'), ('ROS_DISTRO', 'humble'), ('LOGNAME', 'jon'), ('ALL_PROXY', 'socks5h://127.0.0.1:7890'), ('http_proxy', 'http://127.0.0.1:7890'), ('JOURNAL_STREAM', '8:15521'), ('_', '/usr/bin/colcon'), ('ROS_VERSION', '2'), ('XDG_SESSION_CLASS', 'user'), ('USERNAME', 'jon'), ('TERM', 'xterm-256color'), ('GNOME_DESKTOP_SESSION_ID', 'this-is-deprecated'), ('FC_FONTATIONS', '1'), ('ROS_LOCALHOST_ONLY', '0'), ('WINDOWPATH', '2'), ('PATH', '/home/jon/.config/Code/User/globalStorage/github.copilot-chat/debugCommand:/home/jon/.config/Code/User/globalStorage/github.copilot-chat/copilotCli:/home/jon/.local/bin:/opt/ros/humble/bin:/home/jon/.local/bin:/home/jon/.local/bin:/usr/local/sbin:/usr/local/bin:/usr/sbin:/usr/bin:/sbin:/bin:/usr/games:/usr/local/games:/snap/bin:/snap/bin:/home/jon/.vscode/extensions/ms-python.debugpy-2026.6.0-linux-x64/bundled/scripts/noConfigScripts'), ('SESSION_MANAGER', 'local/WJ:@/tmp/.ICE-unix/2436,unix/WJ:/tmp/.ICE-unix/2436'), ('INVOCATION_ID', 'dc714fa0cdc34e3a9439b83ad9a63145'), ('XDG_MENU_PREFIX', 'gnome-'), ('XDG_RUNTIME_DIR', '/run/user/1000'), ('GDK_BACKEND', 'x11'), ('DISPLAY', ':0'), ('VSCODE_DEBUGPY_ADAPTER_ENDPOINTS', '/home/jon/.vscode/extensions/ms-python.debugpy-2026.6.0-linux-x64/.noConfigDebugAdapterEndpoints/endpoint-b8a5c5d86f95c8fb.txt'), ('LANG', 'zh_CN.UTF-8'), ('XDG_CURRENT_DESKTOP', 'ubuntu:GNOME'), ('PYTHONSTARTUP', '/home/jon/.config/Code/User/workspaceStorage/1f60e15f81795b7429f56f0c0e99fe64/ms-python.python/pythonrc.py'), ('XMODIFIERS', '@im=ibus'), ('XDG_SESSION_DESKTOP', 'ubuntu'), ('XAUTHORITY', '/run/user/1000/gdm/Xauthority'), ('LS_COLORS', 'rs=0:di=01;34:ln=01;36:mh=00:pi=40;33:so=01;35:do=01;35:bd=40;33;01:cd=40;33;01:or=40;31;01:mi=00:su=37;41:sg=30;43:ca=30;41:tw=30;42:ow=34;42:st=37;44:ex=01;32:*.tar=01;31:*.tgz=01;31:*.arc=01;31:*.arj=01;31:*.taz=01;31:*.lha=01;31:*.lz4=01;31:*.lzh=01;31:*.lzma=01;31:*.tlz=01;31:*.txz=01;31:*.tzo=01;31:*.t7z=01;31:*.zip=01;31:*.z=01;31:*.dz=01;31:*.gz=01;31:*.lrz=01;31:*.lz=01;31:*.lzo=01;31:*.xz=01;31:*.zst=01;31:*.tzst=01;31:*.bz2=01;31:*.bz=01;31:*.tbz=01;31:*.tbz2=01;31:*.tz=01;31:*.deb=01;31:*.rpm=01;31:*.jar=01;31:*.war=01;31:*.ear=01;31:*.sar=01;31:*.rar=01;31:*.alz=01;31:*.ace=01;31:*.zoo=01;31:*.cpio=01;31:*.7z=01;31:*.rz=01;31:*.cab=01;31:*.wim=01;31:*.swm=01;31:*.dwm=01;31:*.esd=01;31:*.jpg=01;35:*.jpeg=01;35:*.mjpg=01;35:*.mjpeg=01;35:*.gif=01;35:*.bmp=01;35:*.pbm=01;35:*.pgm=01;35:*.ppm=01;35:*.tga=01;35:*.xbm=01;35:*.xpm=01;35:*.tif=01;35:*.tiff=01;35:*.png=01;35:*.svg=01;35:*.svgz=01;35:*.mng=01;35:*.pcx=01;35:*.mov=01;35:*.mpg=01;35:*.mpeg=01;35:*.m2v=01;35:*.mkv=01;35:*.webm=01;35:*.webp=01;35:*.ogm=01;35:*.mp4=01;35:*.m4v=01;35:*.mp4v=01;35:*.vob=01;35:*.qt=01;35:*.nuv=01;35:*.wmv=01;35:*.asf=01;35:*.rm=01;35:*.rmvb=01;35:*.flc=01;35:*.avi=01;35:*.fli=01;35:*.flv=01;35:*.gl=01;35:*.dl=01;35:*.xcf=01;35:*.xwd=01;35:*.yuv=01;35:*.cgm=01;35:*.emf=01;35:*.ogv=01;35:*.ogx=01;35:*.aac=00;36:*.au=00;36:*.flac=00;36:*.m4a=00;36:*.mid=00;36:*.midi=00;36:*.mka=00;36:*.mp3=00;36:*.mpc=00;36:*.ogg=00;36:*.ra=00;36:*.wav=00;36:*.oga=00;36:*.opus=00;36:*.spx=00;36:*.xspf=00;36:'), ('VSCODE_GIT_IPC_HANDLE', '/run/user/1000/vscode-git-81883a5c4f.sock'), ('TERM_PROGRAM', 'vscode'), ('SSH_AGENT_LAUNCHER', 'gnome-keyring'), ('SSH_AUTH_SOCK', '/run/user/1000/keyring/ssh'), ('AMENT_PREFIX_PATH', '/home/jon/ws01/install/cpp02_service:/home/jon/ws01/install/cpp01_topic:/home/jon/ws01/install/base_demo:/home/jon/ros2_ws/install/hellovscode_cpp:/home/jon/ros2_ws/install/hello_cpp:/opt/ros/humble'), ('SHELL', '/bin/bash'), ('QT_ACCESSIBILITY', '1'), ('GDMSESSION', 'ubuntu'), ('LESSCLOSE', '/usr/bin/lesspipe %s %s'), ('GPG_AGENT_INFO', '/run/user/1000/gnupg/S.gpg-agent:0:1'), ('GJS_DEBUG_OUTPUT', 'stderr'), ('VSCODE_GIT_ASKPASS_EXTRA_ARGS', ''), ('QT_IM_MODULE', 'ibus'), ('PWD', '/home/jon/ws01/build/cpp02_service'), ('XDG_CONFIG_DIRS', '/etc/xdg/xdg-ubuntu:/etc/xdg'), ('COPILOT_DEBUG_NONCE', '20fc3c0b33e88ebaf2914c4d51f59b28'), ('XDG_DATA_DIRS', '/usr/share/gnome:/usr/share/ubuntu:/usr/local/share/:/usr/share/:/var/lib/snapd/desktop'), ('PYTHONPATH', '/home/jon/ws01/install/base_demo/local/lib/python3.10/dist-packages:/opt/ros/humble/lib/python3.10/site-packages:/opt/ros/humble/local/lib/python3.10/dist-packages'), ('HTTP_PROXY', 'http://127.0.0.1:7890'), ('COLCON', '1'), ('CMAKE_PREFIX_PATH', '/home/jon/ws01/install/base_demo:/home/jon/ws01/install/cpp02_service:/home/jon/ws01/install/cpp01_topic:/home/jon/ros2_ws/install/hellovscode_cpp:/home/jon/ros2_ws/install/hello_cpp:/opt/ros/humble')]), 'shell': False}
[0.262418] (cpp02_service) StdoutLine: {'line': b'\x1b[35m\x1b[1mConsolidate compiler generated dependencies of target demo02_client\x1b[0m\n'}
[0.267130] (cpp01_topic) StdoutLine: {'line': b'[ 75%] Built target demo01_talker\n'}
[0.267519] (cpp01_topic) StdoutLine: {'line': b'[ 75%] Built target demo03_talker\n'}
[0.267591] (cpp01_topic) StdoutLine: {'line': b'[ 75%] Built target demo04_listener\n'}
[0.267629] (cpp01_topic) StdoutLine: {'line': b'[100%] Built target demo02_listener\n'}
[0.271130] (cpp02_service) StdoutLine: {'line': b'[ 50%] Built target demo01_server\n'}
[0.272391] (cpp02_service) StdoutLine: {'line': b'[ 75%] \x1b[32mBuilding CXX object CMakeFiles/demo02_client.dir/src/demo02_client.cpp.o\x1b[0m\n'}
[0.273050] (cpp01_topic) CommandEnded: {'returncode': 0}
[0.273846] (cpp01_topic) JobProgress: {'identifier': 'cpp01_topic', 'progress': 'install'}
[0.274039] (cpp01_topic) Command: {'cmd': ['/usr/bin/cmake', '--install', '/home/jon/ws01/build/cpp01_topic'], 'cwd': '/home/jon/ws01/build/cpp01_topic', 'env': OrderedDict([('GJS_DEBUG_TOPICS', 'JS ERROR;JS LOG'), ('PYTHON_BASIC_REPL', '1'), ('LESSOPEN', '| /usr/bin/lesspipe %s'), ('HTTPS_PROXY', 'http://127.0.0.1:7890'), ('no_proxy', 'localhost,127.0.0.0/8,::1'), ('LANGUAGE', 'zh_CN:zh'), ('USER', 'jon'), ('all_proxy', 'socks5h://127.0.0.1:7890'), ('XDG_SESSION_TYPE', 'x11'), ('GIT_ASKPASS', '/usr/share/code/resources/app/extensions/git/dist/askpass.sh'), ('SHLVL', '1'), ('LD_LIBRARY_PATH', '/home/jon/ws01/install/base_demo/lib:/opt/ros/humble/opt/rviz_ogre_vendor/lib:/opt/ros/humble/lib/x86_64-linux-gnu:/opt/ros/humble/lib'), ('HOME', '/home/jon'), ('CHROME_DESKTOP', 'code.desktop'), ('TERM_PROGRAM_VERSION', '1.138.0'), ('DESKTOP_SESSION', 'ubuntu'), ('NO_PROXY', 'localhost,127.0.0.0/8,::1'), ('GIO_LAUNCHED_DESKTOP_FILE', '/usr/share/applications/code.desktop'), ('ROS_PYTHON_VERSION', '3'), ('GNOME_SHELL_SESSION_MODE', 'ubuntu'), ('GTK_MODULES', 'gail:atk-bridge'), ('VSCODE_GIT_ASKPASS_MAIN', '/usr/share/code/resources/app/extensions/git/dist/askpass-main.js'), ('VSCODE_GIT_ASKPASS_NODE', '/usr/share/code/code'), ('MANAGERPID', '1286'), ('PYDEVD_DISABLE_FILE_VALIDATION', '1'), ('SYSTEMD_EXEC_PID', '2464'), ('BUNDLED_DEBUGPY_PATH', '/home/jon/.vscode/extensions/ms-python.debugpy-2026.6.0-linux-x64/bundled/libs/debugpy'), ('VSCODE_PYTHON_AUTOACTIVATE_GUARD', '1'), ('DBUS_SESSION_BUS_ADDRESS', 'unix:path=/run/user/1000/bus'), ('COLORTERM', 'truecolor'), ('GIO_LAUNCHED_DESKTOP_FILE_PID', '4092'), ('IM_CONFIG_PHASE', '1'), ('https_proxy', 'http://127.0.0.1:7890'), ('COLCON_PREFIX_PATH', '/home/jon/ws01/install:/home/jon/ros2_ws/install'), ('ROS_DISTRO', 'humble'), ('LOGNAME', 'jon'), ('ALL_PROXY', 'socks5h://127.0.0.1:7890'), ('http_proxy', 'http://127.0.0.1:7890'), ('JOURNAL_STREAM', '8:15521'), ('_', '/usr/bin/colcon'), ('ROS_VERSION', '2'), ('XDG_SESSION_CLASS', 'user'), ('USERNAME', 'jon'), ('TERM', 'xterm-256color'), ('GNOME_DESKTOP_SESSION_ID', 'this-is-deprecated'), ('FC_FONTATIONS', '1'), ('ROS_LOCALHOST_ONLY', '0'), ('WINDOWPATH', '2'), ('PATH', '/home/jon/.config/Code/User/globalStorage/github.copilot-chat/debugCommand:/home/jon/.config/Code/User/globalStorage/github.copilot-chat/copilotCli:/home/jon/.local/bin:/opt/ros/humble/bin:/home/jon/.local/bin:/home/jon/.local/bin:/usr/local/sbin:/usr/local/bin:/usr/sbin:/usr/bin:/sbin:/bin:/usr/games:/usr/local/games:/snap/bin:/snap/bin:/home/jon/.vscode/extensions/ms-python.debugpy-2026.6.0-linux-x64/bundled/scripts/noConfigScripts'), ('SESSION_MANAGER', 'local/WJ:@/tmp/.ICE-unix/2436,unix/WJ:/tmp/.ICE-unix/2436'), ('INVOCATION_ID', 'dc714fa0cdc34e3a9439b83ad9a63145'), ('XDG_MENU_PREFIX', 'gnome-'), ('XDG_RUNTIME_DIR', '/run/user/1000'), ('GDK_BACKEND', 'x11'), ('DISPLAY', ':0'), ('VSCODE_DEBUGPY_ADAPTER_ENDPOINTS', '/home/jon/.vscode/extensions/ms-python.debugpy-2026.6.0-linux-x64/.noConfigDebugAdapterEndpoints/endpoint-b8a5c5d86f95c8fb.txt'), ('LANG', 'zh_CN.UTF-8'), ('XDG_CURRENT_DESKTOP', 'ubuntu:GNOME'), ('PYTHONSTARTUP', '/home/jon/.config/Code/User/workspaceStorage/1f60e15f81795b7429f56f0c0e99fe64/ms-python.python/pythonrc.py'), ('XMODIFIERS', '@im=ibus'), ('XDG_SESSION_DESKTOP', 'ubuntu'), ('XAUTHORITY', '/run/user/1000/gdm/Xauthority'), ('LS_COLORS', 'rs=0:di=01;34:ln=01;36:mh=00:pi=40;33:so=01;35:do=01;35:bd=40;33;01:cd=40;33;01:or=40;31;01:mi=00:su=37;41:sg=30;43:ca=30;41:tw=30;42:ow=34;42:st=37;44:ex=01;32:*.tar=01;31:*.tgz=01;31:*.arc=01;31:*.arj=01;31:*.taz=01;31:*.lha=01;31:*.lz4=01;31:*.lzh=01;31:*.lzma=01;31:*.tlz=01;31:*.txz=01;31:*.tzo=01;31:*.t7z=01;31:*.zip=01;31:*.z=01;31:*.dz=01;31:*.gz=01;31:*.lrz=01;31:*.lz=01;31:*.lzo=01;31:*.xz=01;31:*.zst=01;31:*.tzst=01;31:*.bz2=01;31:*.bz=01;31:*.tbz=01;31:*.tbz2=01;31:*.tz=01;31:*.deb=01;31:*.rpm=01;31:*.jar=01;31:*.war=01;31:*.ear=01;31:*.sar=01;31:*.rar=01;31:*.alz=01;31:*.ace=01;31:*.zoo=01;31:*.cpio=01;31:*.7z=01;31:*.rz=01;31:*.cab=01;31:*.wim=01;31:*.swm=01;31:*.dwm=01;31:*.esd=01;31:*.jpg=01;35:*.jpeg=01;35:*.mjpg=01;35:*.mjpeg=01;35:*.gif=01;35:*.bmp=01;35:*.pbm=01;35:*.pgm=01;35:*.ppm=01;35:*.tga=01;35:*.xbm=01;35:*.xpm=01;35:*.tif=01;35:*.tiff=01;35:*.png=01;35:*.svg=01;35:*.svgz=01;35:*.mng=01;35:*.pcx=01;35:*.mov=01;35:*.mpg=01;35:*.mpeg=01;35:*.m2v=01;35:*.mkv=01;35:*.webm=01;35:*.webp=01;35:*.ogm=01;35:*.mp4=01;35:*.m4v=01;35:*.mp4v=01;35:*.vob=01;35:*.qt=01;35:*.nuv=01;35:*.wmv=01;35:*.asf=01;35:*.rm=01;35:*.rmvb=01;35:*.flc=01;35:*.avi=01;35:*.fli=01;35:*.flv=01;35:*.gl=01;35:*.dl=01;35:*.xcf=01;35:*.xwd=01;35:*.yuv=01;35:*.cgm=01;35:*.emf=01;35:*.ogv=01;35:*.ogx=01;35:*.aac=00;36:*.au=00;36:*.flac=00;36:*.m4a=00;36:*.mid=00;36:*.midi=00;36:*.mka=00;36:*.mp3=00;36:*.mpc=00;36:*.ogg=00;36:*.ra=00;36:*.wav=00;36:*.oga=00;36:*.opus=00;36:*.spx=00;36:*.xspf=00;36:'), ('VSCODE_GIT_IPC_HANDLE', '/run/user/1000/vscode-git-81883a5c4f.sock'), ('TERM_PROGRAM', 'vscode'), ('SSH_AGENT_LAUNCHER', 'gnome-keyring'), ('SSH_AUTH_SOCK', '/run/user/1000/keyring/ssh'), ('AMENT_PREFIX_PATH', '/home/jon/ws01/install/cpp02_service:/home/jon/ws01/install/cpp01_topic:/home/jon/ws01/install/base_demo:/home/jon/ros2_ws/install/hellovscode_cpp:/home/jon/ros2_ws/install/hello_cpp:/opt/ros/humble'), ('SHELL', '/bin/bash'), ('QT_ACCESSIBILITY', '1'), ('GDMSESSION', 'ubuntu'), ('LESSCLOSE', '/usr/bin/lesspipe %s %s'), ('GPG_AGENT_INFO', '/run/user/1000/gnupg/S.gpg-agent:0:1'), ('GJS_DEBUG_OUTPUT', 'stderr'), ('VSCODE_GIT_ASKPASS_EXTRA_ARGS', ''), ('QT_IM_MODULE', 'ibus'), ('PWD', '/home/jon/ws01/build/cpp01_topic'), ('XDG_CONFIG_DIRS', '/etc/xdg/xdg-ubuntu:/etc/xdg'), ('COPILOT_DEBUG_NONCE', '20fc3c0b33e88ebaf2914c4d51f59b28'), ('XDG_DATA_DIRS', '/usr/share/gnome:/usr/share/ubuntu:/usr/local/share/:/usr/share/:/var/lib/snapd/desktop'), ('PYTHONPATH', '/home/jon/ws01/install/base_demo/local/lib/python3.10/dist-packages:/opt/ros/humble/lib/python3.10/site-packages:/opt/ros/humble/local/lib/python3.10/dist-packages'), ('HTTP_PROXY', 'http://127.0.0.1:7890'), ('COLCON', '1'), ('CMAKE_PREFIX_PATH', '/home/jon/ws01/install/base_demo:/home/jon/ws01/install/cpp02_service:/home/jon/ws01/install/cpp01_topic:/home/jon/ros2_ws/install/hellovscode_cpp:/home/jon/ros2_ws/install/hello_cpp:/opt/ros/humble')]), 'shell': False}
[0.278702] (cpp01_topic) StdoutLine: {'line': b'-- Install configuration: ""\n'}
[0.278995] (cpp01_topic) StdoutLine: {'line': b'-- Up-to-date: /home/jon/ws01/install/cpp01_topic/lib/cpp01_topic/demo01_talker\n'}
[0.279032] (cpp01_topic) StdoutLine: {'line': b'-- Up-to-date: /home/jon/ws01/install/cpp01_topic/lib/cpp01_topic/demo02_listener\n'}
[0.279393] (cpp01_topic) StdoutLine: {'line': b'-- Up-to-date: /home/jon/ws01/install/cpp01_topic/lib/cpp01_topic/demo03_talker\n'}
[0.279504] (cpp01_topic) StdoutLine: {'line': b'-- Up-to-date: /home/jon/ws01/install/cpp01_topic/lib/cpp01_topic/demo04_listener\n'}
[0.279867] (cpp01_topic) StdoutLine: {'line': b'-- Up-to-date: /home/jon/ws01/install/cpp01_topic/share/ament_index/resource_index/package_run_dependencies/cpp01_topic\n'}
[0.279920] (cpp01_topic) StdoutLine: {'line': b'-- Up-to-date: /home/jon/ws01/install/cpp01_topic/share/ament_index/resource_index/parent_prefix_path/cpp01_topic\n'}
[0.279960] (cpp01_topic) StdoutLine: {'line': b'-- Up-to-date: /home/jon/ws01/install/cpp01_topic/share/cpp01_topic/environment/ament_prefix_path.sh\n'}
[0.279992] (cpp01_topic) StdoutLine: {'line': b'-- Up-to-date: /home/jon/ws01/install/cpp01_topic/share/cpp01_topic/environment/ament_prefix_path.dsv\n'}
[0.280137] (cpp01_topic) StdoutLine: {'line': b'-- Up-to-date: /home/jon/ws01/install/cpp01_topic/share/cpp01_topic/environment/path.sh\n'}
[0.280401] (cpp01_topic) StdoutLine: {'line': b'-- Up-to-date: /home/jon/ws01/install/cpp01_topic/share/cpp01_topic/environment/path.dsv\n'}
[0.280707] (cpp01_topic) StdoutLine: {'line': b'-- Up-to-date: /home/jon/ws01/install/cpp01_topic/share/cpp01_topic/local_setup.bash\n'}
[0.280758] (cpp01_topic) StdoutLine: {'line': b'-- Up-to-date: /home/jon/ws01/install/cpp01_topic/share/cpp01_topic/local_setup.sh\n'}
[0.280792] (cpp01_topic) StdoutLine: {'line': b'-- Up-to-date: /home/jon/ws01/install/cpp01_topic/share/cpp01_topic/local_setup.zsh\n'}
[0.280824] (cpp01_topic) StdoutLine: {'line': b'-- Up-to-date: /home/jon/ws01/install/cpp01_topic/share/cpp01_topic/local_setup.dsv\n'}
[0.280867] (cpp01_topic) StdoutLine: {'line': b'-- Installing: /home/jon/ws01/install/cpp01_topic/share/cpp01_topic/package.dsv\n'}
[0.281036] (cpp01_topic) StdoutLine: {'line': b'-- Up-to-date: /home/jon/ws01/install/cpp01_topic/share/ament_index/resource_index/packages/cpp01_topic\n'}
[0.281225] (cpp01_topic) StdoutLine: {'line': b'-- Up-to-date: /home/jon/ws01/install/cpp01_topic/share/cpp01_topic/cmake/cpp01_topicConfig.cmake\n'}
[0.281626] (cpp01_topic) StdoutLine: {'line': b'-- Up-to-date: /home/jon/ws01/install/cpp01_topic/share/cpp01_topic/cmake/cpp01_topicConfig-version.cmake\n'}
[0.281667] (cpp01_topic) StdoutLine: {'line': b'-- Up-to-date: /home/jon/ws01/install/cpp01_topic/share/cpp01_topic/package.xml\n'}
[0.282626] (cpp01_topic) CommandEnded: {'returncode': 0}
[0.292234] (cpp01_topic) JobEnded: {'identifier': 'cpp01_topic', 'rc': 0}
[0.299615] (-) TimerEvent: {}
[0.399914] (-) TimerEvent: {}
[0.500229] (-) TimerEvent: {}
[0.600627] (-) TimerEvent: {}
[0.700982] (-) TimerEvent: {}
[0.801439] (-) TimerEvent: {}
[0.901951] (-) TimerEvent: {}
[1.002361] (-) TimerEvent: {}
[1.102623] (-) TimerEvent: {}
[1.202867] (-) TimerEvent: {}
[1.301327] (cpp02_service) StderrLine: {'line': b'In file included from \x1b[01m\x1b[K/opt/ros/humble/include/rclcpp/rclcpp/client.hpp:40\x1b[m\x1b[K,\n'}
[1.301472] (cpp02_service) StderrLine: {'line': b'                 from \x1b[01m\x1b[K/opt/ros/humble/include/rclcpp/rclcpp/callback_group.hpp:24\x1b[m\x1b[K,\n'}
[1.301500] (cpp02_service) StderrLine: {'line': b'                 from \x1b[01m\x1b[K/opt/ros/humble/include/rclcpp/rclcpp/any_executable.hpp:20\x1b[m\x1b[K,\n'}
[1.301521] (cpp02_service) StderrLine: {'line': b'                 from \x1b[01m\x1b[K/opt/ros/humble/include/rclcpp/rclcpp/memory_strategy.hpp:25\x1b[m\x1b[K,\n'}
[1.301540] (cpp02_service) StderrLine: {'line': b'                 from \x1b[01m\x1b[K/opt/ros/humble/include/rclcpp/rclcpp/memory_strategies.hpp:18\x1b[m\x1b[K,\n'}
[1.301558] (cpp02_service) StderrLine: {'line': b'                 from \x1b[01m\x1b[K/opt/ros/humble/include/rclcpp/rclcpp/executor_options.hpp:20\x1b[m\x1b[K,\n'}
[1.301576] (cpp02_service) StderrLine: {'line': b'                 from \x1b[01m\x1b[K/opt/ros/humble/include/rclcpp/rclcpp/executor.hpp:37\x1b[m\x1b[K,\n'}
[1.301592] (cpp02_service) StderrLine: {'line': b'                 from \x1b[01m\x1b[K/opt/ros/humble/include/rclcpp/rclcpp/executors/multi_threaded_executor.hpp:25\x1b[m\x1b[K,\n'}
[1.301610] (cpp02_service) StderrLine: {'line': b'                 from \x1b[01m\x1b[K/opt/ros/humble/include/rclcpp/rclcpp/executors.hpp:21\x1b[m\x1b[K,\n'}
[1.301627] (cpp02_service) StderrLine: {'line': b'                 from \x1b[01m\x1b[K/opt/ros/humble/include/rclcpp/rclcpp/rclcpp.hpp:155\x1b[m\x1b[K,\n'}
[1.301645] (cpp02_service) StderrLine: {'line': b'                 from \x1b[01m\x1b[K/home/jon/ws01/src/cpp02_service/src/demo02_client.cpp:17\x1b[m\x1b[K:\n'}
[1.301662] (cpp02_service) StderrLine: {'line': b'\x1b[01m\x1b[K/home/jon/ws01/src/cpp02_service/src/demo02_client.cpp:\x1b[m\x1b[K In constructor \xe2\x80\x98\x1b[01m\x1b[KAddintsClient::AddintsClient()\x1b[m\x1b[K\xe2\x80\x99:\n'}
[1.301681] (cpp02_service) StderrLine: {'line': b'\x1b[01m\x1b[K/home/jon/ws01/src/cpp02_service/src/demo02_client.cpp:29:35:\x1b[m\x1b[K \x1b[01;31m\x1b[Kerror: \x1b[m\x1b[Ktoo few arguments to function \xe2\x80\x98\x1b[01m\x1b[Krclcpp::Logger rclcpp::get_logger(const string&)\x1b[m\x1b[K\xe2\x80\x99\n'}
[1.301700] (cpp02_service) StderrLine: {'line': b'   29 |     RCLCPP_INFO(\x1b[01;31m\x1b[Krclcpp::get_logger()\x1b[m\x1b[K, "addints_client\xe8\x8a\x82\xe7\x82\xb9\xe5\x90\xaf\xe5\x8a\xa8\xef\xbc\x81");\n'}
[1.301717] (cpp02_service) StderrLine: {'line': b'      |                 \x1b[01;31m\x1b[K~~~~~~~~~~~~~~~~~~^~\x1b[m\x1b[K\n'}
[1.301733] (cpp02_service) StderrLine: {'line': b'In file included from \x1b[01m\x1b[K/opt/ros/humble/include/rclcpp/rclcpp/logging.hpp:23\x1b[m\x1b[K,\n'}
[1.301749] (cpp02_service) StderrLine: {'line': b'                 from \x1b[01m\x1b[K/opt/ros/humble/include/rclcpp/rclcpp/client.hpp:40\x1b[m\x1b[K,\n'}
[1.301765] (cpp02_service) StderrLine: {'line': b'                 from \x1b[01m\x1b[K/opt/ros/humble/include/rclcpp/rclcpp/callback_group.hpp:24\x1b[m\x1b[K,\n'}
[1.301782] (cpp02_service) StderrLine: {'line': b'                 from \x1b[01m\x1b[K/opt/ros/humble/include/rclcpp/rclcpp/any_executable.hpp:20\x1b[m\x1b[K,\n'}
[1.301798] (cpp02_service) StderrLine: {'line': b'                 from \x1b[01m\x1b[K/opt/ros/humble/include/rclcpp/rclcpp/memory_strategy.hpp:25\x1b[m\x1b[K,\n'}
[1.301814] (cpp02_service) StderrLine: {'line': b'                 from \x1b[01m\x1b[K/opt/ros/humble/include/rclcpp/rclcpp/memory_strategies.hpp:18\x1b[m\x1b[K,\n'}
[1.301831] (cpp02_service) StderrLine: {'line': b'                 from \x1b[01m\x1b[K/opt/ros/humble/include/rclcpp/rclcpp/executor_options.hpp:20\x1b[m\x1b[K,\n'}
[1.301846] (cpp02_service) StderrLine: {'line': b'                 from \x1b[01m\x1b[K/opt/ros/humble/include/rclcpp/rclcpp/executor.hpp:37\x1b[m\x1b[K,\n'}
[1.301863] (cpp02_service) StderrLine: {'line': b'                 from \x1b[01m\x1b[K/opt/ros/humble/include/rclcpp/rclcpp/executors/multi_threaded_executor.hpp:25\x1b[m\x1b[K,\n'}
[1.301881] (cpp02_service) StderrLine: {'line': b'                 from \x1b[01m\x1b[K/opt/ros/humble/include/rclcpp/rclcpp/executors.hpp:21\x1b[m\x1b[K,\n'}
[1.301897] (cpp02_service) StderrLine: {'line': b'                 from \x1b[01m\x1b[K/opt/ros/humble/include/rclcpp/rclcpp/rclcpp.hpp:155\x1b[m\x1b[K,\n'}
[1.301913] (cpp02_service) StderrLine: {'line': b'                 from \x1b[01m\x1b[K/home/jon/ws01/src/cpp02_service/src/demo02_client.cpp:17\x1b[m\x1b[K:\n'}
[1.301929] (cpp02_service) StderrLine: {'line': b'\x1b[01m\x1b[K/opt/ros/humble/include/rclcpp/rclcpp/logger.hpp:106:17:\x1b[m\x1b[K \x1b[01;36m\x1b[Knote: \x1b[m\x1b[Kdeclared here\n'}
[1.301946] (cpp02_service) StderrLine: {'line': b'  106 |   friend Logger \x1b[01;36m\x1b[Krclcpp\x1b[m\x1b[K::get_logger(const std::string & name);\n'}
[1.301962] (cpp02_service) StderrLine: {'line': b'      |                 \x1b[01;36m\x1b[K^~~~~~\x1b[m\x1b[K\n'}
[1.301979] (cpp02_service) StderrLine: {'line': b'In file included from \x1b[01m\x1b[K/opt/ros/humble/include/rclcpp/rclcpp/client.hpp:40\x1b[m\x1b[K,\n'}
[1.301994] (cpp02_service) StderrLine: {'line': b'                 from \x1b[01m\x1b[K/opt/ros/humble/include/rclcpp/rclcpp/callback_group.hpp:24\x1b[m\x1b[K,\n'}
[1.302009] (cpp02_service) StderrLine: {'line': b'                 from \x1b[01m\x1b[K/opt/ros/humble/include/rclcpp/rclcpp/any_executable.hpp:20\x1b[m\x1b[K,\n'}
[1.302029] (cpp02_service) StderrLine: {'line': b'                 from \x1b[01m\x1b[K/opt/ros/humble/include/rclcpp/rclcpp/memory_strategy.hpp:25\x1b[m\x1b[K,\n'}
[1.302046] (cpp02_service) StderrLine: {'line': b'                 from \x1b[01m\x1b[K/opt/ros/humble/include/rclcpp/rclcpp/memory_strategies.hpp:18\x1b[m\x1b[K,\n'}
[1.302062] (cpp02_service) StderrLine: {'line': b'                 from \x1b[01m\x1b[K/opt/ros/humble/include/rclcpp/rclcpp/executor_options.hpp:20\x1b[m\x1b[K,\n'}
[1.302078] (cpp02_service) StderrLine: {'line': b'                 from \x1b[01m\x1b[K/opt/ros/humble/include/rclcpp/rclcpp/executor.hpp:37\x1b[m\x1b[K,\n'}
[1.302094] (cpp02_service) StderrLine: {'line': b'                 from \x1b[01m\x1b[K/opt/ros/humble/include/rclcpp/rclcpp/executors/multi_threaded_executor.hpp:25\x1b[m\x1b[K,\n'}
[1.302110] (cpp02_service) StderrLine: {'line': b'                 from \x1b[01m\x1b[K/opt/ros/humble/include/rclcpp/rclcpp/executors.hpp:21\x1b[m\x1b[K,\n'}
[1.302125] (cpp02_service) StderrLine: {'line': b'                 from \x1b[01m\x1b[K/opt/ros/humble/include/rclcpp/rclcpp/rclcpp.hpp:155\x1b[m\x1b[K,\n'}
[1.302142] (cpp02_service) StderrLine: {'line': b'                 from \x1b[01m\x1b[K/home/jon/ws01/src/cpp02_service/src/demo02_client.cpp:17\x1b[m\x1b[K:\n'}
[1.302157] (cpp02_service) StderrLine: {'line': b'\x1b[01m\x1b[K/home/jon/ws01/src/cpp02_service/src/demo02_client.cpp:29:35:\x1b[m\x1b[K \x1b[01;31m\x1b[Kerror: \x1b[m\x1b[Ktoo few arguments to function \xe2\x80\x98\x1b[01m\x1b[Krclcpp::Logger rclcpp::get_logger(const string&)\x1b[m\x1b[K\xe2\x80\x99\n'}
[1.302176] (cpp02_service) StderrLine: {'line': b'   29 |     RCLCPP_INFO(\x1b[01;31m\x1b[Krclcpp::get_logger()\x1b[m\x1b[K, "addints_client\xe8\x8a\x82\xe7\x82\xb9\xe5\x90\xaf\xe5\x8a\xa8\xef\xbc\x81");\n'}
[1.302192] (cpp02_service) StderrLine: {'line': b'      |                 \x1b[01;31m\x1b[K~~~~~~~~~~~~~~~~~~^~\x1b[m\x1b[K\n'}
[1.302208] (cpp02_service) StderrLine: {'line': b'In file included from \x1b[01m\x1b[K/opt/ros/humble/include/rclcpp/rclcpp/logging.hpp:23\x1b[m\x1b[K,\n'}
[1.302223] (cpp02_service) StderrLine: {'line': b'                 from \x1b[01m\x1b[K/opt/ros/humble/include/rclcpp/rclcpp/client.hpp:40\x1b[m\x1b[K,\n'}
[1.302239] (cpp02_service) StderrLine: {'line': b'                 from \x1b[01m\x1b[K/opt/ros/humble/include/rclcpp/rclcpp/callback_group.hpp:24\x1b[m\x1b[K,\n'}
[1.302255] (cpp02_service) StderrLine: {'line': b'                 from \x1b[01m\x1b[K/opt/ros/humble/include/rclcpp/rclcpp/any_executable.hpp:20\x1b[m\x1b[K,\n'}
[1.302271] (cpp02_service) StderrLine: {'line': b'                 from \x1b[01m\x1b[K/opt/ros/humble/include/rclcpp/rclcpp/memory_strategy.hpp:25\x1b[m\x1b[K,\n'}
[1.302287] (cpp02_service) StderrLine: {'line': b'                 from \x1b[01m\x1b[K/opt/ros/humble/include/rclcpp/rclcpp/memory_strategies.hpp:18\x1b[m\x1b[K,\n'}
[1.302305] (cpp02_service) StderrLine: {'line': b'                 from \x1b[01m\x1b[K/opt/ros/humble/include/rclcpp/rclcpp/executor_options.hpp:20\x1b[m\x1b[K,\n'}
[1.302322] (cpp02_service) StderrLine: {'line': b'                 from \x1b[01m\x1b[K/opt/ros/humble/include/rclcpp/rclcpp/executor.hpp:37\x1b[m\x1b[K,\n'}
[1.302337] (cpp02_service) StderrLine: {'line': b'                 from \x1b[01m\x1b[K/opt/ros/humble/include/rclcpp/rclcpp/executors/multi_threaded_executor.hpp:25\x1b[m\x1b[K,\n'}
[1.302352] (cpp02_service) StderrLine: {'line': b'                 from \x1b[01m\x1b[K/opt/ros/humble/include/rclcpp/rclcpp/executors.hpp:21\x1b[m\x1b[K,\n'}
[1.302368] (cpp02_service) StderrLine: {'line': b'                 from \x1b[01m\x1b[K/opt/ros/humble/include/rclcpp/rclcpp/rclcpp.hpp:155\x1b[m\x1b[K,\n'}
[1.302383] (cpp02_service) StderrLine: {'line': b'                 from \x1b[01m\x1b[K/home/jon/ws01/src/cpp02_service/src/demo02_client.cpp:17\x1b[m\x1b[K:\n'}
[1.302398] (cpp02_service) StderrLine: {'line': b'\x1b[01m\x1b[K/opt/ros/humble/include/rclcpp/rclcpp/logger.hpp:106:17:\x1b[m\x1b[K \x1b[01;36m\x1b[Knote: \x1b[m\x1b[Kdeclared here\n'}
[1.302414] (cpp02_service) StderrLine: {'line': b'  106 |   friend Logger \x1b[01;36m\x1b[Krclcpp\x1b[m\x1b[K::get_logger(const std::string & name);\n'}
[1.302430] (cpp02_service) StderrLine: {'line': b'      |                 \x1b[01;36m\x1b[K^~~~~~\x1b[m\x1b[K\n'}
[1.302446] (cpp02_service) StderrLine: {'line': b'In file included from \x1b[01m\x1b[K/opt/ros/humble/include/rclcpp/rclcpp/client.hpp:40\x1b[m\x1b[K,\n'}
[1.302461] (cpp02_service) StderrLine: {'line': b'                 from \x1b[01m\x1b[K/opt/ros/humble/include/rclcpp/rclcpp/callback_group.hpp:24\x1b[m\x1b[K,\n'}
[1.302477] (cpp02_service) StderrLine: {'line': b'                 from \x1b[01m\x1b[K/opt/ros/humble/include/rclcpp/rclcpp/any_executable.hpp:20\x1b[m\x1b[K,\n'}
[1.302492] (cpp02_service) StderrLine: {'line': b'                 from \x1b[01m\x1b[K/opt/ros/humble/include/rclcpp/rclcpp/memory_strategy.hpp:25\x1b[m\x1b[K,\n'}
[1.302508] (cpp02_service) StderrLine: {'line': b'                 from \x1b[01m\x1b[K/opt/ros/humble/include/rclcpp/rclcpp/memory_strategies.hpp:18\x1b[m\x1b[K,\n'}
[1.302523] (cpp02_service) StderrLine: {'line': b'                 from \x1b[01m\x1b[K/opt/ros/humble/include/rclcpp/rclcpp/executor_options.hpp:20\x1b[m\x1b[K,\n'}
[1.302540] (cpp02_service) StderrLine: {'line': b'                 from \x1b[01m\x1b[K/opt/ros/humble/include/rclcpp/rclcpp/executor.hpp:37\x1b[m\x1b[K,\n'}
[1.302555] (cpp02_service) StderrLine: {'line': b'                 from \x1b[01m\x1b[K/opt/ros/humble/include/rclcpp/rclcpp/executors/multi_threaded_executor.hpp:25\x1b[m\x1b[K,\n'}
[1.303062] (-) TimerEvent: {}
[1.303130] (cpp02_service) StderrLine: {'line': b'                 from \x1b[01m\x1b[K/opt/ros/humble/include/rclcpp/rclcpp/executors.hpp:21\x1b[m\x1b[K,\n'}
[1.303160] (cpp02_service) StderrLine: {'line': b'                 from \x1b[01m\x1b[K/opt/ros/humble/include/rclcpp/rclcpp/rclcpp.hpp:155\x1b[m\x1b[K,\n'}
[1.303180] (cpp02_service) StderrLine: {'line': b'                 from \x1b[01m\x1b[K/home/jon/ws01/src/cpp02_service/src/demo02_client.cpp:17\x1b[m\x1b[K:\n'}
[1.303199] (cpp02_service) StderrLine: {'line': b'\x1b[01m\x1b[K/home/jon/ws01/src/cpp02_service/src/demo02_client.cpp:29:5:\x1b[m\x1b[K \x1b[01;31m\x1b[Kerror: \x1b[m\x1b[Ktemplate argument 1 is invalid\n'}
[1.303220] (cpp02_service) StderrLine: {'line': b'   29 |     \x1b[01;31m\x1b[KRCLCPP_INFO\x1b[m\x1b[K(rclcpp::get_logger(), "addints_client\xe8\x8a\x82\xe7\x82\xb9\xe5\x90\xaf\xe5\x8a\xa8\xef\xbc\x81");\n'}
[1.303238] (cpp02_service) StderrLine: {'line': b'      |     \x1b[01;31m\x1b[K^~~~~~~~~~~\x1b[m\x1b[K\n'}
[1.303256] (cpp02_service) StderrLine: {'line': b'In file included from \x1b[01m\x1b[K/opt/ros/humble/include/rclcpp/rclcpp/logging.hpp:24\x1b[m\x1b[K,\n'}
[1.303275] (cpp02_service) StderrLine: {'line': b'                 from \x1b[01m\x1b[K/opt/ros/humble/include/rclcpp/rclcpp/client.hpp:40\x1b[m\x1b[K,\n'}
[1.303292] (cpp02_service) StderrLine: {'line': b'                 from \x1b[01m\x1b[K/opt/ros/humble/include/rclcpp/rclcpp/callback_group.hpp:24\x1b[m\x1b[K,\n'}
[1.303312] (cpp02_service) StderrLine: {'line': b'                 from \x1b[01m\x1b[K/opt/ros/humble/include/rclcpp/rclcpp/any_executable.hpp:20\x1b[m\x1b[K,\n'}
[1.303330] (cpp02_service) StderrLine: {'line': b'                 from \x1b[01m\x1b[K/opt/ros/humble/include/rclcpp/rclcpp/memory_strategy.hpp:25\x1b[m\x1b[K,\n'}
[1.303347] (cpp02_service) StderrLine: {'line': b'                 from \x1b[01m\x1b[K/opt/ros/humble/include/rclcpp/rclcpp/memory_strategies.hpp:18\x1b[m\x1b[K,\n'}
[1.303362] (cpp02_service) StderrLine: {'line': b'                 from \x1b[01m\x1b[K/opt/ros/humble/include/rclcpp/rclcpp/executor_options.hpp:20\x1b[m\x1b[K,\n'}
[1.303378] (cpp02_service) StderrLine: {'line': b'                 from \x1b[01m\x1b[K/opt/ros/humble/include/rclcpp/rclcpp/executor.hpp:37\x1b[m\x1b[K,\n'}
[1.303393] (cpp02_service) StderrLine: {'line': b'                 from \x1b[01m\x1b[K/opt/ros/humble/include/rclcpp/rclcpp/executors/multi_threaded_executor.hpp:25\x1b[m\x1b[K,\n'}
[1.303409] (cpp02_service) StderrLine: {'line': b'                 from \x1b[01m\x1b[K/opt/ros/humble/include/rclcpp/rclcpp/executors.hpp:21\x1b[m\x1b[K,\n'}
[1.303427] (cpp02_service) StderrLine: {'line': b'                 from \x1b[01m\x1b[K/opt/ros/humble/include/rclcpp/rclcpp/rclcpp.hpp:155\x1b[m\x1b[K,\n'}
[1.303443] (cpp02_service) StderrLine: {'line': b'                 from \x1b[01m\x1b[K/home/jon/ws01/src/cpp02_service/src/demo02_client.cpp:17\x1b[m\x1b[K:\n'}
[1.303460] (cpp02_service) StderrLine: {'line': b'\x1b[01m\x1b[K/home/jon/ws01/src/cpp02_service/src/demo02_client.cpp:29:35:\x1b[m\x1b[K \x1b[01;31m\x1b[Kerror: \x1b[m\x1b[Ktoo few arguments to function \xe2\x80\x98\x1b[01m\x1b[Krclcpp::Logger rclcpp::get_logger(const string&)\x1b[m\x1b[K\xe2\x80\x99\n'}
[1.303477] (cpp02_service) StderrLine: {'line': b'   29 |     RCLCPP_INFO(\x1b[01;31m\x1b[Krclcpp::get_logger()\x1b[m\x1b[K, "addints_client\xe8\x8a\x82\xe7\x82\xb9\xe5\x90\xaf\xe5\x8a\xa8\xef\xbc\x81");\n'}
[1.303493] (cpp02_service) StderrLine: {'line': b'      |                 \x1b[01;31m\x1b[K~~~~~~~~~~~~~~~~~~^~\x1b[m\x1b[K\n'}
[1.303510] (cpp02_service) StderrLine: {'line': b'In file included from \x1b[01m\x1b[K/opt/ros/humble/include/rclcpp/rclcpp/logging.hpp:23\x1b[m\x1b[K,\n'}
[1.303526] (cpp02_service) StderrLine: {'line': b'                 from \x1b[01m\x1b[K/opt/ros/humble/include/rclcpp/rclcpp/client.hpp:40\x1b[m\x1b[K,\n'}
[1.303541] (cpp02_service) StderrLine: {'line': b'                 from \x1b[01m\x1b[K/opt/ros/humble/include/rclcpp/rclcpp/callback_group.hpp:24\x1b[m\x1b[K,\n'}
[1.303557] (cpp02_service) StderrLine: {'line': b'                 from \x1b[01m\x1b[K/opt/ros/humble/include/rclcpp/rclcpp/any_executable.hpp:20\x1b[m\x1b[K,\n'}
[1.303573] (cpp02_service) StderrLine: {'line': b'                 from \x1b[01m\x1b[K/opt/ros/humble/include/rclcpp/rclcpp/memory_strategy.hpp:25\x1b[m\x1b[K,\n'}
[1.303589] (cpp02_service) StderrLine: {'line': b'                 from \x1b[01m\x1b[K/opt/ros/humble/include/rclcpp/rclcpp/memory_strategies.hpp:18\x1b[m\x1b[K,\n'}
[1.303605] (cpp02_service) StderrLine: {'line': b'                 from \x1b[01m\x1b[K/opt/ros/humble/include/rclcpp/rclcpp/executor_options.hpp:20\x1b[m\x1b[K,\n'}
[1.303620] (cpp02_service) StderrLine: {'line': b'                 from \x1b[01m\x1b[K/opt/ros/humble/include/rclcpp/rclcpp/executor.hpp:37\x1b[m\x1b[K,\n'}
[1.303635] (cpp02_service) StderrLine: {'line': b'                 from \x1b[01m\x1b[K/opt/ros/humble/include/rclcpp/rclcpp/executors/multi_threaded_executor.hpp:25\x1b[m\x1b[K,\n'}
[1.303651] (cpp02_service) StderrLine: {'line': b'                 from \x1b[01m\x1b[K/opt/ros/humble/include/rclcpp/rclcpp/executors.hpp:21\x1b[m\x1b[K,\n'}
[1.303668] (cpp02_service) StderrLine: {'line': b'                 from \x1b[01m\x1b[K/opt/ros/humble/include/rclcpp/rclcpp/rclcpp.hpp:155\x1b[m\x1b[K,\n'}
[1.303683] (cpp02_service) StderrLine: {'line': b'                 from \x1b[01m\x1b[K/home/jon/ws01/src/cpp02_service/src/demo02_client.cpp:17\x1b[m\x1b[K:\n'}
[1.303698] (cpp02_service) StderrLine: {'line': b'\x1b[01m\x1b[K/opt/ros/humble/include/rclcpp/rclcpp/logger.hpp:106:17:\x1b[m\x1b[K \x1b[01;36m\x1b[Knote: \x1b[m\x1b[Kdeclared here\n'}
[1.303713] (cpp02_service) StderrLine: {'line': b'  106 |   friend Logger \x1b[01;36m\x1b[Krclcpp\x1b[m\x1b[K::get_logger(const std::string & name);\n'}
[1.303729] (cpp02_service) StderrLine: {'line': b'      |                 \x1b[01;36m\x1b[K^~~~~~\x1b[m\x1b[K\n'}
[1.303745] (cpp02_service) StderrLine: {'line': b'In file included from \x1b[01m\x1b[K/opt/ros/humble/include/rclcpp/rclcpp/logging.hpp:24\x1b[m\x1b[K,\n'}
[1.303760] (cpp02_service) StderrLine: {'line': b'                 from \x1b[01m\x1b[K/opt/ros/humble/include/rclcpp/rclcpp/client.hpp:40\x1b[m\x1b[K,\n'}
[1.303775] (cpp02_service) StderrLine: {'line': b'                 from \x1b[01m\x1b[K/opt/ros/humble/include/rclcpp/rclcpp/callback_group.hpp:24\x1b[m\x1b[K,\n'}
[1.303791] (cpp02_service) StderrLine: {'line': b'                 from \x1b[01m\x1b[K/opt/ros/humble/include/rclcpp/rclcpp/any_executable.hpp:20\x1b[m\x1b[K,\n'}
[1.303809] (cpp02_service) StderrLine: {'line': b'                 from \x1b[01m\x1b[K/opt/ros/humble/include/rclcpp/rclcpp/memory_strategy.hpp:25\x1b[m\x1b[K,\n'}
[1.303824] (cpp02_service) StderrLine: {'line': b'                 from \x1b[01m\x1b[K/opt/ros/humble/include/rclcpp/rclcpp/memory_strategies.hpp:18\x1b[m\x1b[K,\n'}
[1.303841] (cpp02_service) StderrLine: {'line': b'                 from \x1b[01m\x1b[K/opt/ros/humble/include/rclcpp/rclcpp/executor_options.hpp:20\x1b[m\x1b[K,\n'}
[1.303856] (cpp02_service) StderrLine: {'line': b'                 from \x1b[01m\x1b[K/opt/ros/humble/include/rclcpp/rclcpp/executor.hpp:37\x1b[m\x1b[K,\n'}
[1.303873] (cpp02_service) StderrLine: {'line': b'                 from \x1b[01m\x1b[K/opt/ros/humble/include/rclcpp/rclcpp/executors/multi_threaded_executor.hpp:25\x1b[m\x1b[K,\n'}
[1.303889] (cpp02_service) StderrLine: {'line': b'                 from \x1b[01m\x1b[K/opt/ros/humble/include/rclcpp/rclcpp/executors.hpp:21\x1b[m\x1b[K,\n'}
[1.303904] (cpp02_service) StderrLine: {'line': b'                 from \x1b[01m\x1b[K/opt/ros/humble/include/rclcpp/rclcpp/rclcpp.hpp:155\x1b[m\x1b[K,\n'}
[1.303920] (cpp02_service) StderrLine: {'line': b'                 from \x1b[01m\x1b[K/home/jon/ws01/src/cpp02_service/src/demo02_client.cpp:17\x1b[m\x1b[K:\n'}
[1.303935] (cpp02_service) StderrLine: {'line': b'\x1b[01m\x1b[K/home/jon/ws01/src/cpp02_service/src/demo02_client.cpp:29:35:\x1b[m\x1b[K \x1b[01;31m\x1b[Kerror: \x1b[m\x1b[Ktoo few arguments to function \xe2\x80\x98\x1b[01m\x1b[Krclcpp::Logger rclcpp::get_logger(const string&)\x1b[m\x1b[K\xe2\x80\x99\n'}
[1.303952] (cpp02_service) StderrLine: {'line': b'   29 |     RCLCPP_INFO(\x1b[01;31m\x1b[Krclcpp::get_logger()\x1b[m\x1b[K, "addints_client\xe8\x8a\x82\xe7\x82\xb9\xe5\x90\xaf\xe5\x8a\xa8\xef\xbc\x81");\n'}
[1.303968] (cpp02_service) StderrLine: {'line': b'      |                 \x1b[01;31m\x1b[K~~~~~~~~~~~~~~~~~~^~\x1b[m\x1b[K\n'}
[1.303984] (cpp02_service) StderrLine: {'line': b'In file included from \x1b[01m\x1b[K/opt/ros/humble/include/rclcpp/rclcpp/logging.hpp:23\x1b[m\x1b[K,\n'}
[1.304175] (cpp02_service) StderrLine: {'line': b'                 from \x1b[01m\x1b[K/opt/ros/humble/include/rclcpp/rclcpp/client.hpp:40\x1b[m\x1b[K,\n'}
[1.304211] (cpp02_service) StderrLine: {'line': b'                 from \x1b[01m\x1b[K/opt/ros/humble/include/rclcpp/rclcpp/callback_group.hpp:24\x1b[m\x1b[K,\n'}
[1.304233] (cpp02_service) StderrLine: {'line': b'                 from \x1b[01m\x1b[K/opt/ros/humble/include/rclcpp/rclcpp/any_executable.hpp:20\x1b[m\x1b[K,\n'}
[1.304252] (cpp02_service) StderrLine: {'line': b'                 from \x1b[01m\x1b[K/opt/ros/humble/include/rclcpp/rclcpp/memory_strategy.hpp:25\x1b[m\x1b[K,\n'}
[1.304271] (cpp02_service) StderrLine: {'line': b'                 from \x1b[01m\x1b[K/opt/ros/humble/include/rclcpp/rclcpp/memory_strategies.hpp:18\x1b[m\x1b[K,\n'}
[1.304290] (cpp02_service) StderrLine: {'line': b'                 from \x1b[01m\x1b[K/opt/ros/humble/include/rclcpp/rclcpp/executor_options.hpp:20\x1b[m\x1b[K,\n'}
[1.304310] (cpp02_service) StderrLine: {'line': b'                 from \x1b[01m\x1b[K/opt/ros/humble/include/rclcpp/rclcpp/executor.hpp:37\x1b[m\x1b[K,\n'}
[1.304329] (cpp02_service) StderrLine: {'line': b'                 from \x1b[01m\x1b[K/opt/ros/humble/include/rclcpp/rclcpp/executors/multi_threaded_executor.hpp:25\x1b[m\x1b[K,\n'}
[1.304346] (cpp02_service) StderrLine: {'line': b'                 from \x1b[01m\x1b[K/opt/ros/humble/include/rclcpp/rclcpp/executors.hpp:21\x1b[m\x1b[K,\n'}
[1.304363] (cpp02_service) StderrLine: {'line': b'                 from \x1b[01m\x1b[K/opt/ros/humble/include/rclcpp/rclcpp/rclcpp.hpp:155\x1b[m\x1b[K,\n'}
[1.304381] (cpp02_service) StderrLine: {'line': b'                 from \x1b[01m\x1b[K/home/jon/ws01/src/cpp02_service/src/demo02_client.cpp:17\x1b[m\x1b[K:\n'}
[1.304397] (cpp02_service) StderrLine: {'line': b'\x1b[01m\x1b[K/opt/ros/humble/include/rclcpp/rclcpp/logger.hpp:106:17:\x1b[m\x1b[K \x1b[01;36m\x1b[Knote: \x1b[m\x1b[Kdeclared here\n'}
[1.304413] (cpp02_service) StderrLine: {'line': b'  106 |   friend Logger \x1b[01;36m\x1b[Krclcpp\x1b[m\x1b[K::get_logger(const std::string & name);\n'}
[1.304430] (cpp02_service) StderrLine: {'line': b'      |                 \x1b[01;36m\x1b[K^~~~~~\x1b[m\x1b[K\n'}
[1.304447] (cpp02_service) StderrLine: {'line': b'In file included from \x1b[01m\x1b[K/opt/ros/humble/include/rclcpp/rclcpp/client.hpp:40\x1b[m\x1b[K,\n'}
[1.304464] (cpp02_service) StderrLine: {'line': b'                 from \x1b[01m\x1b[K/opt/ros/humble/include/rclcpp/rclcpp/callback_group.hpp:24\x1b[m\x1b[K,\n'}
[1.304480] (cpp02_service) StderrLine: {'line': b'                 from \x1b[01m\x1b[K/opt/ros/humble/include/rclcpp/rclcpp/any_executable.hpp:20\x1b[m\x1b[K,\n'}
[1.304498] (cpp02_service) StderrLine: {'line': b'                 from \x1b[01m\x1b[K/opt/ros/humble/include/rclcpp/rclcpp/memory_strategy.hpp:25\x1b[m\x1b[K,\n'}
[1.304513] (cpp02_service) StderrLine: {'line': b'                 from \x1b[01m\x1b[K/opt/ros/humble/include/rclcpp/rclcpp/memory_strategies.hpp:18\x1b[m\x1b[K,\n'}
[1.304528] (cpp02_service) StderrLine: {'line': b'                 from \x1b[01m\x1b[K/opt/ros/humble/include/rclcpp/rclcpp/executor_options.hpp:20\x1b[m\x1b[K,\n'}
[1.304544] (cpp02_service) StderrLine: {'line': b'                 from \x1b[01m\x1b[K/opt/ros/humble/include/rclcpp/rclcpp/executor.hpp:37\x1b[m\x1b[K,\n'}
[1.304560] (cpp02_service) StderrLine: {'line': b'                 from \x1b[01m\x1b[K/opt/ros/humble/include/rclcpp/rclcpp/executors/multi_threaded_executor.hpp:25\x1b[m\x1b[K,\n'}
[1.304578] (cpp02_service) StderrLine: {'line': b'                 from \x1b[01m\x1b[K/opt/ros/humble/include/rclcpp/rclcpp/executors.hpp:21\x1b[m\x1b[K,\n'}
[1.304594] (cpp02_service) StderrLine: {'line': b'                 from \x1b[01m\x1b[K/opt/ros/humble/include/rclcpp/rclcpp/rclcpp.hpp:155\x1b[m\x1b[K,\n'}
[1.304610] (cpp02_service) StderrLine: {'line': b'                 from \x1b[01m\x1b[K/home/jon/ws01/src/cpp02_service/src/demo02_client.cpp:17\x1b[m\x1b[K:\n'}
[1.304626] (cpp02_service) StderrLine: {'line': b'\x1b[01m\x1b[K/home/jon/ws01/src/cpp02_service/src/demo02_client.cpp:\x1b[m\x1b[K In member function \xe2\x80\x98\x1b[01m\x1b[Kbool AddintsClient::connect_server()\x1b[m\x1b[K\xe2\x80\x99:\n'}
[1.304643] (cpp02_service) StderrLine: {'line': b'\x1b[01m\x1b[K/home/jon/ws01/src/cpp02_service/src/demo02_client.cpp:55:40:\x1b[m\x1b[K \x1b[01;31m\x1b[Kerror: \x1b[m\x1b[Ktoo few arguments to function \xe2\x80\x98\x1b[01m\x1b[Krclcpp::Logger rclcpp::get_logger(const string&)\x1b[m\x1b[K\xe2\x80\x99\n'}
[1.304660] (cpp02_service) StderrLine: {'line': b'   55 |         RCLCPP_ERROR(\x1b[01;31m\x1b[Krclcpp::get_logger()\x1b[m\x1b[K, "\xe5\xae\xa2\xe6\x88\xb7\xe7\xab\xaf\xe8\x8a\x82\xe7\x82\xb9\xe8\xa2\xab\xe4\xb8\xad\xe6\x96\xad\xef\xbc\x8c\xe9\x80\x80\xe5\x87\xba\xef\xbc\x81");\n'}
[1.304679] (cpp02_service) StderrLine: {'line': b'      |                      \x1b[01;31m\x1b[K~~~~~~~~~~~~~~~~~~^~\x1b[m\x1b[K\n'}
[1.304696] (cpp02_service) StderrLine: {'line': b'In file included from \x1b[01m\x1b[K/opt/ros/humble/include/rclcpp/rclcpp/logging.hpp:23\x1b[m\x1b[K,\n'}
[1.304713] (cpp02_service) StderrLine: {'line': b'                 from \x1b[01m\x1b[K/opt/ros/humble/include/rclcpp/rclcpp/client.hpp:40\x1b[m\x1b[K,\n'}
[1.304728] (cpp02_service) StderrLine: {'line': b'                 from \x1b[01m\x1b[K/opt/ros/humble/include/rclcpp/rclcpp/callback_group.hpp:24\x1b[m\x1b[K,\n'}
[1.304745] (cpp02_service) StderrLine: {'line': b'                 from \x1b[01m\x1b[K/opt/ros/humble/include/rclcpp/rclcpp/any_executable.hpp:20\x1b[m\x1b[K,\n'}
[1.304761] (cpp02_service) StderrLine: {'line': b'                 from \x1b[01m\x1b[K/opt/ros/humble/include/rclcpp/rclcpp/memory_strategy.hpp:25\x1b[m\x1b[K,\n'}
[1.304777] (cpp02_service) StderrLine: {'line': b'                 from \x1b[01m\x1b[K/opt/ros/humble/include/rclcpp/rclcpp/memory_strategies.hpp:18\x1b[m\x1b[K,\n'}
[1.304793] (cpp02_service) StderrLine: {'line': b'                 from \x1b[01m\x1b[K/opt/ros/humble/include/rclcpp/rclcpp/executor_options.hpp:20\x1b[m\x1b[K,\n'}
[1.304810] (cpp02_service) StderrLine: {'line': b'                 from \x1b[01m\x1b[K/opt/ros/humble/include/rclcpp/rclcpp/executor.hpp:37\x1b[m\x1b[K,\n'}
[1.304825] (cpp02_service) StderrLine: {'line': b'                 from \x1b[01m\x1b[K/opt/ros/humble/include/rclcpp/rclcpp/executors/multi_threaded_executor.hpp:25\x1b[m\x1b[K,\n'}
[1.304842] (cpp02_service) StderrLine: {'line': b'                 from \x1b[01m\x1b[K/opt/ros/humble/include/rclcpp/rclcpp/executors.hpp:21\x1b[m\x1b[K,\n'}
[1.304857] (cpp02_service) StderrLine: {'line': b'                 from \x1b[01m\x1b[K/opt/ros/humble/include/rclcpp/rclcpp/rclcpp.hpp:155\x1b[m\x1b[K,\n'}
[1.304873] (cpp02_service) StderrLine: {'line': b'                 from \x1b[01m\x1b[K/home/jon/ws01/src/cpp02_service/src/demo02_client.cpp:17\x1b[m\x1b[K:\n'}
[1.304888] (cpp02_service) StderrLine: {'line': b'\x1b[01m\x1b[K/opt/ros/humble/include/rclcpp/rclcpp/logger.hpp:106:17:\x1b[m\x1b[K \x1b[01;36m\x1b[Knote: \x1b[m\x1b[Kdeclared here\n'}
[1.304904] (cpp02_service) StderrLine: {'line': b'  106 |   friend Logger \x1b[01;36m\x1b[Krclcpp\x1b[m\x1b[K::get_logger(const std::string & name);\n'}
[1.304919] (cpp02_service) StderrLine: {'line': b'      |                 \x1b[01;36m\x1b[K^~~~~~\x1b[m\x1b[K\n'}
[1.304935] (cpp02_service) StderrLine: {'line': b'In file included from \x1b[01m\x1b[K/opt/ros/humble/include/rclcpp/rclcpp/client.hpp:40\x1b[m\x1b[K,\n'}
[1.304950] (cpp02_service) StderrLine: {'line': b'                 from \x1b[01m\x1b[K/opt/ros/humble/include/rclcpp/rclcpp/callback_group.hpp:24\x1b[m\x1b[K,\n'}
[1.304966] (cpp02_service) StderrLine: {'line': b'                 from \x1b[01m\x1b[K/opt/ros/humble/include/rclcpp/rclcpp/any_executable.hpp:20\x1b[m\x1b[K,\n'}
[1.304982] (cpp02_service) StderrLine: {'line': b'                 from \x1b[01m\x1b[K/opt/ros/humble/include/rclcpp/rclcpp/memory_strategy.hpp:25\x1b[m\x1b[K,\n'}
[1.304998] (cpp02_service) StderrLine: {'line': b'                 from \x1b[01m\x1b[K/opt/ros/humble/include/rclcpp/rclcpp/memory_strategies.hpp:18\x1b[m\x1b[K,\n'}
[1.305015] (cpp02_service) StderrLine: {'line': b'                 from \x1b[01m\x1b[K/opt/ros/humble/include/rclcpp/rclcpp/executor_options.hpp:20\x1b[m\x1b[K,\n'}
[1.305032] (cpp02_service) StderrLine: {'line': b'                 from \x1b[01m\x1b[K/opt/ros/humble/include/rclcpp/rclcpp/executor.hpp:37\x1b[m\x1b[K,\n'}
[1.305047] (cpp02_service) StderrLine: {'line': b'                 from \x1b[01m\x1b[K/opt/ros/humble/include/rclcpp/rclcpp/executors/multi_threaded_executor.hpp:25\x1b[m\x1b[K,\n'}
[1.305063] (cpp02_service) StderrLine: {'line': b'                 from \x1b[01m\x1b[K/opt/ros/humble/include/rclcpp/rclcpp/executors.hpp:21\x1b[m\x1b[K,\n'}
[1.305078] (cpp02_service) StderrLine: {'line': b'                 from \x1b[01m\x1b[K/opt/ros/humble/include/rclcpp/rclcpp/rclcpp.hpp:155\x1b[m\x1b[K,\n'}
[1.305094] (cpp02_service) StderrLine: {'line': b'                 from \x1b[01m\x1b[K/home/jon/ws01/src/cpp02_service/src/demo02_client.cpp:17\x1b[m\x1b[K:\n'}
[1.305109] (cpp02_service) StderrLine: {'line': b'\x1b[01m\x1b[K/home/jon/ws01/src/cpp02_service/src/demo02_client.cpp:55:40:\x1b[m\x1b[K \x1b[01;31m\x1b[Kerror: \x1b[m\x1b[Ktoo few arguments to function \xe2\x80\x98\x1b[01m\x1b[Krclcpp::Logger rclcpp::get_logger(const string&)\x1b[m\x1b[K\xe2\x80\x99\n'}
[1.305125] (cpp02_service) StderrLine: {'line': b'   55 |         RCLCPP_ERROR(\x1b[01;31m\x1b[Krclcpp::get_logger()\x1b[m\x1b[K, "\xe5\xae\xa2\xe6\x88\xb7\xe7\xab\xaf\xe8\x8a\x82\xe7\x82\xb9\xe8\xa2\xab\xe4\xb8\xad\xe6\x96\xad\xef\xbc\x8c\xe9\x80\x80\xe5\x87\xba\xef\xbc\x81");\n'}
[1.305141] (cpp02_service) StderrLine: {'line': b'      |                      \x1b[01;31m\x1b[K~~~~~~~~~~~~~~~~~~^~\x1b[m\x1b[K\n'}
[1.305157] (cpp02_service) StderrLine: {'line': b'In file included from \x1b[01m\x1b[K/opt/ros/humble/include/rclcpp/rclcpp/logging.hpp:23\x1b[m\x1b[K,\n'}
[1.305172] (cpp02_service) StderrLine: {'line': b'                 from \x1b[01m\x1b[K/opt/ros/humble/include/rclcpp/rclcpp/client.hpp:40\x1b[m\x1b[K,\n'}
[1.305188] (cpp02_service) StderrLine: {'line': b'                 from \x1b[01m\x1b[K/opt/ros/humble/include/rclcpp/rclcpp/callback_group.hpp:24\x1b[m\x1b[K,\n'}
[1.305203] (cpp02_service) StderrLine: {'line': b'                 from \x1b[01m\x1b[K/opt/ros/humble/include/rclcpp/rclcpp/any_executable.hpp:20\x1b[m\x1b[K,\n'}
[1.305219] (cpp02_service) StderrLine: {'line': b'                 from \x1b[01m\x1b[K/opt/ros/humble/include/rclcpp/rclcpp/memory_strategy.hpp:25\x1b[m\x1b[K,\n'}
[1.305235] (cpp02_service) StderrLine: {'line': b'                 from \x1b[01m\x1b[K/opt/ros/humble/include/rclcpp/rclcpp/memory_strategies.hpp:18\x1b[m\x1b[K,\n'}
[1.305250] (cpp02_service) StderrLine: {'line': b'                 from \x1b[01m\x1b[K/opt/ros/humble/include/rclcpp/rclcpp/executor_options.hpp:20\x1b[m\x1b[K,\n'}
[1.305266] (cpp02_service) StderrLine: {'line': b'                 from \x1b[01m\x1b[K/opt/ros/humble/include/rclcpp/rclcpp/executor.hpp:37\x1b[m\x1b[K,\n'}
[1.305283] (cpp02_service) StderrLine: {'line': b'                 from \x1b[01m\x1b[K/opt/ros/humble/include/rclcpp/rclcpp/executors/multi_threaded_executor.hpp:25\x1b[m\x1b[K,\n'}
[1.305305] (cpp02_service) StderrLine: {'line': b'                 from \x1b[01m\x1b[K/opt/ros/humble/include/rclcpp/rclcpp/executors.hpp:21\x1b[m\x1b[K,\n'}
[1.305324] (cpp02_service) StderrLine: {'line': b'                 from \x1b[01m\x1b[K/opt/ros/humble/include/rclcpp/rclcpp/rclcpp.hpp:155\x1b[m\x1b[K,\n'}
[1.305341] (cpp02_service) StderrLine: {'line': b'                 from \x1b[01m\x1b[K/home/jon/ws01/src/cpp02_service/src/demo02_client.cpp:17\x1b[m\x1b[K:\n'}
[1.305360] (cpp02_service) StderrLine: {'line': b'\x1b[01m\x1b[K/opt/ros/humble/include/rclcpp/rclcpp/logger.hpp:106:17:\x1b[m\x1b[K \x1b[01;36m\x1b[Knote: \x1b[m\x1b[Kdeclared here\n'}
[1.305376] (cpp02_service) StderrLine: {'line': b'  106 |   friend Logger \x1b[01;36m\x1b[Krclcpp\x1b[m\x1b[K::get_logger(const std::string & name);\n'}
[1.305393] (cpp02_service) StderrLine: {'line': b'      |                 \x1b[01;36m\x1b[K^~~~~~\x1b[m\x1b[K\n'}
[1.305411] (cpp02_service) StderrLine: {'line': b'In file included from \x1b[01m\x1b[K/opt/ros/humble/include/rclcpp/rclcpp/client.hpp:40\x1b[m\x1b[K,\n'}
[1.305428] (cpp02_service) StderrLine: {'line': b'                 from \x1b[01m\x1b[K/opt/ros/humble/include/rclcpp/rclcpp/callback_group.hpp:24\x1b[m\x1b[K,\n'}
[1.305444] (cpp02_service) StderrLine: {'line': b'                 from \x1b[01m\x1b[K/opt/ros/humble/include/rclcpp/rclcpp/any_executable.hpp:20\x1b[m\x1b[K,\n'}
[1.305462] (cpp02_service) StderrLine: {'line': b'                 from \x1b[01m\x1b[K/opt/ros/humble/include/rclcpp/rclcpp/memory_strategy.hpp:25\x1b[m\x1b[K,\n'}
[1.305478] (cpp02_service) StderrLine: {'line': b'                 from \x1b[01m\x1b[K/opt/ros/humble/include/rclcpp/rclcpp/memory_strategies.hpp:18\x1b[m\x1b[K,\n'}
[1.305494] (cpp02_service) StderrLine: {'line': b'                 from \x1b[01m\x1b[K/opt/ros/humble/include/rclcpp/rclcpp/executor_options.hpp:20\x1b[m\x1b[K,\n'}
[1.305511] (cpp02_service) StderrLine: {'line': b'                 from \x1b[01m\x1b[K/opt/ros/humble/include/rclcpp/rclcpp/executor.hpp:37\x1b[m\x1b[K,\n'}
[1.305527] (cpp02_service) StderrLine: {'line': b'                 from \x1b[01m\x1b[K/opt/ros/humble/include/rclcpp/rclcpp/executors/multi_threaded_executor.hpp:25\x1b[m\x1b[K,\n'}
[1.305545] (cpp02_service) StderrLine: {'line': b'                 from \x1b[01m\x1b[K/opt/ros/humble/include/rclcpp/rclcpp/executors.hpp:21\x1b[m\x1b[K,\n'}
[1.305561] (cpp02_service) StderrLine: {'line': b'                 from \x1b[01m\x1b[K/opt/ros/humble/include/rclcpp/rclcpp/rclcpp.hpp:155\x1b[m\x1b[K,\n'}
[1.305598] (cpp02_service) StderrLine: {'line': b'                 from \x1b[01m\x1b[K/home/jon/ws01/src/cpp02_service/src/demo02_client.cpp:17\x1b[m\x1b[K:\n'}
[1.305629] (cpp02_service) StderrLine: {'line': b'\x1b[01m\x1b[K/home/jon/ws01/src/cpp02_service/src/demo02_client.cpp:55:9:\x1b[m\x1b[K \x1b[01;31m\x1b[Kerror: \x1b[m\x1b[Ktemplate argument 1 is invalid\n'}
[1.305647] (cpp02_service) StderrLine: {'line': b'   55 |         \x1b[01;31m\x1b[KRCLCPP_ERROR\x1b[m\x1b[K(rclcpp::get_logger(), "\xe5\xae\xa2\xe6\x88\xb7\xe7\xab\xaf\xe8\x8a\x82\xe7\x82\xb9\xe8\xa2\xab\xe4\xb8\xad\xe6\x96\xad\xef\xbc\x8c\xe9\x80\x80\xe5\x87\xba\xef\xbc\x81");\n'}
[1.305664] (cpp02_service) StderrLine: {'line': b'      |         \x1b[01;31m\x1b[K^~~~~~~~~~~~\x1b[m\x1b[K\n'}
[1.305682] (cpp02_service) StderrLine: {'line': b'In file included from \x1b[01m\x1b[K/opt/ros/humble/include/rclcpp/rclcpp/logging.hpp:24\x1b[m\x1b[K,\n'}
[1.305699] (cpp02_service) StderrLine: {'line': b'                 from \x1b[01m\x1b[K/opt/ros/humble/include/rclcpp/rclcpp/client.hpp:40\x1b[m\x1b[K,\n'}
[1.305715] (cpp02_service) StderrLine: {'line': b'                 from \x1b[01m\x1b[K/opt/ros/humble/include/rclcpp/rclcpp/callback_group.hpp:24\x1b[m\x1b[K,\n'}
[1.305733] (cpp02_service) StderrLine: {'line': b'                 from \x1b[01m\x1b[K/opt/ros/humble/include/rclcpp/rclcpp/any_executable.hpp:20\x1b[m\x1b[K,\n'}
[1.305749] (cpp02_service) StderrLine: {'line': b'                 from \x1b[01m\x1b[K/opt/ros/humble/include/rclcpp/rclcpp/memory_strategy.hpp:25\x1b[m\x1b[K,\n'}
[1.305766] (cpp02_service) StderrLine: {'line': b'                 from \x1b[01m\x1b[K/opt/ros/humble/include/rclcpp/rclcpp/memory_strategies.hpp:18\x1b[m\x1b[K,\n'}
[1.305781] (cpp02_service) StderrLine: {'line': b'                 from \x1b[01m\x1b[K/opt/ros/humble/include/rclcpp/rclcpp/executor_options.hpp:20\x1b[m\x1b[K,\n'}
[1.305797] (cpp02_service) StderrLine: {'line': b'                 from \x1b[01m\x1b[K/opt/ros/humble/include/rclcpp/rclcpp/executor.hpp:37\x1b[m\x1b[K,\n'}
[1.305812] (cpp02_service) StderrLine: {'line': b'                 from \x1b[01m\x1b[K/opt/ros/humble/include/rclcpp/rclcpp/executors/multi_threaded_executor.hpp:25\x1b[m\x1b[K,\n'}
[1.305828] (cpp02_service) StderrLine: {'line': b'                 from \x1b[01m\x1b[K/opt/ros/humble/include/rclcpp/rclcpp/executors.hpp:21\x1b[m\x1b[K,\n'}
[1.305844] (cpp02_service) StderrLine: {'line': b'                 from \x1b[01m\x1b[K/opt/ros/humble/include/rclcpp/rclcpp/rclcpp.hpp:155\x1b[m\x1b[K,\n'}
[1.305874] (cpp02_service) StderrLine: {'line': b'                 from \x1b[01m\x1b[K/home/jon/ws01/src/cpp02_service/src/demo02_client.cpp:17\x1b[m\x1b[K:\n'}
[1.305891] (cpp02_service) StderrLine: {'line': b'\x1b[01m\x1b[K/home/jon/ws01/src/cpp02_service/src/demo02_client.cpp:55:40:\x1b[m\x1b[K \x1b[01;31m\x1b[Kerror: \x1b[m\x1b[Ktoo few arguments to function \xe2\x80\x98\x1b[01m\x1b[Krclcpp::Logger rclcpp::get_logger(const string&)\x1b[m\x1b[K\xe2\x80\x99\n'}
[1.305909] (cpp02_service) StderrLine: {'line': b'   55 |         RCLCPP_ERROR(\x1b[01;31m\x1b[Krclcpp::get_logger()\x1b[m\x1b[K, "\xe5\xae\xa2\xe6\x88\xb7\xe7\xab\xaf\xe8\x8a\x82\xe7\x82\xb9\xe8\xa2\xab\xe4\xb8\xad\xe6\x96\xad\xef\xbc\x8c\xe9\x80\x80\xe5\x87\xba\xef\xbc\x81");\n'}
[1.305926] (cpp02_service) StderrLine: {'line': b'      |                      \x1b[01;31m\x1b[K~~~~~~~~~~~~~~~~~~^~\x1b[m\x1b[K\n'}
[1.305942] (cpp02_service) StderrLine: {'line': b'In file included from \x1b[01m\x1b[K/opt/ros/humble/include/rclcpp/rclcpp/logging.hpp:23\x1b[m\x1b[K,\n'}
[1.305958] (cpp02_service) StderrLine: {'line': b'                 from \x1b[01m\x1b[K/opt/ros/humble/include/rclcpp/rclcpp/client.hpp:40\x1b[m\x1b[K,\n'}
[1.305973] (cpp02_service) StderrLine: {'line': b'                 from \x1b[01m\x1b[K/opt/ros/humble/include/rclcpp/rclcpp/callback_group.hpp:24\x1b[m\x1b[K,\n'}
[1.305989] (cpp02_service) StderrLine: {'line': b'                 from \x1b[01m\x1b[K/opt/ros/humble/include/rclcpp/rclcpp/any_executable.hpp:20\x1b[m\x1b[K,\n'}
[1.306006] (cpp02_service) StderrLine: {'line': b'                 from \x1b[01m\x1b[K/opt/ros/humble/include/rclcpp/rclcpp/memory_strategy.hpp:25\x1b[m\x1b[K,\n'}
[1.306021] (cpp02_service) StderrLine: {'line': b'                 from \x1b[01m\x1b[K/opt/ros/humble/include/rclcpp/rclcpp/memory_strategies.hpp:18\x1b[m\x1b[K,\n'}
[1.306036] (cpp02_service) StderrLine: {'line': b'                 from \x1b[01m\x1b[K/opt/ros/humble/include/rclcpp/rclcpp/executor_options.hpp:20\x1b[m\x1b[K,\n'}
[1.306051] (cpp02_service) StderrLine: {'line': b'                 from \x1b[01m\x1b[K/opt/ros/humble/include/rclcpp/rclcpp/executor.hpp:37\x1b[m\x1b[K,\n'}
[1.306066] (cpp02_service) StderrLine: {'line': b'                 from \x1b[01m\x1b[K/opt/ros/humble/include/rclcpp/rclcpp/executors/multi_threaded_executor.hpp:25\x1b[m\x1b[K,\n'}
[1.306082] (cpp02_service) StderrLine: {'line': b'                 from \x1b[01m\x1b[K/opt/ros/humble/include/rclcpp/rclcpp/executors.hpp:21\x1b[m\x1b[K,\n'}
[1.306097] (cpp02_service) StderrLine: {'line': b'                 from \x1b[01m\x1b[K/opt/ros/humble/include/rclcpp/rclcpp/rclcpp.hpp:155\x1b[m\x1b[K,\n'}
[1.306112] (cpp02_service) StderrLine: {'line': b'                 from \x1b[01m\x1b[K/home/jon/ws01/src/cpp02_service/src/demo02_client.cpp:17\x1b[m\x1b[K:\n'}
[1.306128] (cpp02_service) StderrLine: {'line': b'\x1b[01m\x1b[K/opt/ros/humble/include/rclcpp/rclcpp/logger.hpp:106:17:\x1b[m\x1b[K \x1b[01;36m\x1b[Knote: \x1b[m\x1b[Kdeclared here\n'}
[1.306143] (cpp02_service) StderrLine: {'line': b'  106 |   friend Logger \x1b[01;36m\x1b[Krclcpp\x1b[m\x1b[K::get_logger(const std::string & name);\n'}
[1.306159] (cpp02_service) StderrLine: {'line': b'      |                 \x1b[01;36m\x1b[K^~~~~~\x1b[m\x1b[K\n'}
[1.306174] (cpp02_service) StderrLine: {'line': b'In file included from \x1b[01m\x1b[K/opt/ros/humble/include/rclcpp/rclcpp/logging.hpp:24\x1b[m\x1b[K,\n'}
[1.306189] (cpp02_service) StderrLine: {'line': b'                 from \x1b[01m\x1b[K/opt/ros/humble/include/rclcpp/rclcpp/client.hpp:40\x1b[m\x1b[K,\n'}
[1.306204] (cpp02_service) StderrLine: {'line': b'                 from \x1b[01m\x1b[K/opt/ros/humble/include/rclcpp/rclcpp/callback_group.hpp:24\x1b[m\x1b[K,\n'}
[1.306219] (cpp02_service) StderrLine: {'line': b'                 from \x1b[01m\x1b[K/opt/ros/humble/include/rclcpp/rclcpp/any_executable.hpp:20\x1b[m\x1b[K,\n'}
[1.306234] (cpp02_service) StderrLine: {'line': b'                 from \x1b[01m\x1b[K/opt/ros/humble/include/rclcpp/rclcpp/memory_strategy.hpp:25\x1b[m\x1b[K,\n'}
[1.306250] (cpp02_service) StderrLine: {'line': b'                 from \x1b[01m\x1b[K/opt/ros/humble/include/rclcpp/rclcpp/memory_strategies.hpp:18\x1b[m\x1b[K,\n'}
[1.306265] (cpp02_service) StderrLine: {'line': b'                 from \x1b[01m\x1b[K/opt/ros/humble/include/rclcpp/rclcpp/executor_options.hpp:20\x1b[m\x1b[K,\n'}
[1.306280] (cpp02_service) StderrLine: {'line': b'                 from \x1b[01m\x1b[K/opt/ros/humble/include/rclcpp/rclcpp/executor.hpp:37\x1b[m\x1b[K,\n'}
[1.306296] (cpp02_service) StderrLine: {'line': b'                 from \x1b[01m\x1b[K/opt/ros/humble/include/rclcpp/rclcpp/executors/multi_threaded_executor.hpp:25\x1b[m\x1b[K,\n'}
[1.306314] (cpp02_service) StderrLine: {'line': b'                 from \x1b[01m\x1b[K/opt/ros/humble/include/rclcpp/rclcpp/executors.hpp:21\x1b[m\x1b[K,\n'}
[1.306329] (cpp02_service) StderrLine: {'line': b'                 from \x1b[01m\x1b[K/opt/ros/humble/include/rclcpp/rclcpp/rclcpp.hpp:155\x1b[m\x1b[K,\n'}
[1.306345] (cpp02_service) StderrLine: {'line': b'                 from \x1b[01m\x1b[K/home/jon/ws01/src/cpp02_service/src/demo02_client.cpp:17\x1b[m\x1b[K:\n'}
[1.306362] (cpp02_service) StderrLine: {'line': b'\x1b[01m\x1b[K/home/jon/ws01/src/cpp02_service/src/demo02_client.cpp:55:40:\x1b[m\x1b[K \x1b[01;31m\x1b[Kerror: \x1b[m\x1b[Ktoo few arguments to function \xe2\x80\x98\x1b[01m\x1b[Krclcpp::Logger rclcpp::get_logger(const string&)\x1b[m\x1b[K\xe2\x80\x99\n'}
[1.306379] (cpp02_service) StderrLine: {'line': b'   55 |         RCLCPP_ERROR(\x1b[01;31m\x1b[Krclcpp::get_logger()\x1b[m\x1b[K, "\xe5\xae\xa2\xe6\x88\xb7\xe7\xab\xaf\xe8\x8a\x82\xe7\x82\xb9\xe8\xa2\xab\xe4\xb8\xad\xe6\x96\xad\xef\xbc\x8c\xe9\x80\x80\xe5\x87\xba\xef\xbc\x81");\n'}
[1.306398] (cpp02_service) StderrLine: {'line': b'      |                      \x1b[01;31m\x1b[K~~~~~~~~~~~~~~~~~~^~\x1b[m\x1b[K\n'}
[1.306414] (cpp02_service) StderrLine: {'line': b'In file included from \x1b[01m\x1b[K/opt/ros/humble/include/rclcpp/rclcpp/logging.hpp:23\x1b[m\x1b[K,\n'}
[1.306431] (cpp02_service) StderrLine: {'line': b'                 from \x1b[01m\x1b[K/opt/ros/humble/include/rclcpp/rclcpp/client.hpp:40\x1b[m\x1b[K,\n'}
[1.306446] (cpp02_service) StderrLine: {'line': b'                 from \x1b[01m\x1b[K/opt/ros/humble/include/rclcpp/rclcpp/callback_group.hpp:24\x1b[m\x1b[K,\n'}
[1.306461] (cpp02_service) StderrLine: {'line': b'                 from \x1b[01m\x1b[K/opt/ros/humble/include/rclcpp/rclcpp/any_executable.hpp:20\x1b[m\x1b[K,\n'}
[1.306477] (cpp02_service) StderrLine: {'line': b'                 from \x1b[01m\x1b[K/opt/ros/humble/include/rclcpp/rclcpp/memory_strategy.hpp:25\x1b[m\x1b[K,\n'}
[1.306491] (cpp02_service) StderrLine: {'line': b'                 from \x1b[01m\x1b[K/opt/ros/humble/include/rclcpp/rclcpp/memory_strategies.hpp:18\x1b[m\x1b[K,\n'}
[1.306506] (cpp02_service) StderrLine: {'line': b'                 from \x1b[01m\x1b[K/opt/ros/humble/include/rclcpp/rclcpp/executor_options.hpp:20\x1b[m\x1b[K,\n'}
[1.306521] (cpp02_service) StderrLine: {'line': b'                 from \x1b[01m\x1b[K/opt/ros/humble/include/rclcpp/rclcpp/executor.hpp:37\x1b[m\x1b[K,\n'}
[1.306536] (cpp02_service) StderrLine: {'line': b'                 from \x1b[01m\x1b[K/opt/ros/humble/include/rclcpp/rclcpp/executors/multi_threaded_executor.hpp:25\x1b[m\x1b[K,\n'}
[1.306551] (cpp02_service) StderrLine: {'line': b'                 from \x1b[01m\x1b[K/opt/ros/humble/include/rclcpp/rclcpp/executors.hpp:21\x1b[m\x1b[K,\n'}
[1.306566] (cpp02_service) StderrLine: {'line': b'                 from \x1b[01m\x1b[K/opt/ros/humble/include/rclcpp/rclcpp/rclcpp.hpp:155\x1b[m\x1b[K,\n'}
[1.306582] (cpp02_service) StderrLine: {'line': b'                 from \x1b[01m\x1b[K/home/jon/ws01/src/cpp02_service/src/demo02_client.cpp:17\x1b[m\x1b[K:\n'}
[1.306597] (cpp02_service) StderrLine: {'line': b'\x1b[01m\x1b[K/opt/ros/humble/include/rclcpp/rclcpp/logger.hpp:106:17:\x1b[m\x1b[K \x1b[01;36m\x1b[Knote: \x1b[m\x1b[Kdeclared here\n'}
[1.306614] (cpp02_service) StderrLine: {'line': b'  106 |   friend Logger \x1b[01;36m\x1b[Krclcpp\x1b[m\x1b[K::get_logger(const std::string & name);\n'}
[1.306629] (cpp02_service) StderrLine: {'line': b'      |                 \x1b[01;36m\x1b[K^~~~~~\x1b[m\x1b[K\n'}
[1.306644] (cpp02_service) StderrLine: {'line': b'In file included from \x1b[01m\x1b[K/opt/ros/humble/include/rclcpp/rclcpp/client.hpp:40\x1b[m\x1b[K,\n'}
[1.306659] (cpp02_service) StderrLine: {'line': b'                 from \x1b[01m\x1b[K/opt/ros/humble/include/rclcpp/rclcpp/callback_group.hpp:24\x1b[m\x1b[K,\n'}
[1.306677] (cpp02_service) StderrLine: {'line': b'                 from \x1b[01m\x1b[K/opt/ros/humble/include/rclcpp/rclcpp/any_executable.hpp:20\x1b[m\x1b[K,\n'}
[1.306692] (cpp02_service) StderrLine: {'line': b'                 from \x1b[01m\x1b[K/opt/ros/humble/include/rclcpp/rclcpp/memory_strategy.hpp:25\x1b[m\x1b[K,\n'}
[1.306708] (cpp02_service) StderrLine: {'line': b'                 from \x1b[01m\x1b[K/opt/ros/humble/include/rclcpp/rclcpp/memory_strategies.hpp:18\x1b[m\x1b[K,\n'}
[1.306723] (cpp02_service) StderrLine: {'line': b'                 from \x1b[01m\x1b[K/opt/ros/humble/include/rclcpp/rclcpp/executor_options.hpp:20\x1b[m\x1b[K,\n'}
[1.306738] (cpp02_service) StderrLine: {'line': b'                 from \x1b[01m\x1b[K/opt/ros/humble/include/rclcpp/rclcpp/executor.hpp:37\x1b[m\x1b[K,\n'}
[1.306753] (cpp02_service) StderrLine: {'line': b'                 from \x1b[01m\x1b[K/opt/ros/humble/include/rclcpp/rclcpp/executors/multi_threaded_executor.hpp:25\x1b[m\x1b[K,\n'}
[1.306769] (cpp02_service) StderrLine: {'line': b'                 from \x1b[01m\x1b[K/opt/ros/humble/include/rclcpp/rclcpp/executors.hpp:21\x1b[m\x1b[K,\n'}
[1.306785] (cpp02_service) StderrLine: {'line': b'                 from \x1b[01m\x1b[K/opt/ros/humble/include/rclcpp/rclcpp/rclcpp.hpp:155\x1b[m\x1b[K,\n'}
[1.306800] (cpp02_service) StderrLine: {'line': b'                 from \x1b[01m\x1b[K/home/jon/ws01/src/cpp02_service/src/demo02_client.cpp:17\x1b[m\x1b[K:\n'}
[1.306816] (cpp02_service) StderrLine: {'line': b'\x1b[01m\x1b[K/home/jon/ws01/src/cpp02_service/src/demo02_client.cpp:58:37:\x1b[m\x1b[K \x1b[01;31m\x1b[Kerror: \x1b[m\x1b[Ktoo few arguments to function \xe2\x80\x98\x1b[01m\x1b[Krclcpp::Logger rclcpp::get_logger(const string&)\x1b[m\x1b[K\xe2\x80\x99\n'}
[1.306832] (cpp02_service) StderrLine: {'line': b'   58 |       RCLCPP_INFO(\x1b[01;31m\x1b[Krclcpp::get_logger()\x1b[m\x1b[K, "\xe6\x9c\x8d\xe5\x8a\xa1\xe5\x99\xa8\xe8\xbf\x9e\xe6\x8e\xa5\xe4\xb8\xad...");\n'}
[1.306849] (cpp02_service) StderrLine: {'line': b'      |                   \x1b[01;31m\x1b[K~~~~~~~~~~~~~~~~~~^~\x1b[m\x1b[K\n'}
[1.306865] (cpp02_service) StderrLine: {'line': b'In file included from \x1b[01m\x1b[K/opt/ros/humble/include/rclcpp/rclcpp/logging.hpp:23\x1b[m\x1b[K,\n'}
[1.306881] (cpp02_service) StderrLine: {'line': b'                 from \x1b[01m\x1b[K/opt/ros/humble/include/rclcpp/rclcpp/client.hpp:40\x1b[m\x1b[K,\n'}
[1.306896] (cpp02_service) StderrLine: {'line': b'                 from \x1b[01m\x1b[K/opt/ros/humble/include/rclcpp/rclcpp/callback_group.hpp:24\x1b[m\x1b[K,\n'}
[1.306911] (cpp02_service) StderrLine: {'line': b'                 from \x1b[01m\x1b[K/opt/ros/humble/include/rclcpp/rclcpp/any_executable.hpp:20\x1b[m\x1b[K,\n'}
[1.306926] (cpp02_service) StderrLine: {'line': b'                 from \x1b[01m\x1b[K/opt/ros/humble/include/rclcpp/rclcpp/memory_strategy.hpp:25\x1b[m\x1b[K,\n'}
[1.306941] (cpp02_service) StderrLine: {'line': b'                 from \x1b[01m\x1b[K/opt/ros/humble/include/rclcpp/rclcpp/memory_strategies.hpp:18\x1b[m\x1b[K,\n'}
[1.306957] (cpp02_service) StderrLine: {'line': b'                 from \x1b[01m\x1b[K/opt/ros/humble/include/rclcpp/rclcpp/executor_options.hpp:20\x1b[m\x1b[K,\n'}
[1.306972] (cpp02_service) StderrLine: {'line': b'                 from \x1b[01m\x1b[K/opt/ros/humble/include/rclcpp/rclcpp/executor.hpp:37\x1b[m\x1b[K,\n'}
[1.306987] (cpp02_service) StderrLine: {'line': b'                 from \x1b[01m\x1b[K/opt/ros/humble/include/rclcpp/rclcpp/executors/multi_threaded_executor.hpp:25\x1b[m\x1b[K,\n'}
[1.307003] (cpp02_service) StderrLine: {'line': b'                 from \x1b[01m\x1b[K/opt/ros/humble/include/rclcpp/rclcpp/executors.hpp:21\x1b[m\x1b[K,\n'}
[1.307017] (cpp02_service) StderrLine: {'line': b'                 from \x1b[01m\x1b[K/opt/ros/humble/include/rclcpp/rclcpp/rclcpp.hpp:155\x1b[m\x1b[K,\n'}
[1.307033] (cpp02_service) StderrLine: {'line': b'                 from \x1b[01m\x1b[K/home/jon/ws01/src/cpp02_service/src/demo02_client.cpp:17\x1b[m\x1b[K:\n'}
[1.307050] (cpp02_service) StderrLine: {'line': b'\x1b[01m\x1b[K/opt/ros/humble/include/rclcpp/rclcpp/logger.hpp:106:17:\x1b[m\x1b[K \x1b[01;36m\x1b[Knote: \x1b[m\x1b[Kdeclared here\n'}
[1.307066] (cpp02_service) StderrLine: {'line': b'  106 |   friend Logger \x1b[01;36m\x1b[Krclcpp\x1b[m\x1b[K::get_logger(const std::string & name);\n'}
[1.307082] (cpp02_service) StderrLine: {'line': b'      |                 \x1b[01;36m\x1b[K^~~~~~\x1b[m\x1b[K\n'}
[1.307098] (cpp02_service) StderrLine: {'line': b'In file included from \x1b[01m\x1b[K/opt/ros/humble/include/rclcpp/rclcpp/client.hpp:40\x1b[m\x1b[K,\n'}
[1.307115] (cpp02_service) StderrLine: {'line': b'                 from \x1b[01m\x1b[K/opt/ros/humble/include/rclcpp/rclcpp/callback_group.hpp:24\x1b[m\x1b[K,\n'}
[1.307130] (cpp02_service) StderrLine: {'line': b'                 from \x1b[01m\x1b[K/opt/ros/humble/include/rclcpp/rclcpp/any_executable.hpp:20\x1b[m\x1b[K,\n'}
[1.307145] (cpp02_service) StderrLine: {'line': b'                 from \x1b[01m\x1b[K/opt/ros/humble/include/rclcpp/rclcpp/memory_strategy.hpp:25\x1b[m\x1b[K,\n'}
[1.307160] (cpp02_service) StderrLine: {'line': b'                 from \x1b[01m\x1b[K/opt/ros/humble/include/rclcpp/rclcpp/memory_strategies.hpp:18\x1b[m\x1b[K,\n'}
[1.307175] (cpp02_service) StderrLine: {'line': b'                 from \x1b[01m\x1b[K/opt/ros/humble/include/rclcpp/rclcpp/executor_options.hpp:20\x1b[m\x1b[K,\n'}
[1.307190] (cpp02_service) StderrLine: {'line': b'                 from \x1b[01m\x1b[K/opt/ros/humble/include/rclcpp/rclcpp/executor.hpp:37\x1b[m\x1b[K,\n'}
[1.307205] (cpp02_service) StderrLine: {'line': b'                 from \x1b[01m\x1b[K/opt/ros/humble/include/rclcpp/rclcpp/executors/multi_threaded_executor.hpp:25\x1b[m\x1b[K,\n'}
[1.307221] (cpp02_service) StderrLine: {'line': b'                 from \x1b[01m\x1b[K/opt/ros/humble/include/rclcpp/rclcpp/executors.hpp:21\x1b[m\x1b[K,\n'}
[1.307236] (cpp02_service) StderrLine: {'line': b'                 from \x1b[01m\x1b[K/opt/ros/humble/include/rclcpp/rclcpp/rclcpp.hpp:155\x1b[m\x1b[K,\n'}
[1.307251] (cpp02_service) StderrLine: {'line': b'                 from \x1b[01m\x1b[K/home/jon/ws01/src/cpp02_service/src/demo02_client.cpp:17\x1b[m\x1b[K:\n'}
[1.307266] (cpp02_service) StderrLine: {'line': b'\x1b[01m\x1b[K/home/jon/ws01/src/cpp02_service/src/demo02_client.cpp:58:37:\x1b[m\x1b[K \x1b[01;31m\x1b[Kerror: \x1b[m\x1b[Ktoo few arguments to function \xe2\x80\x98\x1b[01m\x1b[Krclcpp::Logger rclcpp::get_logger(const string&)\x1b[m\x1b[K\xe2\x80\x99\n'}
[1.307282] (cpp02_service) StderrLine: {'line': b'   58 |       RCLCPP_INFO(\x1b[01;31m\x1b[Krclcpp::get_logger()\x1b[m\x1b[K, "\xe6\x9c\x8d\xe5\x8a\xa1\xe5\x99\xa8\xe8\xbf\x9e\xe6\x8e\xa5\xe4\xb8\xad...");\n'}
[1.307297] (cpp02_service) StderrLine: {'line': b'      |                   \x1b[01;31m\x1b[K~~~~~~~~~~~~~~~~~~^~\x1b[m\x1b[K\n'}
[1.307314] (cpp02_service) StderrLine: {'line': b'In file included from \x1b[01m\x1b[K/opt/ros/humble/include/rclcpp/rclcpp/logging.hpp:23\x1b[m\x1b[K,\n'}
[1.307331] (cpp02_service) StderrLine: {'line': b'                 from \x1b[01m\x1b[K/opt/ros/humble/include/rclcpp/rclcpp/client.hpp:40\x1b[m\x1b[K,\n'}
[1.307362] (cpp02_service) StderrLine: {'line': b'                 from \x1b[01m\x1b[K/opt/ros/humble/include/rclcpp/rclcpp/callback_group.hpp:24\x1b[m\x1b[K,\n'}
[1.307381] (cpp02_service) StderrLine: {'line': b'                 from \x1b[01m\x1b[K/opt/ros/humble/include/rclcpp/rclcpp/any_executable.hpp:20\x1b[m\x1b[K,\n'}
[1.307398] (cpp02_service) StderrLine: {'line': b'                 from \x1b[01m\x1b[K/opt/ros/humble/include/rclcpp/rclcpp/memory_strategy.hpp:25\x1b[m\x1b[K,\n'}
[1.307415] (cpp02_service) StderrLine: {'line': b'                 from \x1b[01m\x1b[K/opt/ros/humble/include/rclcpp/rclcpp/memory_strategies.hpp:18\x1b[m\x1b[K,\n'}
[1.307433] (cpp02_service) StderrLine: {'line': b'                 from \x1b[01m\x1b[K/opt/ros/humble/include/rclcpp/rclcpp/executor_options.hpp:20\x1b[m\x1b[K,\n'}
[1.307449] (cpp02_service) StderrLine: {'line': b'                 from \x1b[01m\x1b[K/opt/ros/humble/include/rclcpp/rclcpp/executor.hpp:37\x1b[m\x1b[K,\n'}
[1.307493] (cpp02_service) StderrLine: {'line': b'                 from \x1b[01m\x1b[K/opt/ros/humble/include/rclcpp/rclcpp/executors/multi_threaded_executor.hpp:25\x1b[m\x1b[K,\n'}
[1.307511] (cpp02_service) StderrLine: {'line': b'                 from \x1b[01m\x1b[K/opt/ros/humble/include/rclcpp/rclcpp/executors.hpp:21\x1b[m\x1b[K,\n'}
[1.307528] (cpp02_service) StderrLine: {'line': b'                 from \x1b[01m\x1b[K/opt/ros/humble/include/rclcpp/rclcpp/rclcpp.hpp:155\x1b[m\x1b[K,\n'}
[1.307545] (cpp02_service) StderrLine: {'line': b'                 from \x1b[01m\x1b[K/home/jon/ws01/src/cpp02_service/src/demo02_client.cpp:17\x1b[m\x1b[K:\n'}
[1.307561] (cpp02_service) StderrLine: {'line': b'\x1b[01m\x1b[K/opt/ros/humble/include/rclcpp/rclcpp/logger.hpp:106:17:\x1b[m\x1b[K \x1b[01;36m\x1b[Knote: \x1b[m\x1b[Kdeclared here\n'}
[1.307577] (cpp02_service) StderrLine: {'line': b'  106 |   friend Logger \x1b[01;36m\x1b[Krclcpp\x1b[m\x1b[K::get_logger(const std::string & name);\n'}
[1.307593] (cpp02_service) StderrLine: {'line': b'      |                 \x1b[01;36m\x1b[K^~~~~~\x1b[m\x1b[K\n'}
[1.307608] (cpp02_service) StderrLine: {'line': b'In file included from \x1b[01m\x1b[K/opt/ros/humble/include/rclcpp/rclcpp/client.hpp:40\x1b[m\x1b[K,\n'}
[1.307623] (cpp02_service) StderrLine: {'line': b'                 from \x1b[01m\x1b[K/opt/ros/humble/include/rclcpp/rclcpp/callback_group.hpp:24\x1b[m\x1b[K,\n'}
[1.307638] (cpp02_service) StderrLine: {'line': b'                 from \x1b[01m\x1b[K/opt/ros/humble/include/rclcpp/rclcpp/any_executable.hpp:20\x1b[m\x1b[K,\n'}
[1.307653] (cpp02_service) StderrLine: {'line': b'                 from \x1b[01m\x1b[K/opt/ros/humble/include/rclcpp/rclcpp/memory_strategy.hpp:25\x1b[m\x1b[K,\n'}
[1.307668] (cpp02_service) StderrLine: {'line': b'                 from \x1b[01m\x1b[K/opt/ros/humble/include/rclcpp/rclcpp/memory_strategies.hpp:18\x1b[m\x1b[K,\n'}
[1.307684] (cpp02_service) StderrLine: {'line': b'                 from \x1b[01m\x1b[K/opt/ros/humble/include/rclcpp/rclcpp/executor_options.hpp:20\x1b[m\x1b[K,\n'}
[1.307698] (cpp02_service) StderrLine: {'line': b'                 from \x1b[01m\x1b[K/opt/ros/humble/include/rclcpp/rclcpp/executor.hpp:37\x1b[m\x1b[K,\n'}
[1.307713] (cpp02_service) StderrLine: {'line': b'                 from \x1b[01m\x1b[K/opt/ros/humble/include/rclcpp/rclcpp/executors/multi_threaded_executor.hpp:25\x1b[m\x1b[K,\n'}
[1.307729] (cpp02_service) StderrLine: {'line': b'                 from \x1b[01m\x1b[K/opt/ros/humble/include/rclcpp/rclcpp/executors.hpp:21\x1b[m\x1b[K,\n'}
[1.307744] (cpp02_service) StderrLine: {'line': b'                 from \x1b[01m\x1b[K/opt/ros/humble/include/rclcpp/rclcpp/rclcpp.hpp:155\x1b[m\x1b[K,\n'}
[1.307759] (cpp02_service) StderrLine: {'line': b'                 from \x1b[01m\x1b[K/home/jon/ws01/src/cpp02_service/src/demo02_client.cpp:17\x1b[m\x1b[K:\n'}
[1.307775] (cpp02_service) StderrLine: {'line': b'\x1b[01m\x1b[K/home/jon/ws01/src/cpp02_service/src/demo02_client.cpp:58:7:\x1b[m\x1b[K \x1b[01;31m\x1b[Kerror: \x1b[m\x1b[Ktemplate argument 1 is invalid\n'}
[1.307792] (cpp02_service) StderrLine: {'line': b'   58 |       \x1b[01;31m\x1b[KRCLCPP_INFO\x1b[m\x1b[K(rclcpp::get_logger(), "\xe6\x9c\x8d\xe5\x8a\xa1\xe5\x99\xa8\xe8\xbf\x9e\xe6\x8e\xa5\xe4\xb8\xad...");\n'}
[1.307807] (cpp02_service) StderrLine: {'line': b'      |       \x1b[01;31m\x1b[K^~~~~~~~~~~\x1b[m\x1b[K\n'}
[1.307822] (cpp02_service) StderrLine: {'line': b'In file included from \x1b[01m\x1b[K/opt/ros/humble/include/rclcpp/rclcpp/logging.hpp:24\x1b[m\x1b[K,\n'}
[1.307837] (cpp02_service) StderrLine: {'line': b'                 from \x1b[01m\x1b[K/opt/ros/humble/include/rclcpp/rclcpp/client.hpp:40\x1b[m\x1b[K,\n'}
[1.307853] (cpp02_service) StderrLine: {'line': b'                 from \x1b[01m\x1b[K/opt/ros/humble/include/rclcpp/rclcpp/callback_group.hpp:24\x1b[m\x1b[K,\n'}
[1.307867] (cpp02_service) StderrLine: {'line': b'                 from \x1b[01m\x1b[K/opt/ros/humble/include/rclcpp/rclcpp/any_executable.hpp:20\x1b[m\x1b[K,\n'}
[1.307885] (cpp02_service) StderrLine: {'line': b'                 from \x1b[01m\x1b[K/opt/ros/humble/include/rclcpp/rclcpp/memory_strategy.hpp:25\x1b[m\x1b[K,\n'}
[1.307900] (cpp02_service) StderrLine: {'line': b'                 from \x1b[01m\x1b[K/opt/ros/humble/include/rclcpp/rclcpp/memory_strategies.hpp:18\x1b[m\x1b[K,\n'}
[1.307916] (cpp02_service) StderrLine: {'line': b'                 from \x1b[01m\x1b[K/opt/ros/humble/include/rclcpp/rclcpp/executor_options.hpp:20\x1b[m\x1b[K,\n'}
[1.307931] (cpp02_service) StderrLine: {'line': b'                 from \x1b[01m\x1b[K/opt/ros/humble/include/rclcpp/rclcpp/executor.hpp:37\x1b[m\x1b[K,\n'}
[1.307946] (cpp02_service) StderrLine: {'line': b'                 from \x1b[01m\x1b[K/opt/ros/humble/include/rclcpp/rclcpp/executors/multi_threaded_executor.hpp:25\x1b[m\x1b[K,\n'}
[1.307961] (cpp02_service) StderrLine: {'line': b'                 from \x1b[01m\x1b[K/opt/ros/humble/include/rclcpp/rclcpp/executors.hpp:21\x1b[m\x1b[K,\n'}
[1.307976] (cpp02_service) StderrLine: {'line': b'                 from \x1b[01m\x1b[K/opt/ros/humble/include/rclcpp/rclcpp/rclcpp.hpp:155\x1b[m\x1b[K,\n'}
[1.307991] (cpp02_service) StderrLine: {'line': b'                 from \x1b[01m\x1b[K/home/jon/ws01/src/cpp02_service/src/demo02_client.cpp:17\x1b[m\x1b[K:\n'}
[1.308005] (cpp02_service) StderrLine: {'line': b'\x1b[01m\x1b[K/home/jon/ws01/src/cpp02_service/src/demo02_client.cpp:58:37:\x1b[m\x1b[K \x1b[01;31m\x1b[Kerror: \x1b[m\x1b[Ktoo few arguments to function \xe2\x80\x98\x1b[01m\x1b[Krclcpp::Logger rclcpp::get_logger(const string&)\x1b[m\x1b[K\xe2\x80\x99\n'}
[1.308021] (cpp02_service) StderrLine: {'line': b'   58 |       RCLCPP_INFO(\x1b[01;31m\x1b[Krclcpp::get_logger()\x1b[m\x1b[K, "\xe6\x9c\x8d\xe5\x8a\xa1\xe5\x99\xa8\xe8\xbf\x9e\xe6\x8e\xa5\xe4\xb8\xad...");\n'}
[1.308036] (cpp02_service) StderrLine: {'line': b'      |                   \x1b[01;31m\x1b[K~~~~~~~~~~~~~~~~~~^~\x1b[m\x1b[K\n'}
[1.308057] (cpp02_service) StderrLine: {'line': b'In file included from \x1b[01m\x1b[K/opt/ros/humble/include/rclcpp/rclcpp/logging.hpp:23\x1b[m\x1b[K,\n'}
[1.308074] (cpp02_service) StderrLine: {'line': b'                 from \x1b[01m\x1b[K/opt/ros/humble/include/rclcpp/rclcpp/client.hpp:40\x1b[m\x1b[K,\n'}
[1.308089] (cpp02_service) StderrLine: {'line': b'                 from \x1b[01m\x1b[K/opt/ros/humble/include/rclcpp/rclcpp/callback_group.hpp:24\x1b[m\x1b[K,\n'}
[1.308103] (cpp02_service) StderrLine: {'line': b'                 from \x1b[01m\x1b[K/opt/ros/humble/include/rclcpp/rclcpp/any_executable.hpp:20\x1b[m\x1b[K,\n'}
[1.308118] (cpp02_service) StderrLine: {'line': b'                 from \x1b[01m\x1b[K/opt/ros/humble/include/rclcpp/rclcpp/memory_strategy.hpp:25\x1b[m\x1b[K,\n'}
[1.308133] (cpp02_service) StderrLine: {'line': b'                 from \x1b[01m\x1b[K/opt/ros/humble/include/rclcpp/rclcpp/memory_strategies.hpp:18\x1b[m\x1b[K,\n'}
[1.308148] (cpp02_service) StderrLine: {'line': b'                 from \x1b[01m\x1b[K/opt/ros/humble/include/rclcpp/rclcpp/executor_options.hpp:20\x1b[m\x1b[K,\n'}
[1.308163] (cpp02_service) StderrLine: {'line': b'                 from \x1b[01m\x1b[K/opt/ros/humble/include/rclcpp/rclcpp/executor.hpp:37\x1b[m\x1b[K,\n'}
[1.308178] (cpp02_service) StderrLine: {'line': b'                 from \x1b[01m\x1b[K/opt/ros/humble/include/rclcpp/rclcpp/executors/multi_threaded_executor.hpp:25\x1b[m\x1b[K,\n'}
[1.308193] (cpp02_service) StderrLine: {'line': b'                 from \x1b[01m\x1b[K/opt/ros/humble/include/rclcpp/rclcpp/executors.hpp:21\x1b[m\x1b[K,\n'}
[1.308208] (cpp02_service) StderrLine: {'line': b'                 from \x1b[01m\x1b[K/opt/ros/humble/include/rclcpp/rclcpp/rclcpp.hpp:155\x1b[m\x1b[K,\n'}
[1.308222] (cpp02_service) StderrLine: {'line': b'                 from \x1b[01m\x1b[K/home/jon/ws01/src/cpp02_service/src/demo02_client.cpp:17\x1b[m\x1b[K:\n'}
[1.308237] (cpp02_service) StderrLine: {'line': b'\x1b[01m\x1b[K/opt/ros/humble/include/rclcpp/rclcpp/logger.hpp:106:17:\x1b[m\x1b[K \x1b[01;36m\x1b[Knote: \x1b[m\x1b[Kdeclared here\n'}
[1.308254] (cpp02_service) StderrLine: {'line': b'  106 |   friend Logger \x1b[01;36m\x1b[Krclcpp\x1b[m\x1b[K::get_logger(const std::string & name);\n'}
[1.308269] (cpp02_service) StderrLine: {'line': b'      |                 \x1b[01;36m\x1b[K^~~~~~\x1b[m\x1b[K\n'}
[1.308284] (cpp02_service) StderrLine: {'line': b'In file included from \x1b[01m\x1b[K/opt/ros/humble/include/rclcpp/rclcpp/logging.hpp:24\x1b[m\x1b[K,\n'}
[1.308301] (cpp02_service) StderrLine: {'line': b'                 from \x1b[01m\x1b[K/opt/ros/humble/include/rclcpp/rclcpp/client.hpp:40\x1b[m\x1b[K,\n'}
[1.308316] (cpp02_service) StderrLine: {'line': b'                 from \x1b[01m\x1b[K/opt/ros/humble/include/rclcpp/rclcpp/callback_group.hpp:24\x1b[m\x1b[K,\n'}
[1.308334] (cpp02_service) StderrLine: {'line': b'                 from \x1b[01m\x1b[K/opt/ros/humble/include/rclcpp/rclcpp/any_executable.hpp:20\x1b[m\x1b[K,\n'}
[1.308351] (cpp02_service) StderrLine: {'line': b'                 from \x1b[01m\x1b[K/opt/ros/humble/include/rclcpp/rclcpp/memory_strategy.hpp:25\x1b[m\x1b[K,\n'}
[1.308367] (cpp02_service) StderrLine: {'line': b'                 from \x1b[01m\x1b[K/opt/ros/humble/include/rclcpp/rclcpp/memory_strategies.hpp:18\x1b[m\x1b[K,\n'}
[1.308382] (cpp02_service) StderrLine: {'line': b'                 from \x1b[01m\x1b[K/opt/ros/humble/include/rclcpp/rclcpp/executor_options.hpp:20\x1b[m\x1b[K,\n'}
[1.308398] (cpp02_service) StderrLine: {'line': b'                 from \x1b[01m\x1b[K/opt/ros/humble/include/rclcpp/rclcpp/executor.hpp:37\x1b[m\x1b[K,\n'}
[1.308414] (cpp02_service) StderrLine: {'line': b'                 from \x1b[01m\x1b[K/opt/ros/humble/include/rclcpp/rclcpp/executors/multi_threaded_executor.hpp:25\x1b[m\x1b[K,\n'}
[1.308431] (cpp02_service) StderrLine: {'line': b'                 from \x1b[01m\x1b[K/opt/ros/humble/include/rclcpp/rclcpp/executors.hpp:21\x1b[m\x1b[K,\n'}
[1.308447] (cpp02_service) StderrLine: {'line': b'                 from \x1b[01m\x1b[K/opt/ros/humble/include/rclcpp/rclcpp/rclcpp.hpp:155\x1b[m\x1b[K,\n'}
[1.308464] (cpp02_service) StderrLine: {'line': b'                 from \x1b[01m\x1b[K/home/jon/ws01/src/cpp02_service/src/demo02_client.cpp:17\x1b[m\x1b[K:\n'}
[1.308483] (cpp02_service) StderrLine: {'line': b'\x1b[01m\x1b[K/home/jon/ws01/src/cpp02_service/src/demo02_client.cpp:58:37:\x1b[m\x1b[K \x1b[01;31m\x1b[Kerror: \x1b[m\x1b[Ktoo few arguments to function \xe2\x80\x98\x1b[01m\x1b[Krclcpp::Logger rclcpp::get_logger(const string&)\x1b[m\x1b[K\xe2\x80\x99\n'}
[1.308500] (cpp02_service) StderrLine: {'line': b'   58 |       RCLCPP_INFO(\x1b[01;31m\x1b[Krclcpp::get_logger()\x1b[m\x1b[K, "\xe6\x9c\x8d\xe5\x8a\xa1\xe5\x99\xa8\xe8\xbf\x9e\xe6\x8e\xa5\xe4\xb8\xad...");\n'}
[1.308515] (cpp02_service) StderrLine: {'line': b'      |                   \x1b[01;31m\x1b[K~~~~~~~~~~~~~~~~~~^~\x1b[m\x1b[K\n'}
[1.308532] (cpp02_service) StderrLine: {'line': b'In file included from \x1b[01m\x1b[K/opt/ros/humble/include/rclcpp/rclcpp/logging.hpp:23\x1b[m\x1b[K,\n'}
[1.308548] (cpp02_service) StderrLine: {'line': b'                 from \x1b[01m\x1b[K/opt/ros/humble/include/rclcpp/rclcpp/client.hpp:40\x1b[m\x1b[K,\n'}
[1.308563] (cpp02_service) StderrLine: {'line': b'                 from \x1b[01m\x1b[K/opt/ros/humble/include/rclcpp/rclcpp/callback_group.hpp:24\x1b[m\x1b[K,\n'}
[1.308578] (cpp02_service) StderrLine: {'line': b'                 from \x1b[01m\x1b[K/opt/ros/humble/include/rclcpp/rclcpp/any_executable.hpp:20\x1b[m\x1b[K,\n'}
[1.308593] (cpp02_service) StderrLine: {'line': b'                 from \x1b[01m\x1b[K/opt/ros/humble/include/rclcpp/rclcpp/memory_strategy.hpp:25\x1b[m\x1b[K,\n'}
[1.308608] (cpp02_service) StderrLine: {'line': b'                 from \x1b[01m\x1b[K/opt/ros/humble/include/rclcpp/rclcpp/memory_strategies.hpp:18\x1b[m\x1b[K,\n'}
[1.308623] (cpp02_service) StderrLine: {'line': b'                 from \x1b[01m\x1b[K/opt/ros/humble/include/rclcpp/rclcpp/executor_options.hpp:20\x1b[m\x1b[K,\n'}
[1.308640] (cpp02_service) StderrLine: {'line': b'                 from \x1b[01m\x1b[K/opt/ros/humble/include/rclcpp/rclcpp/executor.hpp:37\x1b[m\x1b[K,\n'}
[1.308656] (cpp02_service) StderrLine: {'line': b'                 from \x1b[01m\x1b[K/opt/ros/humble/include/rclcpp/rclcpp/executors/multi_threaded_executor.hpp:25\x1b[m\x1b[K,\n'}
[1.308671] (cpp02_service) StderrLine: {'line': b'                 from \x1b[01m\x1b[K/opt/ros/humble/include/rclcpp/rclcpp/executors.hpp:21\x1b[m\x1b[K,\n'}
[1.308687] (cpp02_service) StderrLine: {'line': b'                 from \x1b[01m\x1b[K/opt/ros/humble/include/rclcpp/rclcpp/rclcpp.hpp:155\x1b[m\x1b[K,\n'}
[1.308702] (cpp02_service) StderrLine: {'line': b'                 from \x1b[01m\x1b[K/home/jon/ws01/src/cpp02_service/src/demo02_client.cpp:17\x1b[m\x1b[K:\n'}
[1.308716] (cpp02_service) StderrLine: {'line': b'\x1b[01m\x1b[K/opt/ros/humble/include/rclcpp/rclcpp/logger.hpp:106:17:\x1b[m\x1b[K \x1b[01;36m\x1b[Knote: \x1b[m\x1b[Kdeclared here\n'}
[1.308731] (cpp02_service) StderrLine: {'line': b'  106 |   friend Logger \x1b[01;36m\x1b[Krclcpp\x1b[m\x1b[K::get_logger(const std::string & name);\n'}
[1.308746] (cpp02_service) StderrLine: {'line': b'      |                 \x1b[01;36m\x1b[K^~~~~~\x1b[m\x1b[K\n'}
[1.308761] (cpp02_service) StderrLine: {'line': b'In file included from \x1b[01m\x1b[K/opt/ros/humble/include/rclcpp/rclcpp/client.hpp:40\x1b[m\x1b[K,\n'}
[1.308776] (cpp02_service) StderrLine: {'line': b'                 from \x1b[01m\x1b[K/opt/ros/humble/include/rclcpp/rclcpp/callback_group.hpp:24\x1b[m\x1b[K,\n'}
[1.308791] (cpp02_service) StderrLine: {'line': b'                 from \x1b[01m\x1b[K/opt/ros/humble/include/rclcpp/rclcpp/any_executable.hpp:20\x1b[m\x1b[K,\n'}
[1.308807] (cpp02_service) StderrLine: {'line': b'                 from \x1b[01m\x1b[K/opt/ros/humble/include/rclcpp/rclcpp/memory_strategy.hpp:25\x1b[m\x1b[K,\n'}
[1.308822] (cpp02_service) StderrLine: {'line': b'                 from \x1b[01m\x1b[K/opt/ros/humble/include/rclcpp/rclcpp/memory_strategies.hpp:18\x1b[m\x1b[K,\n'}
[1.308837] (cpp02_service) StderrLine: {'line': b'                 from \x1b[01m\x1b[K/opt/ros/humble/include/rclcpp/rclcpp/executor_options.hpp:20\x1b[m\x1b[K,\n'}
[1.308852] (cpp02_service) StderrLine: {'line': b'                 from \x1b[01m\x1b[K/opt/ros/humble/include/rclcpp/rclcpp/executor.hpp:37\x1b[m\x1b[K,\n'}
[1.308867] (cpp02_service) StderrLine: {'line': b'                 from \x1b[01m\x1b[K/opt/ros/humble/include/rclcpp/rclcpp/executors/multi_threaded_executor.hpp:25\x1b[m\x1b[K,\n'}
[1.308882] (cpp02_service) StderrLine: {'line': b'                 from \x1b[01m\x1b[K/opt/ros/humble/include/rclcpp/rclcpp/executors.hpp:21\x1b[m\x1b[K,\n'}
[1.308897] (cpp02_service) StderrLine: {'line': b'                 from \x1b[01m\x1b[K/opt/ros/humble/include/rclcpp/rclcpp/rclcpp.hpp:155\x1b[m\x1b[K,\n'}
[1.308912] (cpp02_service) StderrLine: {'line': b'                 from \x1b[01m\x1b[K/home/jon/ws01/src/cpp02_service/src/demo02_client.cpp:17\x1b[m\x1b[K:\n'}
[1.308927] (cpp02_service) StderrLine: {'line': b'\x1b[01m\x1b[K/home/jon/ws01/src/cpp02_service/src/demo02_client.cpp:\x1b[m\x1b[K In function \xe2\x80\x98\x1b[01m\x1b[Kint main(int, char**)\x1b[m\x1b[K\xe2\x80\x99:\n'}
[1.308944] (cpp02_service) StderrLine: {'line': b'\x1b[01m\x1b[K/home/jon/ws01/src/cpp02_service/src/demo02_client.cpp:84:36:\x1b[m\x1b[K \x1b[01;31m\x1b[Kerror: \x1b[m\x1b[Ktoo few arguments to function \xe2\x80\x98\x1b[01m\x1b[Krclcpp::Logger rclcpp::get_logger(const string&)\x1b[m\x1b[K\xe2\x80\x99\n'}
[1.308962] (cpp02_service) StderrLine: {'line': b'   84 |     RCLCPP_ERROR(\x1b[01;31m\x1b[Krclcpp::get_logger()\x1b[m\x1b[K, "\xe8\xbf\x9e\xe6\x8e\xa5\xe6\x9c\x8d\xe5\x8a\xa1\xe5\x99\xa8\xe5\xa4\xb1\xe8\xb4\xa5\xef\xbc\x81client\xe8\x8a\x82\xe7\x82\xb9\xe9\x80\x80\xe5\x87\xba\xef\xbc\x81");\n'}
[1.308979] (cpp02_service) StderrLine: {'line': b'      |                  \x1b[01;31m\x1b[K~~~~~~~~~~~~~~~~~~^~\x1b[m\x1b[K\n'}
[1.308995] (cpp02_service) StderrLine: {'line': b'In file included from \x1b[01m\x1b[K/opt/ros/humble/include/rclcpp/rclcpp/logging.hpp:23\x1b[m\x1b[K,\n'}
[1.309012] (cpp02_service) StderrLine: {'line': b'                 from \x1b[01m\x1b[K/opt/ros/humble/include/rclcpp/rclcpp/client.hpp:40\x1b[m\x1b[K,\n'}
[1.309029] (cpp02_service) StderrLine: {'line': b'                 from \x1b[01m\x1b[K/opt/ros/humble/include/rclcpp/rclcpp/callback_group.hpp:24\x1b[m\x1b[K,\n'}
[1.309045] (cpp02_service) StderrLine: {'line': b'                 from \x1b[01m\x1b[K/opt/ros/humble/include/rclcpp/rclcpp/any_executable.hpp:20\x1b[m\x1b[K,\n'}
[1.309060] (cpp02_service) StderrLine: {'line': b'                 from \x1b[01m\x1b[K/opt/ros/humble/include/rclcpp/rclcpp/memory_strategy.hpp:25\x1b[m\x1b[K,\n'}
[1.309077] (cpp02_service) StderrLine: {'line': b'                 from \x1b[01m\x1b[K/opt/ros/humble/include/rclcpp/rclcpp/memory_strategies.hpp:18\x1b[m\x1b[K,\n'}
[1.309093] (cpp02_service) StderrLine: {'line': b'                 from \x1b[01m\x1b[K/opt/ros/humble/include/rclcpp/rclcpp/executor_options.hpp:20\x1b[m\x1b[K,\n'}
[1.309108] (cpp02_service) StderrLine: {'line': b'                 from \x1b[01m\x1b[K/opt/ros/humble/include/rclcpp/rclcpp/executor.hpp:37\x1b[m\x1b[K,\n'}
[1.309124] (cpp02_service) StderrLine: {'line': b'                 from \x1b[01m\x1b[K/opt/ros/humble/include/rclcpp/rclcpp/executors/multi_threaded_executor.hpp:25\x1b[m\x1b[K,\n'}
[1.309140] (cpp02_service) StderrLine: {'line': b'                 from \x1b[01m\x1b[K/opt/ros/humble/include/rclcpp/rclcpp/executors.hpp:21\x1b[m\x1b[K,\n'}
[1.309156] (cpp02_service) StderrLine: {'line': b'                 from \x1b[01m\x1b[K/opt/ros/humble/include/rclcpp/rclcpp/rclcpp.hpp:155\x1b[m\x1b[K,\n'}
[1.309172] (cpp02_service) StderrLine: {'line': b'                 from \x1b[01m\x1b[K/home/jon/ws01/src/cpp02_service/src/demo02_client.cpp:17\x1b[m\x1b[K:\n'}
[1.309187] (cpp02_service) StderrLine: {'line': b'\x1b[01m\x1b[K/opt/ros/humble/include/rclcpp/rclcpp/logger.hpp:106:17:\x1b[m\x1b[K \x1b[01;36m\x1b[Knote: \x1b[m\x1b[Kdeclared here\n'}
[1.309203] (cpp02_service) StderrLine: {'line': b'  106 |   friend Logger \x1b[01;36m\x1b[Krclcpp\x1b[m\x1b[K::get_logger(const std::string & name);\n'}
[1.309219] (cpp02_service) StderrLine: {'line': b'      |                 \x1b[01;36m\x1b[K^~~~~~\x1b[m\x1b[K\n'}
[1.309236] (cpp02_service) StderrLine: {'line': b'In file included from \x1b[01m\x1b[K/opt/ros/humble/include/rclcpp/rclcpp/client.hpp:40\x1b[m\x1b[K,\n'}
[1.309252] (cpp02_service) StderrLine: {'line': b'                 from \x1b[01m\x1b[K/opt/ros/humble/include/rclcpp/rclcpp/callback_group.hpp:24\x1b[m\x1b[K,\n'}
[1.309267] (cpp02_service) StderrLine: {'line': b'                 from \x1b[01m\x1b[K/opt/ros/humble/include/rclcpp/rclcpp/any_executable.hpp:20\x1b[m\x1b[K,\n'}
[1.309282] (cpp02_service) StderrLine: {'line': b'                 from \x1b[01m\x1b[K/opt/ros/humble/include/rclcpp/rclcpp/memory_strategy.hpp:25\x1b[m\x1b[K,\n'}
[1.309297] (cpp02_service) StderrLine: {'line': b'                 from \x1b[01m\x1b[K/opt/ros/humble/include/rclcpp/rclcpp/memory_strategies.hpp:18\x1b[m\x1b[K,\n'}
[1.309315] (cpp02_service) StderrLine: {'line': b'                 from \x1b[01m\x1b[K/opt/ros/humble/include/rclcpp/rclcpp/executor_options.hpp:20\x1b[m\x1b[K,\n'}
[1.309331] (cpp02_service) StderrLine: {'line': b'                 from \x1b[01m\x1b[K/opt/ros/humble/include/rclcpp/rclcpp/executor.hpp:37\x1b[m\x1b[K,\n'}
[1.309348] (cpp02_service) StderrLine: {'line': b'                 from \x1b[01m\x1b[K/opt/ros/humble/include/rclcpp/rclcpp/executors/multi_threaded_executor.hpp:25\x1b[m\x1b[K,\n'}
[1.309364] (cpp02_service) StderrLine: {'line': b'                 from \x1b[01m\x1b[K/opt/ros/humble/include/rclcpp/rclcpp/executors.hpp:21\x1b[m\x1b[K,\n'}
[1.309379] (cpp02_service) StderrLine: {'line': b'                 from \x1b[01m\x1b[K/opt/ros/humble/include/rclcpp/rclcpp/rclcpp.hpp:155\x1b[m\x1b[K,\n'}
[1.309394] (cpp02_service) StderrLine: {'line': b'                 from \x1b[01m\x1b[K/home/jon/ws01/src/cpp02_service/src/demo02_client.cpp:17\x1b[m\x1b[K:\n'}
[1.309410] (cpp02_service) StderrLine: {'line': b'\x1b[01m\x1b[K/home/jon/ws01/src/cpp02_service/src/demo02_client.cpp:84:36:\x1b[m\x1b[K \x1b[01;31m\x1b[Kerror: \x1b[m\x1b[Ktoo few arguments to function \xe2\x80\x98\x1b[01m\x1b[Krclcpp::Logger rclcpp::get_logger(const string&)\x1b[m\x1b[K\xe2\x80\x99\n'}
[1.309428] (cpp02_service) StderrLine: {'line': b'   84 |     RCLCPP_ERROR(\x1b[01;31m\x1b[Krclcpp::get_logger()\x1b[m\x1b[K, "\xe8\xbf\x9e\xe6\x8e\xa5\xe6\x9c\x8d\xe5\x8a\xa1\xe5\x99\xa8\xe5\xa4\xb1\xe8\xb4\xa5\xef\xbc\x81client\xe8\x8a\x82\xe7\x82\xb9\xe9\x80\x80\xe5\x87\xba\xef\xbc\x81");\n'}
[1.309445] (cpp02_service) StderrLine: {'line': b'      |                  \x1b[01;31m\x1b[K~~~~~~~~~~~~~~~~~~^~\x1b[m\x1b[K\n'}
[1.309461] (cpp02_service) StderrLine: {'line': b'In file included from \x1b[01m\x1b[K/opt/ros/humble/include/rclcpp/rclcpp/logging.hpp:23\x1b[m\x1b[K,\n'}
[1.309478] (cpp02_service) StderrLine: {'line': b'                 from \x1b[01m\x1b[K/opt/ros/humble/include/rclcpp/rclcpp/client.hpp:40\x1b[m\x1b[K,\n'}
[1.309494] (cpp02_service) StderrLine: {'line': b'                 from \x1b[01m\x1b[K/opt/ros/humble/include/rclcpp/rclcpp/callback_group.hpp:24\x1b[m\x1b[K,\n'}
[1.309510] (cpp02_service) StderrLine: {'line': b'                 from \x1b[01m\x1b[K/opt/ros/humble/include/rclcpp/rclcpp/any_executable.hpp:20\x1b[m\x1b[K,\n'}
[1.309525] (cpp02_service) StderrLine: {'line': b'                 from \x1b[01m\x1b[K/opt/ros/humble/include/rclcpp/rclcpp/memory_strategy.hpp:25\x1b[m\x1b[K,\n'}
[1.309543] (cpp02_service) StderrLine: {'line': b'                 from \x1b[01m\x1b[K/opt/ros/humble/include/rclcpp/rclcpp/memory_strategies.hpp:18\x1b[m\x1b[K,\n'}
[1.309560] (cpp02_service) StderrLine: {'line': b'                 from \x1b[01m\x1b[K/opt/ros/humble/include/rclcpp/rclcpp/executor_options.hpp:20\x1b[m\x1b[K,\n'}
[1.309578] (cpp02_service) StderrLine: {'line': b'                 from \x1b[01m\x1b[K/opt/ros/humble/include/rclcpp/rclcpp/executor.hpp:37\x1b[m\x1b[K,\n'}
[1.309595] (cpp02_service) StderrLine: {'line': b'                 from \x1b[01m\x1b[K/opt/ros/humble/include/rclcpp/rclcpp/executors/multi_threaded_executor.hpp:25\x1b[m\x1b[K,\n'}
[1.309611] (cpp02_service) StderrLine: {'line': b'                 from \x1b[01m\x1b[K/opt/ros/humble/include/rclcpp/rclcpp/executors.hpp:21\x1b[m\x1b[K,\n'}
[1.309629] (cpp02_service) StderrLine: {'line': b'                 from \x1b[01m\x1b[K/opt/ros/humble/include/rclcpp/rclcpp/rclcpp.hpp:155\x1b[m\x1b[K,\n'}
[1.309645] (cpp02_service) StderrLine: {'line': b'                 from \x1b[01m\x1b[K/home/jon/ws01/src/cpp02_service/src/demo02_client.cpp:17\x1b[m\x1b[K:\n'}
[1.309661] (cpp02_service) StderrLine: {'line': b'\x1b[01m\x1b[K/opt/ros/humble/include/rclcpp/rclcpp/logger.hpp:106:17:\x1b[m\x1b[K \x1b[01;36m\x1b[Knote: \x1b[m\x1b[Kdeclared here\n'}
[1.309677] (cpp02_service) StderrLine: {'line': b'  106 |   friend Logger \x1b[01;36m\x1b[Krclcpp\x1b[m\x1b[K::get_logger(const std::string & name);\n'}
[1.309695] (cpp02_service) StderrLine: {'line': b'      |                 \x1b[01;36m\x1b[K^~~~~~\x1b[m\x1b[K\n'}
[1.309713] (cpp02_service) StderrLine: {'line': b'In file included from \x1b[01m\x1b[K/opt/ros/humble/include/rclcpp/rclcpp/client.hpp:40\x1b[m\x1b[K,\n'}
[1.309730] (cpp02_service) StderrLine: {'line': b'                 from \x1b[01m\x1b[K/opt/ros/humble/include/rclcpp/rclcpp/callback_group.hpp:24\x1b[m\x1b[K,\n'}
[1.309746] (cpp02_service) StderrLine: {'line': b'                 from \x1b[01m\x1b[K/opt/ros/humble/include/rclcpp/rclcpp/any_executable.hpp:20\x1b[m\x1b[K,\n'}
[1.309763] (cpp02_service) StderrLine: {'line': b'                 from \x1b[01m\x1b[K/opt/ros/humble/include/rclcpp/rclcpp/memory_strategy.hpp:25\x1b[m\x1b[K,\n'}
[1.309783] (cpp02_service) StderrLine: {'line': b'                 from \x1b[01m\x1b[K/opt/ros/humble/include/rclcpp/rclcpp/memory_strategies.hpp:18\x1b[m\x1b[K,\n'}
[1.309802] (cpp02_service) StderrLine: {'line': b'                 from \x1b[01m\x1b[K/opt/ros/humble/include/rclcpp/rclcpp/executor_options.hpp:20\x1b[m\x1b[K,\n'}
[1.309828] (cpp02_service) StderrLine: {'line': b'                 from \x1b[01m\x1b[K/opt/ros/humble/include/rclcpp/rclcpp/executor.hpp:37\x1b[m\x1b[K,\n'}
[1.309845] (cpp02_service) StderrLine: {'line': b'                 from \x1b[01m\x1b[K/opt/ros/humble/include/rclcpp/rclcpp/executors/multi_threaded_executor.hpp:25\x1b[m\x1b[K,\n'}
[1.309863] (cpp02_service) StderrLine: {'line': b'                 from \x1b[01m\x1b[K/opt/ros/humble/include/rclcpp/rclcpp/executors.hpp:21\x1b[m\x1b[K,\n'}
[1.309880] (cpp02_service) StderrLine: {'line': b'                 from \x1b[01m\x1b[K/opt/ros/humble/include/rclcpp/rclcpp/rclcpp.hpp:155\x1b[m\x1b[K,\n'}
[1.309896] (cpp02_service) StderrLine: {'line': b'                 from \x1b[01m\x1b[K/home/jon/ws01/src/cpp02_service/src/demo02_client.cpp:17\x1b[m\x1b[K:\n'}
[1.309913] (cpp02_service) StderrLine: {'line': b'\x1b[01m\x1b[K/home/jon/ws01/src/cpp02_service/src/demo02_client.cpp:84:5:\x1b[m\x1b[K \x1b[01;31m\x1b[Kerror: \x1b[m\x1b[Ktemplate argument 1 is invalid\n'}
[1.309929] (cpp02_service) StderrLine: {'line': b'   84 |     \x1b[01;31m\x1b[KRCLCPP_ERROR\x1b[m\x1b[K(rclcpp::get_logger(), "\xe8\xbf\x9e\xe6\x8e\xa5\xe6\x9c\x8d\xe5\x8a\xa1\xe5\x99\xa8\xe5\xa4\xb1\xe8\xb4\xa5\xef\xbc\x81client\xe8\x8a\x82\xe7\x82\xb9\xe9\x80\x80\xe5\x87\xba\xef\xbc\x81");\n'}
[1.309946] (cpp02_service) StderrLine: {'line': b'      |     \x1b[01;31m\x1b[K^~~~~~~~~~~~\x1b[m\x1b[K\n'}
[1.309962] (cpp02_service) StderrLine: {'line': b'In file included from \x1b[01m\x1b[K/opt/ros/humble/include/rclcpp/rclcpp/logging.hpp:24\x1b[m\x1b[K,\n'}
[1.309979] (cpp02_service) StderrLine: {'line': b'                 from \x1b[01m\x1b[K/opt/ros/humble/include/rclcpp/rclcpp/client.hpp:40\x1b[m\x1b[K,\n'}
[1.309995] (cpp02_service) StderrLine: {'line': b'                 from \x1b[01m\x1b[K/opt/ros/humble/include/rclcpp/rclcpp/callback_group.hpp:24\x1b[m\x1b[K,\n'}
[1.310013] (cpp02_service) StderrLine: {'line': b'                 from \x1b[01m\x1b[K/opt/ros/humble/include/rclcpp/rclcpp/any_executable.hpp:20\x1b[m\x1b[K,\n'}
[1.310030] (cpp02_service) StderrLine: {'line': b'                 from \x1b[01m\x1b[K/opt/ros/humble/include/rclcpp/rclcpp/memory_strategy.hpp:25\x1b[m\x1b[K,\n'}
[1.310045] (cpp02_service) StderrLine: {'line': b'                 from \x1b[01m\x1b[K/opt/ros/humble/include/rclcpp/rclcpp/memory_strategies.hpp:18\x1b[m\x1b[K,\n'}
[1.310062] (cpp02_service) StderrLine: {'line': b'                 from \x1b[01m\x1b[K/opt/ros/humble/include/rclcpp/rclcpp/executor_options.hpp:20\x1b[m\x1b[K,\n'}
[1.310078] (cpp02_service) StderrLine: {'line': b'                 from \x1b[01m\x1b[K/opt/ros/humble/include/rclcpp/rclcpp/executor.hpp:37\x1b[m\x1b[K,\n'}
[1.310093] (cpp02_service) StderrLine: {'line': b'                 from \x1b[01m\x1b[K/opt/ros/humble/include/rclcpp/rclcpp/executors/multi_threaded_executor.hpp:25\x1b[m\x1b[K,\n'}
[1.310109] (cpp02_service) StderrLine: {'line': b'                 from \x1b[01m\x1b[K/opt/ros/humble/include/rclcpp/rclcpp/executors.hpp:21\x1b[m\x1b[K,\n'}
[1.310126] (cpp02_service) StderrLine: {'line': b'                 from \x1b[01m\x1b[K/opt/ros/humble/include/rclcpp/rclcpp/rclcpp.hpp:155\x1b[m\x1b[K,\n'}
[1.310142] (cpp02_service) StderrLine: {'line': b'                 from \x1b[01m\x1b[K/home/jon/ws01/src/cpp02_service/src/demo02_client.cpp:17\x1b[m\x1b[K:\n'}
[1.310158] (cpp02_service) StderrLine: {'line': b'\x1b[01m\x1b[K/home/jon/ws01/src/cpp02_service/src/demo02_client.cpp:84:36:\x1b[m\x1b[K \x1b[01;31m\x1b[Kerror: \x1b[m\x1b[Ktoo few arguments to function \xe2\x80\x98\x1b[01m\x1b[Krclcpp::Logger rclcpp::get_logger(const string&)\x1b[m\x1b[K\xe2\x80\x99\n'}
[1.310177] (cpp02_service) StderrLine: {'line': b'   84 |     RCLCPP_ERROR(\x1b[01;31m\x1b[Krclcpp::get_logger()\x1b[m\x1b[K, "\xe8\xbf\x9e\xe6\x8e\xa5\xe6\x9c\x8d\xe5\x8a\xa1\xe5\x99\xa8\xe5\xa4\xb1\xe8\xb4\xa5\xef\xbc\x81client\xe8\x8a\x82\xe7\x82\xb9\xe9\x80\x80\xe5\x87\xba\xef\xbc\x81");\n'}
[1.310193] (cpp02_service) StderrLine: {'line': b'      |                  \x1b[01;31m\x1b[K~~~~~~~~~~~~~~~~~~^~\x1b[m\x1b[K\n'}
[1.310213] (cpp02_service) StderrLine: {'line': b'In file included from \x1b[01m\x1b[K/opt/ros/humble/include/rclcpp/rclcpp/logging.hpp:23\x1b[m\x1b[K,\n'}
[1.310230] (cpp02_service) StderrLine: {'line': b'                 from \x1b[01m\x1b[K/opt/ros/humble/include/rclcpp/rclcpp/client.hpp:40\x1b[m\x1b[K,\n'}
[1.310246] (cpp02_service) StderrLine: {'line': b'                 from \x1b[01m\x1b[K/opt/ros/humble/include/rclcpp/rclcpp/callback_group.hpp:24\x1b[m\x1b[K,\n'}
[1.310262] (cpp02_service) StderrLine: {'line': b'                 from \x1b[01m\x1b[K/opt/ros/humble/include/rclcpp/rclcpp/any_executable.hpp:20\x1b[m\x1b[K,\n'}
[1.310276] (cpp02_service) StderrLine: {'line': b'                 from \x1b[01m\x1b[K/opt/ros/humble/include/rclcpp/rclcpp/memory_strategy.hpp:25\x1b[m\x1b[K,\n'}
[1.310291] (cpp02_service) StderrLine: {'line': b'                 from \x1b[01m\x1b[K/opt/ros/humble/include/rclcpp/rclcpp/memory_strategies.hpp:18\x1b[m\x1b[K,\n'}
[1.310313] (cpp02_service) StderrLine: {'line': b'                 from \x1b[01m\x1b[K/opt/ros/humble/include/rclcpp/rclcpp/executor_options.hpp:20\x1b[m\x1b[K,\n'}
[1.310334] (cpp02_service) StderrLine: {'line': b'                 from \x1b[01m\x1b[K/opt/ros/humble/include/rclcpp/rclcpp/executor.hpp:37\x1b[m\x1b[K,\n'}
[1.310349] (cpp02_service) StderrLine: {'line': b'                 from \x1b[01m\x1b[K/opt/ros/humble/include/rclcpp/rclcpp/executors/multi_threaded_executor.hpp:25\x1b[m\x1b[K,\n'}
[1.310366] (cpp02_service) StderrLine: {'line': b'                 from \x1b[01m\x1b[K/opt/ros/humble/include/rclcpp/rclcpp/executors.hpp:21\x1b[m\x1b[K,\n'}
[1.310381] (cpp02_service) StderrLine: {'line': b'                 from \x1b[01m\x1b[K/opt/ros/humble/include/rclcpp/rclcpp/rclcpp.hpp:155\x1b[m\x1b[K,\n'}
[1.310403] (cpp02_service) StderrLine: {'line': b'                 from \x1b[01m\x1b[K/home/jon/ws01/src/cpp02_service/src/demo02_client.cpp:17\x1b[m\x1b[K:\n'}
[1.310418] (cpp02_service) StderrLine: {'line': b'\x1b[01m\x1b[K/opt/ros/humble/include/rclcpp/rclcpp/logger.hpp:106:17:\x1b[m\x1b[K \x1b[01;36m\x1b[Knote: \x1b[m\x1b[Kdeclared here\n'}
[1.310441] (cpp02_service) StderrLine: {'line': b'  106 |   friend Logger \x1b[01;36m\x1b[Krclcpp\x1b[m\x1b[K::get_logger(const std::string & name);\n'}
[1.310481] (cpp02_service) StderrLine: {'line': b'      |                 \x1b[01;36m\x1b[K^~~~~~\x1b[m\x1b[K\n'}
[1.310498] (cpp02_service) StderrLine: {'line': b'In file included from \x1b[01m\x1b[K/opt/ros/humble/include/rclcpp/rclcpp/logging.hpp:24\x1b[m\x1b[K,\n'}
[1.310530] (cpp02_service) StderrLine: {'line': b'                 from \x1b[01m\x1b[K/opt/ros/humble/include/rclcpp/rclcpp/client.hpp:40\x1b[m\x1b[K,\n'}
[1.310550] (cpp02_service) StderrLine: {'line': b'                 from \x1b[01m\x1b[K/opt/ros/humble/include/rclcpp/rclcpp/callback_group.hpp:24\x1b[m\x1b[K,\n'}
[1.310566] (cpp02_service) StderrLine: {'line': b'                 from \x1b[01m\x1b[K/opt/ros/humble/include/rclcpp/rclcpp/any_executable.hpp:20\x1b[m\x1b[K,\n'}
[1.310583] (cpp02_service) StderrLine: {'line': b'                 from \x1b[01m\x1b[K/opt/ros/humble/include/rclcpp/rclcpp/memory_strategy.hpp:25\x1b[m\x1b[K,\n'}
[1.310600] (cpp02_service) StderrLine: {'line': b'                 from \x1b[01m\x1b[K/opt/ros/humble/include/rclcpp/rclcpp/memory_strategies.hpp:18\x1b[m\x1b[K,\n'}
[1.310617] (cpp02_service) StderrLine: {'line': b'                 from \x1b[01m\x1b[K/opt/ros/humble/include/rclcpp/rclcpp/executor_options.hpp:20\x1b[m\x1b[K,\n'}
[1.310650] (cpp02_service) StderrLine: {'line': b'                 from \x1b[01m\x1b[K/opt/ros/humble/include/rclcpp/rclcpp/executor.hpp:37\x1b[m\x1b[K,\n'}
[1.310666] (cpp02_service) StderrLine: {'line': b'                 from \x1b[01m\x1b[K/opt/ros/humble/include/rclcpp/rclcpp/executors/multi_threaded_executor.hpp:25\x1b[m\x1b[K,\n'}
[1.310682] (cpp02_service) StderrLine: {'line': b'                 from \x1b[01m\x1b[K/opt/ros/humble/include/rclcpp/rclcpp/executors.hpp:21\x1b[m\x1b[K,\n'}
[1.310710] (cpp02_service) StderrLine: {'line': b'                 from \x1b[01m\x1b[K/opt/ros/humble/include/rclcpp/rclcpp/rclcpp.hpp:155\x1b[m\x1b[K,\n'}
[1.310730] (cpp02_service) StderrLine: {'line': b'                 from \x1b[01m\x1b[K/home/jon/ws01/src/cpp02_service/src/demo02_client.cpp:17\x1b[m\x1b[K:\n'}
[1.310746] (cpp02_service) StderrLine: {'line': b'\x1b[01m\x1b[K/home/jon/ws01/src/cpp02_service/src/demo02_client.cpp:84:36:\x1b[m\x1b[K \x1b[01;31m\x1b[Kerror: \x1b[m\x1b[Ktoo few arguments to function \xe2\x80\x98\x1b[01m\x1b[Krclcpp::Logger rclcpp::get_logger(const string&)\x1b[m\x1b[K\xe2\x80\x99\n'}
[1.310764] (cpp02_service) StderrLine: {'line': b'   84 |     RCLCPP_ERROR(\x1b[01;31m\x1b[Krclcpp::get_logger()\x1b[m\x1b[K, "\xe8\xbf\x9e\xe6\x8e\xa5\xe6\x9c\x8d\xe5\x8a\xa1\xe5\x99\xa8\xe5\xa4\xb1\xe8\xb4\xa5\xef\xbc\x81client\xe8\x8a\x82\xe7\x82\xb9\xe9\x80\x80\xe5\x87\xba\xef\xbc\x81");\n'}
[1.310779] (cpp02_service) StderrLine: {'line': b'      |                  \x1b[01;31m\x1b[K~~~~~~~~~~~~~~~~~~^~\x1b[m\x1b[K\n'}
[1.310795] (cpp02_service) StderrLine: {'line': b'In file included from \x1b[01m\x1b[K/opt/ros/humble/include/rclcpp/rclcpp/logging.hpp:23\x1b[m\x1b[K,\n'}
[1.310810] (cpp02_service) StderrLine: {'line': b'                 from \x1b[01m\x1b[K/opt/ros/humble/include/rclcpp/rclcpp/client.hpp:40\x1b[m\x1b[K,\n'}
[1.310825] (cpp02_service) StderrLine: {'line': b'                 from \x1b[01m\x1b[K/opt/ros/humble/include/rclcpp/rclcpp/callback_group.hpp:24\x1b[m\x1b[K,\n'}
[1.310840] (cpp02_service) StderrLine: {'line': b'                 from \x1b[01m\x1b[K/opt/ros/humble/include/rclcpp/rclcpp/any_executable.hpp:20\x1b[m\x1b[K,\n'}
[1.310856] (cpp02_service) StderrLine: {'line': b'                 from \x1b[01m\x1b[K/opt/ros/humble/include/rclcpp/rclcpp/memory_strategy.hpp:25\x1b[m\x1b[K,\n'}
[1.310871] (cpp02_service) StderrLine: {'line': b'                 from \x1b[01m\x1b[K/opt/ros/humble/include/rclcpp/rclcpp/memory_strategies.hpp:18\x1b[m\x1b[K,\n'}
[1.310886] (cpp02_service) StderrLine: {'line': b'                 from \x1b[01m\x1b[K/opt/ros/humble/include/rclcpp/rclcpp/executor_options.hpp:20\x1b[m\x1b[K,\n'}
[1.310900] (cpp02_service) StderrLine: {'line': b'                 from \x1b[01m\x1b[K/opt/ros/humble/include/rclcpp/rclcpp/executor.hpp:37\x1b[m\x1b[K,\n'}
[1.310928] (cpp02_service) StderrLine: {'line': b'                 from \x1b[01m\x1b[K/opt/ros/humble/include/rclcpp/rclcpp/executors/multi_threaded_executor.hpp:25\x1b[m\x1b[K,\n'}
[1.310959] (cpp02_service) StderrLine: {'line': b'                 from \x1b[01m\x1b[K/opt/ros/humble/include/rclcpp/rclcpp/executors.hpp:21\x1b[m\x1b[K,\n'}
[1.310976] (cpp02_service) StderrLine: {'line': b'                 from \x1b[01m\x1b[K/opt/ros/humble/include/rclcpp/rclcpp/rclcpp.hpp:155\x1b[m\x1b[K,\n'}
[1.310991] (cpp02_service) StderrLine: {'line': b'                 from \x1b[01m\x1b[K/home/jon/ws01/src/cpp02_service/src/demo02_client.cpp:17\x1b[m\x1b[K:\n'}
[1.311007] (cpp02_service) StderrLine: {'line': b'\x1b[01m\x1b[K/opt/ros/humble/include/rclcpp/rclcpp/logger.hpp:106:17:\x1b[m\x1b[K \x1b[01;36m\x1b[Knote: \x1b[m\x1b[Kdeclared here\n'}
[1.311022] (cpp02_service) StderrLine: {'line': b'  106 |   friend Logger \x1b[01;36m\x1b[Krclcpp\x1b[m\x1b[K::get_logger(const std::string & name);\n'}
[1.311037] (cpp02_service) StderrLine: {'line': b'      |                 \x1b[01;36m\x1b[K^~~~~~\x1b[m\x1b[K\n'}
[1.403604] (-) TimerEvent: {}
[1.503873] (-) TimerEvent: {}
[1.560080] (cpp02_service) StderrLine: {'line': b'gmake[2]: *** [CMakeFiles/demo02_client.dir/build.make:76\xef\xbc\x9aCMakeFiles/demo02_client.dir/src/demo02_client.cpp.o] \xe9\x94\x99\xe8\xaf\xaf 1\n'}
[1.560282] (cpp02_service) StderrLine: {'line': b'gmake[1]: *** [CMakeFiles/Makefile2:165\xef\xbc\x9aCMakeFiles/demo02_client.dir/all] \xe9\x94\x99\xe8\xaf\xaf 2\n'}
[1.561341] (cpp02_service) StderrLine: {'line': b'gmake: *** [Makefile:146\xef\xbc\x9aall] \xe9\x94\x99\xe8\xaf\xaf 2\n'}
[1.562265] (cpp02_service) CommandEnded: {'returncode': 2}
[1.565214] (cpp02_service) JobEnded: {'identifier': 'cpp02_service', 'rc': 2}
[1.575577] (-) EventReactorShutdown: {}
