[0.000000] (-) TimerEvent: {}
[0.000134] (base_demo) JobQueued: {'identifier': 'base_demo', 'dependencies': OrderedDict()}
[0.000150] (cpp01_topic) JobQueued: {'identifier': 'cpp01_topic', 'dependencies': OrderedDict([('base_demo', '/home/jon/ws01/src/install/base_demo')])}
[0.000162] (cpp02_service) JobQueued: {'identifier': 'cpp02_service', 'dependencies': OrderedDict([('base_demo', '/home/jon/ws01/src/install/base_demo')])}
[0.000170] (cpp03_action) JobQueued: {'identifier': 'cpp03_action', 'dependencies': OrderedDict([('base_demo', '/home/jon/ws01/src/install/base_demo')])}
[0.000177] (base_demo) JobStarted: {'identifier': 'base_demo'}
[0.005902] (base_demo) JobProgress: {'identifier': 'base_demo', 'progress': 'cmake'}
[0.006248] (base_demo) Command: {'cmd': ['/usr/bin/cmake', '/home/jon/ws01/src/base_demo', '-DCMAKE_INSTALL_PREFIX=/home/jon/ws01/src/install/base_demo'], 'cwd': '/home/jon/ws01/src/build/base_demo', 'env': OrderedDict([('GJS_DEBUG_TOPICS', 'JS ERROR;JS LOG'), ('PYTHON_BASIC_REPL', '1'), ('LESSOPEN', '| /usr/bin/lesspipe %s'), ('HTTPS_PROXY', 'http://127.0.0.1:7890'), ('no_proxy', 'localhost,127.0.0.0/8,::1'), ('LANGUAGE', 'zh_CN:zh'), ('USER', 'jon'), ('all_proxy', 'socks5h://127.0.0.1:7890'), ('XDG_SESSION_TYPE', 'x11'), ('GIT_ASKPASS', '/usr/share/code/resources/app/extensions/git/dist/askpass.sh'), ('SHLVL', '1'), ('LD_LIBRARY_PATH', '/opt/ros/humble/opt/rviz_ogre_vendor/lib:/opt/ros/humble/lib/x86_64-linux-gnu:/opt/ros/humble/lib'), ('HOME', '/home/jon'), ('CHROME_DESKTOP', 'code.desktop'), ('OLDPWD', '/home/jon/ws01'), ('TERM_PROGRAM_VERSION', '1.138.0'), ('DESKTOP_SESSION', 'ubuntu'), ('NO_PROXY', 'localhost,127.0.0.0/8,::1'), ('GIO_LAUNCHED_DESKTOP_FILE', '/usr/share/applications/code.desktop'), ('ROS_PYTHON_VERSION', '3'), ('GNOME_SHELL_SESSION_MODE', 'ubuntu'), ('GTK_MODULES', 'gail:atk-bridge'), ('VSCODE_GIT_ASKPASS_MAIN', '/usr/share/code/resources/app/extensions/git/dist/askpass-main.js'), ('VSCODE_GIT_ASKPASS_NODE', '/usr/share/code/code'), ('MANAGERPID', '1319'), ('PYDEVD_DISABLE_FILE_VALIDATION', '1'), ('SYSTEMD_EXEC_PID', '2502'), ('BUNDLED_DEBUGPY_PATH', '/home/jon/.vscode/extensions/ms-python.debugpy-2026.6.0-linux-x64/bundled/libs/debugpy'), ('VSCODE_PYTHON_AUTOACTIVATE_GUARD', '1'), ('DBUS_SESSION_BUS_ADDRESS', 'unix:path=/run/user/1000/bus'), ('COLORTERM', 'truecolor'), ('GIO_LAUNCHED_DESKTOP_FILE_PID', '6071'), ('IM_CONFIG_PHASE', '1'), ('https_proxy', 'http://127.0.0.1:7890'), ('COLCON_PREFIX_PATH', '/home/jon/ros2_ws/install'), ('ROS_DISTRO', 'humble'), ('LOGNAME', 'jon'), ('ALL_PROXY', 'socks5h://127.0.0.1:7890'), ('http_proxy', 'http://127.0.0.1:7890'), ('JOURNAL_STREAM', '8:32782'), ('_', '/usr/bin/colcon'), ('ROS_VERSION', '2'), ('XDG_SESSION_CLASS', 'user'), ('USERNAME', 'jon'), ('TERM', 'xterm-256color'), ('GNOME_DESKTOP_SESSION_ID', 'this-is-deprecated'), ('FC_FONTATIONS', '1'), ('ROS_LOCALHOST_ONLY', '0'), ('WINDOWPATH', '2'), ('PATH', '/home/jon/.config/Code/User/globalStorage/github.copilot-chat/debugCommand:/home/jon/.config/Code/User/globalStorage/github.copilot-chat/copilotCli:/home/jon/.local/bin:/opt/ros/humble/bin:/home/jon/.local/bin:/home/jon/.local/bin:/usr/local/sbin:/usr/local/bin:/usr/sbin:/usr/bin:/sbin:/bin:/usr/games:/usr/local/games:/snap/bin:/snap/bin:/home/jon/.vscode/extensions/ms-python.debugpy-2026.6.0-linux-x64/bundled/scripts/noConfigScripts'), ('SESSION_MANAGER', 'local/WJ:@/tmp/.ICE-unix/2480,unix/WJ:/tmp/.ICE-unix/2480'), ('INVOCATION_ID', '7147c2f4d17845b5b9c7aefa481e394c'), ('XDG_MENU_PREFIX', 'gnome-'), ('XDG_RUNTIME_DIR', '/run/user/1000'), ('GDK_BACKEND', 'x11'), ('DISPLAY', ':0'), ('VSCODE_DEBUGPY_ADAPTER_ENDPOINTS', '/home/jon/.vscode/extensions/ms-python.debugpy-2026.6.0-linux-x64/.noConfigDebugAdapterEndpoints/endpoint-b8a5c5d86f95c8fb.txt'), ('LANG', 'zh_CN.UTF-8'), ('XDG_CURRENT_DESKTOP', 'ubuntu:GNOME'), ('PYTHONSTARTUP', '/home/jon/.config/Code/User/workspaceStorage/1f60e15f81795b7429f56f0c0e99fe64/ms-python.python/pythonrc.py'), ('XMODIFIERS', '@im=ibus'), ('XDG_SESSION_DESKTOP', 'ubuntu'), ('XAUTHORITY', '/run/user/1000/gdm/Xauthority'), ('LS_COLORS', 'rs=0:di=01;34:ln=01;36:mh=00:pi=40;33:so=01;35:do=01;35:bd=40;33;01:cd=40;33;01:or=40;31;01:mi=00:su=37;41:sg=30;43:ca=30;41:tw=30;42:ow=34;42:st=37;44:ex=01;32:*.tar=01;31:*.tgz=01;31:*.arc=01;31:*.arj=01;31:*.taz=01;31:*.lha=01;31:*.lz4=01;31:*.lzh=01;31:*.lzma=01;31:*.tlz=01;31:*.txz=01;31:*.tzo=01;31:*.t7z=01;31:*.zip=01;31:*.z=01;31:*.dz=01;31:*.gz=01;31:*.lrz=01;31:*.lz=01;31:*.lzo=01;31:*.xz=01;31:*.zst=01;31:*.tzst=01;31:*.bz2=01;31:*.bz=01;31:*.tbz=01;31:*.tbz2=01;31:*.tz=01;31:*.deb=01;31:*.rpm=01;31:*.jar=01;31:*.war=01;31:*.ear=01;31:*.sar=01;31:*.rar=01;31:*.alz=01;31:*.ace=01;31:*.zoo=01;31:*.cpio=01;31:*.7z=01;31:*.rz=01;31:*.cab=01;31:*.wim=01;31:*.swm=01;31:*.dwm=01;31:*.esd=01;31:*.jpg=01;35:*.jpeg=01;35:*.mjpg=01;35:*.mjpeg=01;35:*.gif=01;35:*.bmp=01;35:*.pbm=01;35:*.pgm=01;35:*.ppm=01;35:*.tga=01;35:*.xbm=01;35:*.xpm=01;35:*.tif=01;35:*.tiff=01;35:*.png=01;35:*.svg=01;35:*.svgz=01;35:*.mng=01;35:*.pcx=01;35:*.mov=01;35:*.mpg=01;35:*.mpeg=01;35:*.m2v=01;35:*.mkv=01;35:*.webm=01;35:*.webp=01;35:*.ogm=01;35:*.mp4=01;35:*.m4v=01;35:*.mp4v=01;35:*.vob=01;35:*.qt=01;35:*.nuv=01;35:*.wmv=01;35:*.asf=01;35:*.rm=01;35:*.rmvb=01;35:*.flc=01;35:*.avi=01;35:*.fli=01;35:*.flv=01;35:*.gl=01;35:*.dl=01;35:*.xcf=01;35:*.xwd=01;35:*.yuv=01;35:*.cgm=01;35:*.emf=01;35:*.ogv=01;35:*.ogx=01;35:*.aac=00;36:*.au=00;36:*.flac=00;36:*.m4a=00;36:*.mid=00;36:*.midi=00;36:*.mka=00;36:*.mp3=00;36:*.mpc=00;36:*.ogg=00;36:*.ra=00;36:*.wav=00;36:*.oga=00;36:*.opus=00;36:*.spx=00;36:*.xspf=00;36:'), ('VSCODE_GIT_IPC_HANDLE', '/run/user/1000/vscode-git-81883a5c4f.sock'), ('TERM_PROGRAM', 'vscode'), ('SSH_AGENT_LAUNCHER', 'gnome-keyring'), ('SSH_AUTH_SOCK', '/run/user/1000/keyring/ssh'), ('AMENT_PREFIX_PATH', '/home/jon/ros2_ws/install/hellovscode_cpp:/home/jon/ros2_ws/install/hello_cpp:/opt/ros/humble'), ('SHELL', '/bin/bash'), ('QT_ACCESSIBILITY', '1'), ('GDMSESSION', 'ubuntu'), ('LESSCLOSE', '/usr/bin/lesspipe %s %s'), ('GPG_AGENT_INFO', '/run/user/1000/gnupg/S.gpg-agent:0:1'), ('GJS_DEBUG_OUTPUT', 'stderr'), ('VSCODE_GIT_ASKPASS_EXTRA_ARGS', ''), ('QT_IM_MODULE', 'ibus'), ('PWD', '/home/jon/ws01/src/build/base_demo'), ('XDG_CONFIG_DIRS', '/etc/xdg/xdg-ubuntu:/etc/xdg'), ('COPILOT_DEBUG_NONCE', '20fc3c0b33e88ebaf2914c4d51f59b28'), ('XDG_DATA_DIRS', '/usr/share/gnome:/usr/share/ubuntu:/usr/local/share/:/usr/share/:/var/lib/snapd/desktop'), ('PYTHONPATH', '/opt/ros/humble/lib/python3.10/site-packages:/opt/ros/humble/local/lib/python3.10/dist-packages'), ('HTTP_PROXY', 'http://127.0.0.1:7890'), ('COLCON', '1'), ('CMAKE_PREFIX_PATH', '/home/jon/ros2_ws/install/hellovscode_cpp:/home/jon/ros2_ws/install/hello_cpp:/opt/ros/humble')]), 'shell': False}
[0.080007] (base_demo) StdoutLine: {'line': b'-- The C compiler identification is GNU 11.4.0\n'}
[0.099246] (-) TimerEvent: {}
[0.125845] (base_demo) StdoutLine: {'line': b'-- The CXX compiler identification is GNU 11.4.0\n'}
[0.131955] (base_demo) StdoutLine: {'line': b'-- Detecting C compiler ABI info\n'}
[0.176451] (base_demo) StdoutLine: {'line': b'-- Detecting C compiler ABI info - done\n'}
[0.179522] (base_demo) StdoutLine: {'line': b'-- Check for working C compiler: /usr/bin/cc - skipped\n'}
[0.180424] (base_demo) StdoutLine: {'line': b'-- Detecting C compile features\n'}
[0.180817] (base_demo) StdoutLine: {'line': b'-- Detecting C compile features - done\n'}
[0.185685] (base_demo) StdoutLine: {'line': b'-- Detecting CXX compiler ABI info\n'}
[0.200525] (-) TimerEvent: {}
[0.233995] (base_demo) StdoutLine: {'line': b'-- Detecting CXX compiler ABI info - done\n'}
[0.238186] (base_demo) StdoutLine: {'line': b'-- Check for working CXX compiler: /usr/bin/c++ - skipped\n'}
[0.238344] (base_demo) StdoutLine: {'line': b'-- Detecting CXX compile features\n'}
[0.238896] (base_demo) StdoutLine: {'line': b'-- Detecting CXX compile features - done\n'}
[0.241662] (base_demo) StdoutLine: {'line': b'-- Found ament_cmake: 1.3.14 (/opt/ros/humble/share/ament_cmake/cmake)\n'}
[0.300614] (-) TimerEvent: {}
[0.326453] (base_demo) StdoutLine: {'line': b'-- Found Python3: /usr/bin/python3 (found version "3.10.12") found components: Interpreter \n'}
[0.377519] (base_demo) StdoutLine: {'line': b'-- Found rosidl_default_generators: 1.2.1 (/opt/ros/humble/share/rosidl_default_generators/cmake)\n'}
[0.382230] (base_demo) StdoutLine: {'line': b'-- Using all available rosidl_typesupport_c: rosidl_typesupport_fastrtps_c;rosidl_typesupport_introspection_c\n'}
[0.387602] (base_demo) StdoutLine: {'line': b'-- Found rosidl_adapter: 3.1.9 (/opt/ros/humble/share/rosidl_adapter/cmake)\n'}
[0.400813] (-) TimerEvent: {}
[0.412294] (base_demo) StdoutLine: {'line': b'-- Using all available rosidl_typesupport_cpp: rosidl_typesupport_fastrtps_cpp;rosidl_typesupport_introspection_cpp\n'}
[0.503030] (-) TimerEvent: {}
[0.603317] (-) TimerEvent: {}
[0.620860] (base_demo) StdoutLine: {'line': b'-- Found ament_cmake_ros: 0.10.1 (/opt/ros/humble/share/ament_cmake_ros/cmake)\n'}
[0.703407] (-) TimerEvent: {}
[0.731416] (base_demo) StdoutLine: {'line': b'-- Using all available rosidl_typesupport_c: rosidl_typesupport_fastrtps_c;rosidl_typesupport_introspection_c\n'}
[0.803495] (-) TimerEvent: {}
[0.871073] (base_demo) StdoutLine: {'line': b'-- Using all available rosidl_typesupport_cpp: rosidl_typesupport_fastrtps_cpp;rosidl_typesupport_introspection_cpp\n'}
[0.884484] (base_demo) StdoutLine: {'line': b'-- Found PythonInterp: /usr/bin/python3 (found suitable version "3.10.12", minimum required is "3.6") \n'}
[0.885296] (base_demo) StdoutLine: {'line': b'-- Found python_cmake_module: 0.10.0 (/opt/ros/humble/share/python_cmake_module/cmake)\n'}
[0.899065] (base_demo) StdoutLine: {'line': b'-- Found PythonLibs: /usr/lib/x86_64-linux-gnu/libpython3.10.so (found suitable version "3.10.12", minimum required is "3.5") \n'}
[0.899154] (base_demo) StdoutLine: {'line': b'-- Using PYTHON_EXECUTABLE: /usr/bin/python3\n'}
[0.899181] (base_demo) StdoutLine: {'line': b'-- Using PYTHON_INCLUDE_DIRS: /usr/include/python3.10\n'}
[0.899203] (base_demo) StdoutLine: {'line': b'-- Using PYTHON_LIBRARIES: /usr/lib/x86_64-linux-gnu/libpython3.10.so\n'}
[0.903557] (-) TimerEvent: {}
[0.914980] (base_demo) StdoutLine: {'line': b'-- Found PythonExtra: .so  \n'}
[0.969342] (base_demo) StdoutLine: {'line': b'-- Found ament_lint_auto: 0.12.15 (/opt/ros/humble/share/ament_lint_auto/cmake)\n'}
[0.980478] (base_demo) StdoutLine: {'line': b"-- Added test 'lint_cmake' to check CMake code style\n"}
[0.981019] (base_demo) StdoutLine: {'line': b"-- Added test 'xmllint' to check XML markup files\n"}
[0.982356] (base_demo) StdoutLine: {'line': b'-- Configuring done\n'}
[0.996872] (base_demo) StdoutLine: {'line': b'-- Generating done\n'}
[1.002209] (base_demo) StdoutLine: {'line': b'-- Build files have been written to: /home/jon/ws01/src/build/base_demo\n'}
[1.003681] (-) TimerEvent: {}
[1.007907] (base_demo) CommandEnded: {'returncode': 0}
[1.008481] (base_demo) JobProgress: {'identifier': 'base_demo', 'progress': 'build'}
[1.009525] (base_demo) Command: {'cmd': ['/usr/bin/cmake', '--build', '/home/jon/ws01/src/build/base_demo', '--', '-j24', '-l24'], 'cwd': '/home/jon/ws01/src/build/base_demo', 'env': OrderedDict([('GJS_DEBUG_TOPICS', 'JS ERROR;JS LOG'), ('PYTHON_BASIC_REPL', '1'), ('LESSOPEN', '| /usr/bin/lesspipe %s'), ('HTTPS_PROXY', 'http://127.0.0.1:7890'), ('no_proxy', 'localhost,127.0.0.0/8,::1'), ('LANGUAGE', 'zh_CN:zh'), ('USER', 'jon'), ('all_proxy', 'socks5h://127.0.0.1:7890'), ('XDG_SESSION_TYPE', 'x11'), ('GIT_ASKPASS', '/usr/share/code/resources/app/extensions/git/dist/askpass.sh'), ('SHLVL', '1'), ('LD_LIBRARY_PATH', '/opt/ros/humble/opt/rviz_ogre_vendor/lib:/opt/ros/humble/lib/x86_64-linux-gnu:/opt/ros/humble/lib'), ('HOME', '/home/jon'), ('CHROME_DESKTOP', 'code.desktop'), ('OLDPWD', '/home/jon/ws01'), ('TERM_PROGRAM_VERSION', '1.138.0'), ('DESKTOP_SESSION', 'ubuntu'), ('NO_PROXY', 'localhost,127.0.0.0/8,::1'), ('GIO_LAUNCHED_DESKTOP_FILE', '/usr/share/applications/code.desktop'), ('ROS_PYTHON_VERSION', '3'), ('GNOME_SHELL_SESSION_MODE', 'ubuntu'), ('GTK_MODULES', 'gail:atk-bridge'), ('VSCODE_GIT_ASKPASS_MAIN', '/usr/share/code/resources/app/extensions/git/dist/askpass-main.js'), ('VSCODE_GIT_ASKPASS_NODE', '/usr/share/code/code'), ('MANAGERPID', '1319'), ('PYDEVD_DISABLE_FILE_VALIDATION', '1'), ('SYSTEMD_EXEC_PID', '2502'), ('BUNDLED_DEBUGPY_PATH', '/home/jon/.vscode/extensions/ms-python.debugpy-2026.6.0-linux-x64/bundled/libs/debugpy'), ('VSCODE_PYTHON_AUTOACTIVATE_GUARD', '1'), ('DBUS_SESSION_BUS_ADDRESS', 'unix:path=/run/user/1000/bus'), ('COLORTERM', 'truecolor'), ('GIO_LAUNCHED_DESKTOP_FILE_PID', '6071'), ('IM_CONFIG_PHASE', '1'), ('https_proxy', 'http://127.0.0.1:7890'), ('COLCON_PREFIX_PATH', '/home/jon/ros2_ws/install'), ('ROS_DISTRO', 'humble'), ('LOGNAME', 'jon'), ('ALL_PROXY', 'socks5h://127.0.0.1:7890'), ('http_proxy', 'http://127.0.0.1:7890'), ('JOURNAL_STREAM', '8:32782'), ('_', '/usr/bin/colcon'), ('ROS_VERSION', '2'), ('XDG_SESSION_CLASS', 'user'), ('USERNAME', 'jon'), ('TERM', 'xterm-256color'), ('GNOME_DESKTOP_SESSION_ID', 'this-is-deprecated'), ('FC_FONTATIONS', '1'), ('ROS_LOCALHOST_ONLY', '0'), ('WINDOWPATH', '2'), ('PATH', '/home/jon/.config/Code/User/globalStorage/github.copilot-chat/debugCommand:/home/jon/.config/Code/User/globalStorage/github.copilot-chat/copilotCli:/home/jon/.local/bin:/opt/ros/humble/bin:/home/jon/.local/bin:/home/jon/.local/bin:/usr/local/sbin:/usr/local/bin:/usr/sbin:/usr/bin:/sbin:/bin:/usr/games:/usr/local/games:/snap/bin:/snap/bin:/home/jon/.vscode/extensions/ms-python.debugpy-2026.6.0-linux-x64/bundled/scripts/noConfigScripts'), ('SESSION_MANAGER', 'local/WJ:@/tmp/.ICE-unix/2480,unix/WJ:/tmp/.ICE-unix/2480'), ('INVOCATION_ID', '7147c2f4d17845b5b9c7aefa481e394c'), ('XDG_MENU_PREFIX', 'gnome-'), ('XDG_RUNTIME_DIR', '/run/user/1000'), ('GDK_BACKEND', 'x11'), ('DISPLAY', ':0'), ('VSCODE_DEBUGPY_ADAPTER_ENDPOINTS', '/home/jon/.vscode/extensions/ms-python.debugpy-2026.6.0-linux-x64/.noConfigDebugAdapterEndpoints/endpoint-b8a5c5d86f95c8fb.txt'), ('LANG', 'zh_CN.UTF-8'), ('XDG_CURRENT_DESKTOP', 'ubuntu:GNOME'), ('PYTHONSTARTUP', '/home/jon/.config/Code/User/workspaceStorage/1f60e15f81795b7429f56f0c0e99fe64/ms-python.python/pythonrc.py'), ('XMODIFIERS', '@im=ibus'), ('XDG_SESSION_DESKTOP', 'ubuntu'), ('XAUTHORITY', '/run/user/1000/gdm/Xauthority'), ('LS_COLORS', 'rs=0:di=01;34:ln=01;36:mh=00:pi=40;33:so=01;35:do=01;35:bd=40;33;01:cd=40;33;01:or=40;31;01:mi=00:su=37;41:sg=30;43:ca=30;41:tw=30;42:ow=34;42:st=37;44:ex=01;32:*.tar=01;31:*.tgz=01;31:*.arc=01;31:*.arj=01;31:*.taz=01;31:*.lha=01;31:*.lz4=01;31:*.lzh=01;31:*.lzma=01;31:*.tlz=01;31:*.txz=01;31:*.tzo=01;31:*.t7z=01;31:*.zip=01;31:*.z=01;31:*.dz=01;31:*.gz=01;31:*.lrz=01;31:*.lz=01;31:*.lzo=01;31:*.xz=01;31:*.zst=01;31:*.tzst=01;31:*.bz2=01;31:*.bz=01;31:*.tbz=01;31:*.tbz2=01;31:*.tz=01;31:*.deb=01;31:*.rpm=01;31:*.jar=01;31:*.war=01;31:*.ear=01;31:*.sar=01;31:*.rar=01;31:*.alz=01;31:*.ace=01;31:*.zoo=01;31:*.cpio=01;31:*.7z=01;31:*.rz=01;31:*.cab=01;31:*.wim=01;31:*.swm=01;31:*.dwm=01;31:*.esd=01;31:*.jpg=01;35:*.jpeg=01;35:*.mjpg=01;35:*.mjpeg=01;35:*.gif=01;35:*.bmp=01;35:*.pbm=01;35:*.pgm=01;35:*.ppm=01;35:*.tga=01;35:*.xbm=01;35:*.xpm=01;35:*.tif=01;35:*.tiff=01;35:*.png=01;35:*.svg=01;35:*.svgz=01;35:*.mng=01;35:*.pcx=01;35:*.mov=01;35:*.mpg=01;35:*.mpeg=01;35:*.m2v=01;35:*.mkv=01;35:*.webm=01;35:*.webp=01;35:*.ogm=01;35:*.mp4=01;35:*.m4v=01;35:*.mp4v=01;35:*.vob=01;35:*.qt=01;35:*.nuv=01;35:*.wmv=01;35:*.asf=01;35:*.rm=01;35:*.rmvb=01;35:*.flc=01;35:*.avi=01;35:*.fli=01;35:*.flv=01;35:*.gl=01;35:*.dl=01;35:*.xcf=01;35:*.xwd=01;35:*.yuv=01;35:*.cgm=01;35:*.emf=01;35:*.ogv=01;35:*.ogx=01;35:*.aac=00;36:*.au=00;36:*.flac=00;36:*.m4a=00;36:*.mid=00;36:*.midi=00;36:*.mka=00;36:*.mp3=00;36:*.mpc=00;36:*.ogg=00;36:*.ra=00;36:*.wav=00;36:*.oga=00;36:*.opus=00;36:*.spx=00;36:*.xspf=00;36:'), ('VSCODE_GIT_IPC_HANDLE', '/run/user/1000/vscode-git-81883a5c4f.sock'), ('TERM_PROGRAM', 'vscode'), ('SSH_AGENT_LAUNCHER', 'gnome-keyring'), ('SSH_AUTH_SOCK', '/run/user/1000/keyring/ssh'), ('AMENT_PREFIX_PATH', '/home/jon/ros2_ws/install/hellovscode_cpp:/home/jon/ros2_ws/install/hello_cpp:/opt/ros/humble'), ('SHELL', '/bin/bash'), ('QT_ACCESSIBILITY', '1'), ('GDMSESSION', 'ubuntu'), ('LESSCLOSE', '/usr/bin/lesspipe %s %s'), ('GPG_AGENT_INFO', '/run/user/1000/gnupg/S.gpg-agent:0:1'), ('GJS_DEBUG_OUTPUT', 'stderr'), ('VSCODE_GIT_ASKPASS_EXTRA_ARGS', ''), ('QT_IM_MODULE', 'ibus'), ('PWD', '/home/jon/ws01/src/build/base_demo'), ('XDG_CONFIG_DIRS', '/etc/xdg/xdg-ubuntu:/etc/xdg'), ('COPILOT_DEBUG_NONCE', '20fc3c0b33e88ebaf2914c4d51f59b28'), ('XDG_DATA_DIRS', '/usr/share/gnome:/usr/share/ubuntu:/usr/local/share/:/usr/share/:/var/lib/snapd/desktop'), ('PYTHONPATH', '/opt/ros/humble/lib/python3.10/site-packages:/opt/ros/humble/local/lib/python3.10/dist-packages'), ('HTTP_PROXY', 'http://127.0.0.1:7890'), ('COLCON', '1'), ('CMAKE_PREFIX_PATH', '/home/jon/ros2_ws/install/hellovscode_cpp:/home/jon/ros2_ws/install/hello_cpp:/opt/ros/humble')]), 'shell': False}
[1.036709] (base_demo) StdoutLine: {'line': b'[  2%] \x1b[34m\x1b[1mGenerating C code for ROS interfaces\x1b[0m\n'}
[1.042867] (base_demo) StdoutLine: {'line': b'[  4%] \x1b[34m\x1b[1mGenerating Rust code for ROS interfaces\x1b[0m\n'}
[1.043064] (base_demo) StdoutLine: {'line': b'[  6%] \x1b[34m\x1b[1mGenerating C++ code for ROS interfaces\x1b[0m\n'}
[1.047726] (base_demo) StdoutLine: {'line': b'[  6%] Built target ament_cmake_python_copy_base_demo\n'}
[1.104054] (-) TimerEvent: {}
[1.148505] (base_demo) StdoutLine: {'line': b'running egg_info\n'}
[1.148643] (base_demo) StdoutLine: {'line': b'creating base_demo.egg-info\n'}
[1.148677] (base_demo) StdoutLine: {'line': b'writing base_demo.egg-info/PKG-INFO\n'}
[1.148702] (base_demo) StdoutLine: {'line': b'writing dependency_links to base_demo.egg-info/dependency_links.txt\n'}
[1.148724] (base_demo) StdoutLine: {'line': b'writing top-level names to base_demo.egg-info/top_level.txt\n'}
[1.148764] (base_demo) StdoutLine: {'line': b"writing manifest file 'base_demo.egg-info/SOURCES.txt'\n"}
[1.151544] (base_demo) StdoutLine: {'line': b"reading manifest file 'base_demo.egg-info/SOURCES.txt'\n"}
[1.153827] (base_demo) StdoutLine: {'line': b"writing manifest file 'base_demo.egg-info/SOURCES.txt'\n"}
[1.168556] (base_demo) StdoutLine: {'line': b'[  6%] Built target ament_cmake_python_build_base_demo_egg\n'}
[1.182238] (base_demo) StdoutLine: {'line': b'[  6%] Built target base_demo__rs\n'}
[1.204382] (-) TimerEvent: {}
[1.276935] (base_demo) StdoutLine: {'line': b'[  8%] \x1b[32mBuilding C object CMakeFiles/base_demo__rosidl_generator_c.dir/rosidl_generator_c/base_demo/msg/detail/student__functions.c.o\x1b[0m\n'}
[1.277067] (base_demo) StdoutLine: {'line': b'[ 10%] \x1b[32mBuilding C object CMakeFiles/base_demo__rosidl_generator_c.dir/rosidl_generator_c/base_demo/srv/detail/addints__functions.c.o\x1b[0m\n'}
[1.277750] (base_demo) StdoutLine: {'line': b'[ 12%] \x1b[32mBuilding C object CMakeFiles/base_demo__rosidl_generator_c.dir/rosidl_generator_c/base_demo/action/detail/progress__functions.c.o\x1b[0m\n'}
[1.279202] (base_demo) StdoutLine: {'line': b'[ 12%] Built target base_demo__cpp\n'}
[1.284725] (base_demo) StdoutLine: {'line': b'[ 14%] \x1b[34m\x1b[1mGenerating C++ type support for eProsima Fast-RTPS\x1b[0m\n'}
[1.286948] (base_demo) StdoutLine: {'line': b'[ 16%] \x1b[34m\x1b[1mGenerating C++ introspection for ROS interfaces\x1b[0m\n'}
[1.287012] (base_demo) StdoutLine: {'line': b'[ 18%] \x1b[34m\x1b[1mGenerating C++ type support dispatch for ROS interfaces\x1b[0m\n'}
[1.304603] (-) TimerEvent: {}
[1.356238] (base_demo) StdoutLine: {'line': b'[ 20%] \x1b[32m\x1b[1mLinking C shared library libbase_demo__rosidl_generator_c.so\x1b[0m\n'}
[1.381267] (base_demo) StdoutLine: {'line': b'[ 20%] Built target base_demo__rosidl_generator_c\n'}
[1.388743] (base_demo) StdoutLine: {'line': b'[ 22%] \x1b[34m\x1b[1mGenerating C type support for eProsima Fast-RTPS\x1b[0m\n'}
[1.388835] (base_demo) StdoutLine: {'line': b'[ 25%] \x1b[34m\x1b[1mGenerating C introspection for ROS interfaces\x1b[0m\n'}
[1.388923] (base_demo) StdoutLine: {'line': b'[ 27%] \x1b[34m\x1b[1mGenerating C type support dispatch for ROS interfaces\x1b[0m\n'}
[1.404670] (-) TimerEvent: {}
[1.444497] (base_demo) StdoutLine: {'line': b'[ 29%] \x1b[32mBuilding CXX object CMakeFiles/base_demo__rosidl_typesupport_cpp.dir/rosidl_typesupport_cpp/base_demo/msg/student__type_support.cpp.o\x1b[0m\n'}
[1.444617] (base_demo) StdoutLine: {'line': b'[ 31%] \x1b[32mBuilding CXX object CMakeFiles/base_demo__rosidl_typesupport_cpp.dir/rosidl_typesupport_cpp/base_demo/srv/addints__type_support.cpp.o\x1b[0m\n'}
[1.444652] (base_demo) StdoutLine: {'line': b'[ 33%] \x1b[32mBuilding CXX object CMakeFiles/base_demo__rosidl_typesupport_cpp.dir/rosidl_typesupport_cpp/base_demo/action/progress__type_support.cpp.o\x1b[0m\n'}
[1.475556] (base_demo) StdoutLine: {'line': b'[ 35%] \x1b[32mBuilding CXX object CMakeFiles/base_demo__rosidl_typesupport_introspection_cpp.dir/rosidl_typesupport_introspection_cpp/base_demo/msg/detail/student__type_support.cpp.o\x1b[0m\n'}
[1.476429] (base_demo) StdoutLine: {'line': b'[ 37%] \x1b[32mBuilding CXX object CMakeFiles/base_demo__rosidl_typesupport_introspection_cpp.dir/rosidl_typesupport_introspection_cpp/base_demo/srv/detail/addints__type_support.cpp.o\x1b[0m\n'}
[1.477825] (base_demo) StdoutLine: {'line': b'[ 39%] \x1b[32mBuilding CXX object CMakeFiles/base_demo__rosidl_typesupport_introspection_cpp.dir/rosidl_typesupport_introspection_cpp/base_demo/action/detail/progress__type_support.cpp.o\x1b[0m\n'}
[1.499328] (base_demo) StdoutLine: {'line': b'[ 41%] \x1b[32mBuilding CXX object CMakeFiles/base_demo__rosidl_typesupport_fastrtps_cpp.dir/rosidl_typesupport_fastrtps_cpp/base_demo/msg/detail/dds_fastrtps/student__type_support.cpp.o\x1b[0m\n'}
[1.502597] (base_demo) StdoutLine: {'line': b'[ 43%] \x1b[32mBuilding CXX object CMakeFiles/base_demo__rosidl_typesupport_fastrtps_cpp.dir/rosidl_typesupport_fastrtps_cpp/base_demo/srv/detail/dds_fastrtps/addints__type_support.cpp.o\x1b[0m\n'}
[1.504781] (-) TimerEvent: {}
[1.505050] (base_demo) StdoutLine: {'line': b'[ 45%] \x1b[32mBuilding CXX object CMakeFiles/base_demo__rosidl_typesupport_fastrtps_cpp.dir/rosidl_typesupport_fastrtps_cpp/base_demo/action/detail/dds_fastrtps/progress__type_support.cpp.o\x1b[0m\n'}
[1.555137] (base_demo) StdoutLine: {'line': b'[ 52%] \x1b[32mBuilding CXX object CMakeFiles/base_demo__rosidl_typesupport_c.dir/rosidl_typesupport_c/base_demo/msg/student__type_support.cpp.o\x1b[0m\n'}
[1.555281] (base_demo) StdoutLine: {'line': b'[ 52%] \x1b[32mBuilding CXX object CMakeFiles/base_demo__rosidl_typesupport_c.dir/rosidl_typesupport_c/base_demo/srv/addints__type_support.cpp.o\x1b[0m\n'}
[1.555317] (base_demo) StdoutLine: {'line': b'[ 52%] \x1b[32mBuilding CXX object CMakeFiles/base_demo__rosidl_typesupport_c.dir/rosidl_typesupport_c/base_demo/action/progress__type_support.cpp.o\x1b[0m\n'}
[1.589083] (base_demo) StdoutLine: {'line': b'[ 54%] \x1b[32m\x1b[1mLinking CXX shared library libbase_demo__rosidl_typesupport_c.so\x1b[0m\n'}
[1.605402] (-) TimerEvent: {}
[1.611620] (base_demo) StdoutLine: {'line': b'[ 56%] \x1b[32mBuilding CXX object CMakeFiles/base_demo__rosidl_typesupport_fastrtps_c.dir/rosidl_typesupport_fastrtps_c/base_demo/srv/detail/addints__type_support_c.cpp.o\x1b[0m\n'}
[1.611783] (base_demo) StdoutLine: {'line': b'[ 58%] \x1b[32mBuilding CXX object CMakeFiles/base_demo__rosidl_typesupport_fastrtps_c.dir/rosidl_typesupport_fastrtps_c/base_demo/msg/detail/student__type_support_c.cpp.o\x1b[0m\n'}
[1.612268] (base_demo) StdoutLine: {'line': b'[ 60%] \x1b[32mBuilding CXX object CMakeFiles/base_demo__rosidl_typesupport_fastrtps_c.dir/rosidl_typesupport_fastrtps_c/base_demo/action/detail/progress__type_support_c.cpp.o\x1b[0m\n'}
[1.618055] (base_demo) StdoutLine: {'line': b'[ 62%] \x1b[32mBuilding C object CMakeFiles/base_demo__rosidl_typesupport_introspection_c.dir/rosidl_typesupport_introspection_c/base_demo/action/detail/progress__type_support.c.o\x1b[0m\n'}
[1.618204] (base_demo) StdoutLine: {'line': b'[ 64%] \x1b[32mBuilding C object CMakeFiles/base_demo__rosidl_typesupport_introspection_c.dir/rosidl_typesupport_introspection_c/base_demo/srv/detail/addints__type_support.c.o\x1b[0m\n'}
[1.619643] (base_demo) StdoutLine: {'line': b'[ 64%] Built target base_demo__rosidl_typesupport_c\n'}
[1.620188] (base_demo) StdoutLine: {'line': b'[ 66%] \x1b[32mBuilding C object CMakeFiles/base_demo__rosidl_typesupport_introspection_c.dir/rosidl_typesupport_introspection_c/base_demo/msg/detail/student__type_support.c.o\x1b[0m\n'}
[1.647884] (base_demo) StdoutLine: {'line': b'[ 68%] \x1b[32m\x1b[1mLinking C shared library libbase_demo__rosidl_typesupport_introspection_c.so\x1b[0m\n'}
[1.667954] (base_demo) StdoutLine: {'line': b'[ 68%] Built target base_demo__rosidl_typesupport_introspection_c\n'}
[1.669779] (base_demo) StdoutLine: {'line': b'[ 70%] \x1b[32m\x1b[1mLinking CXX shared library libbase_demo__rosidl_typesupport_cpp.so\x1b[0m\n'}
[1.695352] (base_demo) StdoutLine: {'line': b'[ 70%] Built target base_demo__rosidl_typesupport_cpp\n'}
[1.705525] (-) TimerEvent: {}
[1.756696] (base_demo) StdoutLine: {'line': b'[ 72%] \x1b[32m\x1b[1mLinking CXX shared library libbase_demo__rosidl_typesupport_introspection_cpp.so\x1b[0m\n'}
[1.756872] (base_demo) StdoutLine: {'line': b'[ 75%] \x1b[32m\x1b[1mLinking CXX shared library libbase_demo__rosidl_typesupport_fastrtps_cpp.so\x1b[0m\n'}
[1.791351] (base_demo) StdoutLine: {'line': b'[ 77%] \x1b[32m\x1b[1mLinking CXX shared library libbase_demo__rosidl_typesupport_fastrtps_c.so\x1b[0m\n'}
[1.798124] (base_demo) StdoutLine: {'line': b'[ 77%] Built target base_demo__rosidl_typesupport_introspection_cpp\n'}
[1.803487] (base_demo) StdoutLine: {'line': b'[ 77%] Built target base_demo__rosidl_typesupport_fastrtps_cpp\n'}
[1.805588] (-) TimerEvent: {}
[1.838418] (base_demo) StdoutLine: {'line': b'[ 77%] Built target base_demo__rosidl_typesupport_fastrtps_c\n'}
[1.851004] (base_demo) StdoutLine: {'line': b'[ 77%] Built target base_demo\n'}
[1.862505] (base_demo) StdoutLine: {'line': b'[ 79%] \x1b[34m\x1b[1mGenerating Python code for ROS interfaces\x1b[0m\n'}
[1.905686] (-) TimerEvent: {}
[2.005910] (-) TimerEvent: {}
[2.106129] (-) TimerEvent: {}
[2.206471] (-) TimerEvent: {}
[2.234496] (base_demo) StdoutLine: {'line': b'[ 79%] Built target base_demo__py\n'}
[2.248080] (base_demo) StdoutLine: {'line': b'[ 81%] \x1b[32mBuilding C object CMakeFiles/base_demo__rosidl_generator_py.dir/rosidl_generator_py/base_demo/srv/_addints_s.c.o\x1b[0m\n'}
[2.248206] (base_demo) StdoutLine: {'line': b'[ 83%] \x1b[32mBuilding C object CMakeFiles/base_demo__rosidl_generator_py.dir/rosidl_generator_py/base_demo/action/_progress_s.c.o\x1b[0m\n'}
[2.248242] (base_demo) StdoutLine: {'line': b'[ 85%] \x1b[32mBuilding C object CMakeFiles/base_demo__rosidl_generator_py.dir/rosidl_generator_py/base_demo/msg/_student_s.c.o\x1b[0m\n'}
[2.306579] (-) TimerEvent: {}
[2.328221] (base_demo) StdoutLine: {'line': b'[ 87%] \x1b[32m\x1b[1mLinking C shared library rosidl_generator_py/base_demo/libbase_demo__rosidl_generator_py.so\x1b[0m\n'}
[2.352677] (base_demo) StdoutLine: {'line': b'[ 87%] Built target base_demo__rosidl_generator_py\n'}
[2.366269] (base_demo) StdoutLine: {'line': b'[ 89%] \x1b[32mBuilding C object CMakeFiles/base_demo__rosidl_typesupport_fastrtps_c__pyext.dir/rosidl_generator_py/base_demo/_base_demo_s.ep.rosidl_typesupport_fastrtps_c.c.o\x1b[0m\n'}
[2.366413] (base_demo) StdoutLine: {'line': b'[ 91%] \x1b[32mBuilding C object CMakeFiles/base_demo__rosidl_typesupport_c__pyext.dir/rosidl_generator_py/base_demo/_base_demo_s.ep.rosidl_typesupport_c.c.o\x1b[0m\n'}
[2.366443] (base_demo) StdoutLine: {'line': b'[ 93%] \x1b[32mBuilding C object CMakeFiles/base_demo__rosidl_typesupport_introspection_c__pyext.dir/rosidl_generator_py/base_demo/_base_demo_s.ep.rosidl_typesupport_introspection_c.c.o\x1b[0m\n'}
[2.406943] (-) TimerEvent: {}
[2.426634] (base_demo) StdoutLine: {'line': b'[ 95%] \x1b[32m\x1b[1mLinking C shared library rosidl_generator_py/base_demo/base_demo_s__rosidl_typesupport_introspection_c.cpython-310-x86_64-linux-gnu.so\x1b[0m\n'}
[2.427571] (base_demo) StdoutLine: {'line': b'[ 97%] \x1b[32m\x1b[1mLinking C shared library rosidl_generator_py/base_demo/base_demo_s__rosidl_typesupport_c.cpython-310-x86_64-linux-gnu.so\x1b[0m\n'}
[2.427652] (base_demo) StdoutLine: {'line': b'[100%] \x1b[32m\x1b[1mLinking C shared library rosidl_generator_py/base_demo/base_demo_s__rosidl_typesupport_fastrtps_c.cpython-310-x86_64-linux-gnu.so\x1b[0m\n'}
[2.451245] (base_demo) StdoutLine: {'line': b'[100%] Built target base_demo__rosidl_typesupport_fastrtps_c__pyext\n'}
[2.451389] (base_demo) StdoutLine: {'line': b'[100%] Built target base_demo__rosidl_typesupport_c__pyext\n'}
[2.451818] (base_demo) StdoutLine: {'line': b'[100%] Built target base_demo__rosidl_typesupport_introspection_c__pyext\n'}
[2.459306] (base_demo) CommandEnded: {'returncode': 0}
[2.459506] (base_demo) JobProgress: {'identifier': 'base_demo', 'progress': 'install'}
[2.464512] (base_demo) Command: {'cmd': ['/usr/bin/cmake', '--install', '/home/jon/ws01/src/build/base_demo'], 'cwd': '/home/jon/ws01/src/build/base_demo', 'env': OrderedDict([('GJS_DEBUG_TOPICS', 'JS ERROR;JS LOG'), ('PYTHON_BASIC_REPL', '1'), ('LESSOPEN', '| /usr/bin/lesspipe %s'), ('HTTPS_PROXY', 'http://127.0.0.1:7890'), ('no_proxy', 'localhost,127.0.0.0/8,::1'), ('LANGUAGE', 'zh_CN:zh'), ('USER', 'jon'), ('all_proxy', 'socks5h://127.0.0.1:7890'), ('XDG_SESSION_TYPE', 'x11'), ('GIT_ASKPASS', '/usr/share/code/resources/app/extensions/git/dist/askpass.sh'), ('SHLVL', '1'), ('LD_LIBRARY_PATH', '/opt/ros/humble/opt/rviz_ogre_vendor/lib:/opt/ros/humble/lib/x86_64-linux-gnu:/opt/ros/humble/lib'), ('HOME', '/home/jon'), ('CHROME_DESKTOP', 'code.desktop'), ('OLDPWD', '/home/jon/ws01'), ('TERM_PROGRAM_VERSION', '1.138.0'), ('DESKTOP_SESSION', 'ubuntu'), ('NO_PROXY', 'localhost,127.0.0.0/8,::1'), ('GIO_LAUNCHED_DESKTOP_FILE', '/usr/share/applications/code.desktop'), ('ROS_PYTHON_VERSION', '3'), ('GNOME_SHELL_SESSION_MODE', 'ubuntu'), ('GTK_MODULES', 'gail:atk-bridge'), ('VSCODE_GIT_ASKPASS_MAIN', '/usr/share/code/resources/app/extensions/git/dist/askpass-main.js'), ('VSCODE_GIT_ASKPASS_NODE', '/usr/share/code/code'), ('MANAGERPID', '1319'), ('PYDEVD_DISABLE_FILE_VALIDATION', '1'), ('SYSTEMD_EXEC_PID', '2502'), ('BUNDLED_DEBUGPY_PATH', '/home/jon/.vscode/extensions/ms-python.debugpy-2026.6.0-linux-x64/bundled/libs/debugpy'), ('VSCODE_PYTHON_AUTOACTIVATE_GUARD', '1'), ('DBUS_SESSION_BUS_ADDRESS', 'unix:path=/run/user/1000/bus'), ('COLORTERM', 'truecolor'), ('GIO_LAUNCHED_DESKTOP_FILE_PID', '6071'), ('IM_CONFIG_PHASE', '1'), ('https_proxy', 'http://127.0.0.1:7890'), ('COLCON_PREFIX_PATH', '/home/jon/ros2_ws/install'), ('ROS_DISTRO', 'humble'), ('LOGNAME', 'jon'), ('ALL_PROXY', 'socks5h://127.0.0.1:7890'), ('http_proxy', 'http://127.0.0.1:7890'), ('JOURNAL_STREAM', '8:32782'), ('_', '/usr/bin/colcon'), ('ROS_VERSION', '2'), ('XDG_SESSION_CLASS', 'user'), ('USERNAME', 'jon'), ('TERM', 'xterm-256color'), ('GNOME_DESKTOP_SESSION_ID', 'this-is-deprecated'), ('FC_FONTATIONS', '1'), ('ROS_LOCALHOST_ONLY', '0'), ('WINDOWPATH', '2'), ('PATH', '/home/jon/.config/Code/User/globalStorage/github.copilot-chat/debugCommand:/home/jon/.config/Code/User/globalStorage/github.copilot-chat/copilotCli:/home/jon/.local/bin:/opt/ros/humble/bin:/home/jon/.local/bin:/home/jon/.local/bin:/usr/local/sbin:/usr/local/bin:/usr/sbin:/usr/bin:/sbin:/bin:/usr/games:/usr/local/games:/snap/bin:/snap/bin:/home/jon/.vscode/extensions/ms-python.debugpy-2026.6.0-linux-x64/bundled/scripts/noConfigScripts'), ('SESSION_MANAGER', 'local/WJ:@/tmp/.ICE-unix/2480,unix/WJ:/tmp/.ICE-unix/2480'), ('INVOCATION_ID', '7147c2f4d17845b5b9c7aefa481e394c'), ('XDG_MENU_PREFIX', 'gnome-'), ('XDG_RUNTIME_DIR', '/run/user/1000'), ('GDK_BACKEND', 'x11'), ('DISPLAY', ':0'), ('VSCODE_DEBUGPY_ADAPTER_ENDPOINTS', '/home/jon/.vscode/extensions/ms-python.debugpy-2026.6.0-linux-x64/.noConfigDebugAdapterEndpoints/endpoint-b8a5c5d86f95c8fb.txt'), ('LANG', 'zh_CN.UTF-8'), ('XDG_CURRENT_DESKTOP', 'ubuntu:GNOME'), ('PYTHONSTARTUP', '/home/jon/.config/Code/User/workspaceStorage/1f60e15f81795b7429f56f0c0e99fe64/ms-python.python/pythonrc.py'), ('XMODIFIERS', '@im=ibus'), ('XDG_SESSION_DESKTOP', 'ubuntu'), ('XAUTHORITY', '/run/user/1000/gdm/Xauthority'), ('LS_COLORS', 'rs=0:di=01;34:ln=01;36:mh=00:pi=40;33:so=01;35:do=01;35:bd=40;33;01:cd=40;33;01:or=40;31;01:mi=00:su=37;41:sg=30;43:ca=30;41:tw=30;42:ow=34;42:st=37;44:ex=01;32:*.tar=01;31:*.tgz=01;31:*.arc=01;31:*.arj=01;31:*.taz=01;31:*.lha=01;31:*.lz4=01;31:*.lzh=01;31:*.lzma=01;31:*.tlz=01;31:*.txz=01;31:*.tzo=01;31:*.t7z=01;31:*.zip=01;31:*.z=01;31:*.dz=01;31:*.gz=01;31:*.lrz=01;31:*.lz=01;31:*.lzo=01;31:*.xz=01;31:*.zst=01;31:*.tzst=01;31:*.bz2=01;31:*.bz=01;31:*.tbz=01;31:*.tbz2=01;31:*.tz=01;31:*.deb=01;31:*.rpm=01;31:*.jar=01;31:*.war=01;31:*.ear=01;31:*.sar=01;31:*.rar=01;31:*.alz=01;31:*.ace=01;31:*.zoo=01;31:*.cpio=01;31:*.7z=01;31:*.rz=01;31:*.cab=01;31:*.wim=01;31:*.swm=01;31:*.dwm=01;31:*.esd=01;31:*.jpg=01;35:*.jpeg=01;35:*.mjpg=01;35:*.mjpeg=01;35:*.gif=01;35:*.bmp=01;35:*.pbm=01;35:*.pgm=01;35:*.ppm=01;35:*.tga=01;35:*.xbm=01;35:*.xpm=01;35:*.tif=01;35:*.tiff=01;35:*.png=01;35:*.svg=01;35:*.svgz=01;35:*.mng=01;35:*.pcx=01;35:*.mov=01;35:*.mpg=01;35:*.mpeg=01;35:*.m2v=01;35:*.mkv=01;35:*.webm=01;35:*.webp=01;35:*.ogm=01;35:*.mp4=01;35:*.m4v=01;35:*.mp4v=01;35:*.vob=01;35:*.qt=01;35:*.nuv=01;35:*.wmv=01;35:*.asf=01;35:*.rm=01;35:*.rmvb=01;35:*.flc=01;35:*.avi=01;35:*.fli=01;35:*.flv=01;35:*.gl=01;35:*.dl=01;35:*.xcf=01;35:*.xwd=01;35:*.yuv=01;35:*.cgm=01;35:*.emf=01;35:*.ogv=01;35:*.ogx=01;35:*.aac=00;36:*.au=00;36:*.flac=00;36:*.m4a=00;36:*.mid=00;36:*.midi=00;36:*.mka=00;36:*.mp3=00;36:*.mpc=00;36:*.ogg=00;36:*.ra=00;36:*.wav=00;36:*.oga=00;36:*.opus=00;36:*.spx=00;36:*.xspf=00;36:'), ('VSCODE_GIT_IPC_HANDLE', '/run/user/1000/vscode-git-81883a5c4f.sock'), ('TERM_PROGRAM', 'vscode'), ('SSH_AGENT_LAUNCHER', 'gnome-keyring'), ('SSH_AUTH_SOCK', '/run/user/1000/keyring/ssh'), ('AMENT_PREFIX_PATH', '/home/jon/ros2_ws/install/hellovscode_cpp:/home/jon/ros2_ws/install/hello_cpp:/opt/ros/humble'), ('SHELL', '/bin/bash'), ('QT_ACCESSIBILITY', '1'), ('GDMSESSION', 'ubuntu'), ('LESSCLOSE', '/usr/bin/lesspipe %s %s'), ('GPG_AGENT_INFO', '/run/user/1000/gnupg/S.gpg-agent:0:1'), ('GJS_DEBUG_OUTPUT', 'stderr'), ('VSCODE_GIT_ASKPASS_EXTRA_ARGS', ''), ('QT_IM_MODULE', 'ibus'), ('PWD', '/home/jon/ws01/src/build/base_demo'), ('XDG_CONFIG_DIRS', '/etc/xdg/xdg-ubuntu:/etc/xdg'), ('COPILOT_DEBUG_NONCE', '20fc3c0b33e88ebaf2914c4d51f59b28'), ('XDG_DATA_DIRS', '/usr/share/gnome:/usr/share/ubuntu:/usr/local/share/:/usr/share/:/var/lib/snapd/desktop'), ('PYTHONPATH', '/opt/ros/humble/lib/python3.10/site-packages:/opt/ros/humble/local/lib/python3.10/dist-packages'), ('HTTP_PROXY', 'http://127.0.0.1:7890'), ('COLCON', '1'), ('CMAKE_PREFIX_PATH', '/home/jon/ros2_ws/install/hellovscode_cpp:/home/jon/ros2_ws/install/hello_cpp:/opt/ros/humble')]), 'shell': False}
[2.469639] (base_demo) StdoutLine: {'line': b'-- Install configuration: ""\n'}
[2.469753] (base_demo) StdoutLine: {'line': b'-- Installing: /home/jon/ws01/src/install/base_demo/share/ament_index/resource_index/rosidl_interfaces/base_demo\n'}
[2.469782] (base_demo) StdoutLine: {'line': b'-- Installing: /home/jon/ws01/src/install/base_demo/include/base_demo/base_demo\n'}
[2.470107] (base_demo) StdoutLine: {'line': b'-- Installing: /home/jon/ws01/src/install/base_demo/include/base_demo/base_demo/msg\n'}
[2.470171] (base_demo) StdoutLine: {'line': b'-- Installing: /home/jon/ws01/src/install/base_demo/include/base_demo/base_demo/msg/student.h\n'}
[2.470191] (base_demo) StdoutLine: {'line': b'-- Installing: /home/jon/ws01/src/install/base_demo/include/base_demo/base_demo/msg/detail\n'}
[2.470243] (base_demo) StdoutLine: {'line': b'-- Installing: /home/jon/ws01/src/install/base_demo/include/base_demo/base_demo/msg/detail/student__struct.h\n'}
[2.470263] (base_demo) StdoutLine: {'line': b'-- Installing: /home/jon/ws01/src/install/base_demo/include/base_demo/base_demo/msg/detail/student__functions.c\n'}
[2.470283] (base_demo) StdoutLine: {'line': b'-- Installing: /home/jon/ws01/src/install/base_demo/include/base_demo/base_demo/msg/detail/student__functions.h\n'}
[2.470301] (base_demo) StdoutLine: {'line': b'-- Installing: /home/jon/ws01/src/install/base_demo/include/base_demo/base_demo/msg/detail/student__type_support.h\n'}
[2.470319] (base_demo) StdoutLine: {'line': b'-- Installing: /home/jon/ws01/src/install/base_demo/include/base_demo/base_demo/msg/rosidl_generator_c__visibility_control.h\n'}
[2.470348] (base_demo) StdoutLine: {'line': b'-- Installing: /home/jon/ws01/src/install/base_demo/include/base_demo/base_demo/action\n'}
[2.470367] (base_demo) StdoutLine: {'line': b'-- Installing: /home/jon/ws01/src/install/base_demo/include/base_demo/base_demo/action/progress.h\n'}
[2.470385] (base_demo) StdoutLine: {'line': b'-- Installing: /home/jon/ws01/src/install/base_demo/include/base_demo/base_demo/action/detail\n'}
[2.470404] (base_demo) StdoutLine: {'line': b'-- Installing: /home/jon/ws01/src/install/base_demo/include/base_demo/base_demo/action/detail/progress__functions.h\n'}
[2.470424] (base_demo) StdoutLine: {'line': b'-- Installing: /home/jon/ws01/src/install/base_demo/include/base_demo/base_demo/action/detail/progress__functions.c\n'}
[2.470443] (base_demo) StdoutLine: {'line': b'-- Installing: /home/jon/ws01/src/install/base_demo/include/base_demo/base_demo/action/detail/progress__struct.h\n'}
[2.470463] (base_demo) StdoutLine: {'line': b'-- Installing: /home/jon/ws01/src/install/base_demo/include/base_demo/base_demo/action/detail/progress__type_support.h\n'}
[2.470482] (base_demo) StdoutLine: {'line': b'-- Installing: /home/jon/ws01/src/install/base_demo/include/base_demo/base_demo/srv\n'}
[2.470501] (base_demo) StdoutLine: {'line': b'-- Installing: /home/jon/ws01/src/install/base_demo/include/base_demo/base_demo/srv/addints.h\n'}
[2.470520] (base_demo) StdoutLine: {'line': b'-- Installing: /home/jon/ws01/src/install/base_demo/include/base_demo/base_demo/srv/detail\n'}
[2.470538] (base_demo) StdoutLine: {'line': b'-- Installing: /home/jon/ws01/src/install/base_demo/include/base_demo/base_demo/srv/detail/addints__type_support.h\n'}
[2.470557] (base_demo) StdoutLine: {'line': b'-- Installing: /home/jon/ws01/src/install/base_demo/include/base_demo/base_demo/srv/detail/addints__functions.h\n'}
[2.470576] (base_demo) StdoutLine: {'line': b'-- Installing: /home/jon/ws01/src/install/base_demo/include/base_demo/base_demo/srv/detail/addints__struct.h\n'}
[2.470595] (base_demo) StdoutLine: {'line': b'-- Installing: /home/jon/ws01/src/install/base_demo/include/base_demo/base_demo/srv/detail/addints__functions.c\n'}
[2.470614] (base_demo) StdoutLine: {'line': b'-- Installing: /home/jon/ws01/src/install/base_demo/share/base_demo/environment/library_path.sh\n'}
[2.470650] (base_demo) StdoutLine: {'line': b'-- Installing: /home/jon/ws01/src/install/base_demo/share/base_demo/environment/library_path.dsv\n'}
[2.470669] (base_demo) StdoutLine: {'line': b'-- Installing: /home/jon/ws01/src/install/base_demo/lib/libbase_demo__rosidl_generator_c.so\n'}
[2.470689] (base_demo) StdoutLine: {'line': b'-- Set runtime path of "/home/jon/ws01/src/install/base_demo/lib/libbase_demo__rosidl_generator_c.so" to ""\n'}
[2.470708] (base_demo) StdoutLine: {'line': b'-- Up-to-date: /home/jon/ws01/src/install/base_demo/include/base_demo/base_demo\n'}
[2.470727] (base_demo) StdoutLine: {'line': b'-- Up-to-date: /home/jon/ws01/src/install/base_demo/include/base_demo/base_demo/msg\n'}
[2.470748] (base_demo) StdoutLine: {'line': b'-- Installing: /home/jon/ws01/src/install/base_demo/include/base_demo/base_demo/msg/rosidl_typesupport_fastrtps_c__visibility_control.h\n'}
[2.470769] (base_demo) StdoutLine: {'line': b'-- Up-to-date: /home/jon/ws01/src/install/base_demo/include/base_demo/base_demo/msg/detail\n'}
[2.470788] (base_demo) StdoutLine: {'line': b'-- Installing: /home/jon/ws01/src/install/base_demo/include/base_demo/base_demo/msg/detail/student__rosidl_typesupport_fastrtps_c.h\n'}
[2.470820] (base_demo) StdoutLine: {'line': b'-- Up-to-date: /home/jon/ws01/src/install/base_demo/include/base_demo/base_demo/action\n'}
[2.470865] (base_demo) StdoutLine: {'line': b'-- Up-to-date: /home/jon/ws01/src/install/base_demo/include/base_demo/base_demo/action/detail\n'}
[2.470884] (base_demo) StdoutLine: {'line': b'-- Installing: /home/jon/ws01/src/install/base_demo/include/base_demo/base_demo/action/detail/progress__rosidl_typesupport_fastrtps_c.h\n'}
[2.470902] (base_demo) StdoutLine: {'line': b'-- Up-to-date: /home/jon/ws01/src/install/base_demo/include/base_demo/base_demo/srv\n'}
[2.470919] (base_demo) StdoutLine: {'line': b'-- Up-to-date: /home/jon/ws01/src/install/base_demo/include/base_demo/base_demo/srv/detail\n'}
[2.470935] (base_demo) StdoutLine: {'line': b'-- Installing: /home/jon/ws01/src/install/base_demo/include/base_demo/base_demo/srv/detail/addints__rosidl_typesupport_fastrtps_c.h\n'}
[2.470951] (base_demo) StdoutLine: {'line': b'-- Installing: /home/jon/ws01/src/install/base_demo/lib/libbase_demo__rosidl_typesupport_fastrtps_c.so\n'}
[2.470987] (base_demo) StdoutLine: {'line': b'-- Set runtime path of "/home/jon/ws01/src/install/base_demo/lib/libbase_demo__rosidl_typesupport_fastrtps_c.so" to ""\n'}
[2.471019] (base_demo) StdoutLine: {'line': b'-- Up-to-date: /home/jon/ws01/src/install/base_demo/include/base_demo/base_demo\n'}
[2.471051] (base_demo) StdoutLine: {'line': b'-- Up-to-date: /home/jon/ws01/src/install/base_demo/include/base_demo/base_demo/msg\n'}
[2.471078] (base_demo) StdoutLine: {'line': b'-- Up-to-date: /home/jon/ws01/src/install/base_demo/include/base_demo/base_demo/msg/detail\n'}
[2.471102] (base_demo) StdoutLine: {'line': b'-- Installing: /home/jon/ws01/src/install/base_demo/include/base_demo/base_demo/msg/detail/student__rosidl_typesupport_introspection_c.h\n'}
[2.471122] (base_demo) StdoutLine: {'line': b'-- Installing: /home/jon/ws01/src/install/base_demo/include/base_demo/base_demo/msg/detail/student__type_support.c\n'}
[2.471156] (base_demo) StdoutLine: {'line': b'-- Installing: /home/jon/ws01/src/install/base_demo/include/base_demo/base_demo/msg/rosidl_typesupport_introspection_c__visibility_control.h\n'}
[2.471177] (base_demo) StdoutLine: {'line': b'-- Up-to-date: /home/jon/ws01/src/install/base_demo/include/base_demo/base_demo/action\n'}
[2.471201] (base_demo) StdoutLine: {'line': b'-- Up-to-date: /home/jon/ws01/src/install/base_demo/include/base_demo/base_demo/action/detail\n'}
[2.471223] (base_demo) StdoutLine: {'line': b'-- Installing: /home/jon/ws01/src/install/base_demo/include/base_demo/base_demo/action/detail/progress__rosidl_typesupport_introspection_c.h\n'}
[2.471240] (base_demo) StdoutLine: {'line': b'-- Installing: /home/jon/ws01/src/install/base_demo/include/base_demo/base_demo/action/detail/progress__type_support.c\n'}
[2.471257] (base_demo) StdoutLine: {'line': b'-- Up-to-date: /home/jon/ws01/src/install/base_demo/include/base_demo/base_demo/srv\n'}
[2.471274] (base_demo) StdoutLine: {'line': b'-- Up-to-date: /home/jon/ws01/src/install/base_demo/include/base_demo/base_demo/srv/detail\n'}
[2.471291] (base_demo) StdoutLine: {'line': b'-- Installing: /home/jon/ws01/src/install/base_demo/include/base_demo/base_demo/srv/detail/addints__type_support.c\n'}
[2.471307] (base_demo) StdoutLine: {'line': b'-- Installing: /home/jon/ws01/src/install/base_demo/include/base_demo/base_demo/srv/detail/addints__rosidl_typesupport_introspection_c.h\n'}
[2.471326] (base_demo) StdoutLine: {'line': b'-- Installing: /home/jon/ws01/src/install/base_demo/lib/libbase_demo__rosidl_typesupport_introspection_c.so\n'}
[2.471357] (base_demo) StdoutLine: {'line': b'-- Set runtime path of "/home/jon/ws01/src/install/base_demo/lib/libbase_demo__rosidl_typesupport_introspection_c.so" to ""\n'}
[2.471376] (base_demo) StdoutLine: {'line': b'-- Installing: /home/jon/ws01/src/install/base_demo/lib/libbase_demo__rosidl_typesupport_c.so\n'}
[2.471465] (base_demo) StdoutLine: {'line': b'-- Set runtime path of "/home/jon/ws01/src/install/base_demo/lib/libbase_demo__rosidl_typesupport_c.so" to ""\n'}
[2.471495] (base_demo) StdoutLine: {'line': b'-- Up-to-date: /home/jon/ws01/src/install/base_demo/include/base_demo/base_demo\n'}
[2.471525] (base_demo) StdoutLine: {'line': b'-- Up-to-date: /home/jon/ws01/src/install/base_demo/include/base_demo/base_demo/msg\n'}
[2.471551] (base_demo) StdoutLine: {'line': b'-- Installing: /home/jon/ws01/src/install/base_demo/include/base_demo/base_demo/msg/student.hpp\n'}
[2.471568] (base_demo) StdoutLine: {'line': b'-- Up-to-date: /home/jon/ws01/src/install/base_demo/include/base_demo/base_demo/msg/detail\n'}
[2.471597] (base_demo) StdoutLine: {'line': b'-- Installing: /home/jon/ws01/src/install/base_demo/include/base_demo/base_demo/msg/detail/student__type_support.hpp\n'}
[2.471624] (base_demo) StdoutLine: {'line': b'-- Installing: /home/jon/ws01/src/install/base_demo/include/base_demo/base_demo/msg/detail/student__struct.hpp\n'}
[2.471647] (base_demo) StdoutLine: {'line': b'-- Installing: /home/jon/ws01/src/install/base_demo/include/base_demo/base_demo/msg/detail/student__traits.hpp\n'}
[2.471667] (base_demo) StdoutLine: {'line': b'-- Installing: /home/jon/ws01/src/install/base_demo/include/base_demo/base_demo/msg/detail/student__builder.hpp\n'}
[2.471698] (base_demo) StdoutLine: {'line': b'-- Installing: /home/jon/ws01/src/install/base_demo/include/base_demo/base_demo/msg/rosidl_generator_cpp__visibility_control.hpp\n'}
[2.471719] (base_demo) StdoutLine: {'line': b'-- Up-to-date: /home/jon/ws01/src/install/base_demo/include/base_demo/base_demo/action\n'}
[2.471745] (base_demo) StdoutLine: {'line': b'-- Installing: /home/jon/ws01/src/install/base_demo/include/base_demo/base_demo/action/progress.hpp\n'}
[2.471771] (base_demo) StdoutLine: {'line': b'-- Up-to-date: /home/jon/ws01/src/install/base_demo/include/base_demo/base_demo/action/detail\n'}
[2.471790] (base_demo) StdoutLine: {'line': b'-- Installing: /home/jon/ws01/src/install/base_demo/include/base_demo/base_demo/action/detail/progress__type_support.hpp\n'}
[2.471811] (base_demo) StdoutLine: {'line': b'-- Installing: /home/jon/ws01/src/install/base_demo/include/base_demo/base_demo/action/detail/progress__traits.hpp\n'}
[2.471830] (base_demo) StdoutLine: {'line': b'-- Installing: /home/jon/ws01/src/install/base_demo/include/base_demo/base_demo/action/detail/progress__builder.hpp\n'}
[2.471854] (base_demo) StdoutLine: {'line': b'-- Installing: /home/jon/ws01/src/install/base_demo/include/base_demo/base_demo/action/detail/progress__struct.hpp\n'}
[2.471884] (base_demo) StdoutLine: {'line': b'-- Up-to-date: /home/jon/ws01/src/install/base_demo/include/base_demo/base_demo/srv\n'}
[2.471912] (base_demo) StdoutLine: {'line': b'-- Installing: /home/jon/ws01/src/install/base_demo/include/base_demo/base_demo/srv/addints.hpp\n'}
[2.471932] (base_demo) StdoutLine: {'line': b'-- Up-to-date: /home/jon/ws01/src/install/base_demo/include/base_demo/base_demo/srv/detail\n'}
[2.471954] (base_demo) StdoutLine: {'line': b'-- Installing: /home/jon/ws01/src/install/base_demo/include/base_demo/base_demo/srv/detail/addints__traits.hpp\n'}
[2.471974] (base_demo) StdoutLine: {'line': b'-- Installing: /home/jon/ws01/src/install/base_demo/include/base_demo/base_demo/srv/detail/addints__type_support.hpp\n'}
[2.471998] (base_demo) StdoutLine: {'line': b'-- Installing: /home/jon/ws01/src/install/base_demo/include/base_demo/base_demo/srv/detail/addints__builder.hpp\n'}
[2.472016] (base_demo) StdoutLine: {'line': b'-- Installing: /home/jon/ws01/src/install/base_demo/include/base_demo/base_demo/srv/detail/addints__struct.hpp\n'}
[2.472046] (base_demo) StdoutLine: {'line': b'-- Up-to-date: /home/jon/ws01/src/install/base_demo/include/base_demo/base_demo\n'}
[2.472070] (base_demo) StdoutLine: {'line': b'-- Up-to-date: /home/jon/ws01/src/install/base_demo/include/base_demo/base_demo/msg\n'}
[2.472098] (base_demo) StdoutLine: {'line': b'-- Installing: /home/jon/ws01/src/install/base_demo/include/base_demo/base_demo/msg/rosidl_typesupport_fastrtps_cpp__visibility_control.h\n'}
[2.472115] (base_demo) StdoutLine: {'line': b'-- Up-to-date: /home/jon/ws01/src/install/base_demo/include/base_demo/base_demo/msg/detail\n'}
[2.472130] (base_demo) StdoutLine: {'line': b'-- Installing: /home/jon/ws01/src/install/base_demo/include/base_demo/base_demo/msg/detail/dds_fastrtps\n'}
[2.472155] (base_demo) StdoutLine: {'line': b'-- Installing: /home/jon/ws01/src/install/base_demo/include/base_demo/base_demo/msg/detail/student__rosidl_typesupport_fastrtps_cpp.hpp\n'}
[2.472181] (base_demo) StdoutLine: {'line': b'-- Up-to-date: /home/jon/ws01/src/install/base_demo/include/base_demo/base_demo/action\n'}
[2.472209] (base_demo) StdoutLine: {'line': b'-- Up-to-date: /home/jon/ws01/src/install/base_demo/include/base_demo/base_demo/action/detail\n'}
[2.472238] (base_demo) StdoutLine: {'line': b'-- Installing: /home/jon/ws01/src/install/base_demo/include/base_demo/base_demo/action/detail/dds_fastrtps\n'}
[2.472262] (base_demo) StdoutLine: {'line': b'-- Installing: /home/jon/ws01/src/install/base_demo/include/base_demo/base_demo/action/detail/progress__rosidl_typesupport_fastrtps_cpp.hpp\n'}
[2.472280] (base_demo) StdoutLine: {'line': b'-- Up-to-date: /home/jon/ws01/src/install/base_demo/include/base_demo/base_demo/srv\n'}
[2.472302] (base_demo) StdoutLine: {'line': b'-- Up-to-date: /home/jon/ws01/src/install/base_demo/include/base_demo/base_demo/srv/detail\n'}
[2.472317] (base_demo) StdoutLine: {'line': b'-- Installing: /home/jon/ws01/src/install/base_demo/include/base_demo/base_demo/srv/detail/addints__rosidl_typesupport_fastrtps_cpp.hpp\n'}
[2.472332] (base_demo) StdoutLine: {'line': b'-- Installing: /home/jon/ws01/src/install/base_demo/include/base_demo/base_demo/srv/detail/dds_fastrtps\n'}
[2.472347] (base_demo) StdoutLine: {'line': b'-- Installing: /home/jon/ws01/src/install/base_demo/lib/libbase_demo__rosidl_typesupport_fastrtps_cpp.so\n'}
[2.472403] (base_demo) StdoutLine: {'line': b'-- Set runtime path of "/home/jon/ws01/src/install/base_demo/lib/libbase_demo__rosidl_typesupport_fastrtps_cpp.so" to ""\n'}
[2.472431] (base_demo) StdoutLine: {'line': b'-- Up-to-date: /home/jon/ws01/src/install/base_demo/include/base_demo/base_demo\n'}
[2.472459] (base_demo) StdoutLine: {'line': b'-- Up-to-date: /home/jon/ws01/src/install/base_demo/include/base_demo/base_demo/msg\n'}
[2.472477] (base_demo) StdoutLine: {'line': b'-- Up-to-date: /home/jon/ws01/src/install/base_demo/include/base_demo/base_demo/msg/detail\n'}
[2.472494] (base_demo) StdoutLine: {'line': b'-- Installing: /home/jon/ws01/src/install/base_demo/include/base_demo/base_demo/msg/detail/student__rosidl_typesupport_introspection_cpp.hpp\n'}
[2.472523] (base_demo) StdoutLine: {'line': b'-- Installing: /home/jon/ws01/src/install/base_demo/include/base_demo/base_demo/msg/detail/student__type_support.cpp\n'}
[2.472548] (base_demo) StdoutLine: {'line': b'-- Up-to-date: /home/jon/ws01/src/install/base_demo/include/base_demo/base_demo/action\n'}
[2.472565] (base_demo) StdoutLine: {'line': b'-- Up-to-date: /home/jon/ws01/src/install/base_demo/include/base_demo/base_demo/action/detail\n'}
[2.472589] (base_demo) StdoutLine: {'line': b'-- Installing: /home/jon/ws01/src/install/base_demo/include/base_demo/base_demo/action/detail/progress__type_support.cpp\n'}
[2.472617] (base_demo) StdoutLine: {'line': b'-- Installing: /home/jon/ws01/src/install/base_demo/include/base_demo/base_demo/action/detail/progress__rosidl_typesupport_introspection_cpp.hpp\n'}
[2.472642] (base_demo) StdoutLine: {'line': b'-- Up-to-date: /home/jon/ws01/src/install/base_demo/include/base_demo/base_demo/srv\n'}
[2.472663] (base_demo) StdoutLine: {'line': b'-- Up-to-date: /home/jon/ws01/src/install/base_demo/include/base_demo/base_demo/srv/detail\n'}
[2.472679] (base_demo) StdoutLine: {'line': b'-- Installing: /home/jon/ws01/src/install/base_demo/include/base_demo/base_demo/srv/detail/addints__type_support.cpp\n'}
[2.472702] (base_demo) StdoutLine: {'line': b'-- Installing: /home/jon/ws01/src/install/base_demo/include/base_demo/base_demo/srv/detail/addints__rosidl_typesupport_introspection_cpp.hpp\n'}
[2.472719] (base_demo) StdoutLine: {'line': b'-- Installing: /home/jon/ws01/src/install/base_demo/lib/libbase_demo__rosidl_typesupport_introspection_cpp.so\n'}
[2.472819] (base_demo) StdoutLine: {'line': b'-- Set runtime path of "/home/jon/ws01/src/install/base_demo/lib/libbase_demo__rosidl_typesupport_introspection_cpp.so" to ""\n'}
[2.472847] (base_demo) StdoutLine: {'line': b'-- Installing: /home/jon/ws01/src/install/base_demo/lib/libbase_demo__rosidl_typesupport_cpp.so\n'}
[2.472944] (base_demo) StdoutLine: {'line': b'-- Set runtime path of "/home/jon/ws01/src/install/base_demo/lib/libbase_demo__rosidl_typesupport_cpp.so" to ""\n'}
[2.472970] (base_demo) StdoutLine: {'line': b'-- Installing: /home/jon/ws01/src/install/base_demo/share/base_demo/environment/pythonpath.sh\n'}
[2.472998] (base_demo) StdoutLine: {'line': b'-- Installing: /home/jon/ws01/src/install/base_demo/share/base_demo/environment/pythonpath.dsv\n'}
[2.473050] (base_demo) StdoutLine: {'line': b'-- Installing: /home/jon/ws01/src/install/base_demo/local/lib/python3.10/dist-packages/base_demo-0.0.0-py3.10.egg-info\n'}
[2.473079] (base_demo) StdoutLine: {'line': b'-- Installing: /home/jon/ws01/src/install/base_demo/local/lib/python3.10/dist-packages/base_demo-0.0.0-py3.10.egg-info/PKG-INFO\n'}
[2.473106] (base_demo) StdoutLine: {'line': b'-- Installing: /home/jon/ws01/src/install/base_demo/local/lib/python3.10/dist-packages/base_demo-0.0.0-py3.10.egg-info/SOURCES.txt\n'}
[2.473132] (base_demo) StdoutLine: {'line': b'-- Installing: /home/jon/ws01/src/install/base_demo/local/lib/python3.10/dist-packages/base_demo-0.0.0-py3.10.egg-info/dependency_links.txt\n'}
[2.473158] (base_demo) StdoutLine: {'line': b'-- Installing: /home/jon/ws01/src/install/base_demo/local/lib/python3.10/dist-packages/base_demo-0.0.0-py3.10.egg-info/top_level.txt\n'}
[2.473197] (base_demo) StdoutLine: {'line': b'-- Installing: /home/jon/ws01/src/install/base_demo/local/lib/python3.10/dist-packages/base_demo\n'}
[2.473221] (base_demo) StdoutLine: {'line': b'-- Installing: /home/jon/ws01/src/install/base_demo/local/lib/python3.10/dist-packages/base_demo/__init__.py\n'}
[2.473247] (base_demo) StdoutLine: {'line': b'-- Installing: /home/jon/ws01/src/install/base_demo/local/lib/python3.10/dist-packages/base_demo/msg\n'}
[2.473271] (base_demo) StdoutLine: {'line': b'-- Installing: /home/jon/ws01/src/install/base_demo/local/lib/python3.10/dist-packages/base_demo/msg/__init__.py\n'}
[2.473296] (base_demo) StdoutLine: {'line': b'-- Installing: /home/jon/ws01/src/install/base_demo/local/lib/python3.10/dist-packages/base_demo/msg/_student.py\n'}
[2.473325] (base_demo) StdoutLine: {'line': b'-- Installing: /home/jon/ws01/src/install/base_demo/local/lib/python3.10/dist-packages/base_demo/msg/_student_s.c\n'}
[2.473354] (base_demo) StdoutLine: {'line': b'-- Installing: /home/jon/ws01/src/install/base_demo/local/lib/python3.10/dist-packages/base_demo/base_demo_s__rosidl_typesupport_introspection_c.cpython-310-x86_64-linux-gnu.so\n'}
[2.473396] (base_demo) StdoutLine: {'line': b'-- Installing: /home/jon/ws01/src/install/base_demo/local/lib/python3.10/dist-packages/base_demo/base_demo_s__rosidl_typesupport_fastrtps_c.cpython-310-x86_64-linux-gnu.so\n'}
[2.473537] (base_demo) StdoutLine: {'line': b'-- Installing: /home/jon/ws01/src/install/base_demo/local/lib/python3.10/dist-packages/base_demo/_base_demo_s.ep.rosidl_typesupport_c.c\n'}
[2.473562] (base_demo) StdoutLine: {'line': b'-- Installing: /home/jon/ws01/src/install/base_demo/local/lib/python3.10/dist-packages/base_demo/_base_demo_s.ep.rosidl_typesupport_fastrtps_c.c\n'}
[2.473581] (base_demo) StdoutLine: {'line': b'-- Installing: /home/jon/ws01/src/install/base_demo/local/lib/python3.10/dist-packages/base_demo/base_demo_s__rosidl_typesupport_c.cpython-310-x86_64-linux-gnu.so\n'}
[2.473608] (base_demo) StdoutLine: {'line': b'-- Installing: /home/jon/ws01/src/install/base_demo/local/lib/python3.10/dist-packages/base_demo/_base_demo_s.ep.rosidl_typesupport_introspection_c.c\n'}
[2.473636] (base_demo) StdoutLine: {'line': b'-- Installing: /home/jon/ws01/src/install/base_demo/local/lib/python3.10/dist-packages/base_demo/libbase_demo__rosidl_generator_py.so\n'}
[2.473674] (base_demo) StdoutLine: {'line': b'-- Installing: /home/jon/ws01/src/install/base_demo/local/lib/python3.10/dist-packages/base_demo/action\n'}
[2.473702] (base_demo) StdoutLine: {'line': b'-- Installing: /home/jon/ws01/src/install/base_demo/local/lib/python3.10/dist-packages/base_demo/action/__init__.py\n'}
[2.473731] (base_demo) StdoutLine: {'line': b'-- Installing: /home/jon/ws01/src/install/base_demo/local/lib/python3.10/dist-packages/base_demo/action/_progress.py\n'}
[2.473777] (base_demo) StdoutLine: {'line': b'-- Installing: /home/jon/ws01/src/install/base_demo/local/lib/python3.10/dist-packages/base_demo/action/_progress_s.c\n'}
[2.473814] (base_demo) StdoutLine: {'line': b'-- Installing: /home/jon/ws01/src/install/base_demo/local/lib/python3.10/dist-packages/base_demo/srv\n'}
[2.473840] (base_demo) StdoutLine: {'line': b'-- Installing: /home/jon/ws01/src/install/base_demo/local/lib/python3.10/dist-packages/base_demo/srv/__init__.py\n'}
[2.473870] (base_demo) StdoutLine: {'line': b'-- Installing: /home/jon/ws01/src/install/base_demo/local/lib/python3.10/dist-packages/base_demo/srv/_addints.py\n'}
[2.473899] (base_demo) StdoutLine: {'line': b'-- Installing: /home/jon/ws01/src/install/base_demo/local/lib/python3.10/dist-packages/base_demo/srv/_addints_s.c\n'}
[2.495079] (base_demo) StdoutLine: {'line': b"Listing '/home/jon/ws01/src/install/base_demo/local/lib/python3.10/dist-packages/base_demo'...\n"}
[2.495177] (base_demo) StdoutLine: {'line': b"Compiling '/home/jon/ws01/src/install/base_demo/local/lib/python3.10/dist-packages/base_demo/__init__.py'...\n"}
[2.495205] (base_demo) StdoutLine: {'line': b"Listing '/home/jon/ws01/src/install/base_demo/local/lib/python3.10/dist-packages/base_demo/action'...\n"}
[2.495227] (base_demo) StdoutLine: {'line': b"Compiling '/home/jon/ws01/src/install/base_demo/local/lib/python3.10/dist-packages/base_demo/action/__init__.py'...\n"}
[2.495248] (base_demo) StdoutLine: {'line': b"Compiling '/home/jon/ws01/src/install/base_demo/local/lib/python3.10/dist-packages/base_demo/action/_progress.py'...\n"}
[2.495267] (base_demo) StdoutLine: {'line': b"Listing '/home/jon/ws01/src/install/base_demo/local/lib/python3.10/dist-packages/base_demo/msg'...\n"}
[2.495285] (base_demo) StdoutLine: {'line': b"Compiling '/home/jon/ws01/src/install/base_demo/local/lib/python3.10/dist-packages/base_demo/msg/__init__.py'...\n"}
[2.495303] (base_demo) StdoutLine: {'line': b"Compiling '/home/jon/ws01/src/install/base_demo/local/lib/python3.10/dist-packages/base_demo/msg/_student.py'...\n"}
[2.495321] (base_demo) StdoutLine: {'line': b"Listing '/home/jon/ws01/src/install/base_demo/local/lib/python3.10/dist-packages/base_demo/srv'...\n"}
[2.495338] (base_demo) StdoutLine: {'line': b"Compiling '/home/jon/ws01/src/install/base_demo/local/lib/python3.10/dist-packages/base_demo/srv/__init__.py'...\n"}
[2.495355] (base_demo) StdoutLine: {'line': b"Compiling '/home/jon/ws01/src/install/base_demo/local/lib/python3.10/dist-packages/base_demo/srv/_addints.py'...\n"}
[2.497592] (base_demo) StdoutLine: {'line': b'-- Installing: /home/jon/ws01/src/install/base_demo/local/lib/python3.10/dist-packages/base_demo/base_demo_s__rosidl_typesupport_fastrtps_c.cpython-310-x86_64-linux-gnu.so\n'}
[2.497690] (base_demo) StdoutLine: {'line': b'-- Set runtime path of "/home/jon/ws01/src/install/base_demo/local/lib/python3.10/dist-packages/base_demo/base_demo_s__rosidl_typesupport_fastrtps_c.cpython-310-x86_64-linux-gnu.so" to ""\n'}
[2.497756] (base_demo) StdoutLine: {'line': b'-- Installing: /home/jon/ws01/src/install/base_demo/local/lib/python3.10/dist-packages/base_demo/base_demo_s__rosidl_typesupport_introspection_c.cpython-310-x86_64-linux-gnu.so\n'}
[2.497849] (base_demo) StdoutLine: {'line': b'-- Set runtime path of "/home/jon/ws01/src/install/base_demo/local/lib/python3.10/dist-packages/base_demo/base_demo_s__rosidl_typesupport_introspection_c.cpython-310-x86_64-linux-gnu.so" to ""\n'}
[2.497910] (base_demo) StdoutLine: {'line': b'-- Installing: /home/jon/ws01/src/install/base_demo/local/lib/python3.10/dist-packages/base_demo/base_demo_s__rosidl_typesupport_c.cpython-310-x86_64-linux-gnu.so\n'}
[2.498001] (base_demo) StdoutLine: {'line': b'-- Set runtime path of "/home/jon/ws01/src/install/base_demo/local/lib/python3.10/dist-packages/base_demo/base_demo_s__rosidl_typesupport_c.cpython-310-x86_64-linux-gnu.so" to ""\n'}
[2.498029] (base_demo) StdoutLine: {'line': b'-- Installing: /home/jon/ws01/src/install/base_demo/lib/libbase_demo__rosidl_generator_py.so\n'}
[2.498141] (base_demo) StdoutLine: {'line': b'-- Set runtime path of "/home/jon/ws01/src/install/base_demo/lib/libbase_demo__rosidl_generator_py.so" to ""\n'}
[2.498171] (base_demo) StdoutLine: {'line': b'-- Installing: /home/jon/ws01/src/install/base_demo/share/base_demo/rust\n'}
[2.498200] (base_demo) StdoutLine: {'line': b'-- Installing: /home/jon/ws01/src/install/base_demo/share/base_demo/rust/Cargo.toml\n'}
[2.498227] (base_demo) StdoutLine: {'line': b'-- Installing: /home/jon/ws01/src/install/base_demo/share/base_demo/rust/build.rs\n'}
[2.498252] (base_demo) StdoutLine: {'line': b'-- Installing: /home/jon/ws01/src/install/base_demo/share/base_demo/rust/src\n'}
[2.498278] (base_demo) StdoutLine: {'line': b'-- Installing: /home/jon/ws01/src/install/base_demo/share/base_demo/rust/src/msg\n'}
[2.498302] (base_demo) StdoutLine: {'line': b'-- Installing: /home/jon/ws01/src/install/base_demo/share/base_demo/rust/src/msg/rmw.rs\n'}
[2.498329] (base_demo) StdoutLine: {'line': b'-- Installing: /home/jon/ws01/src/install/base_demo/share/base_demo/rust/src/msg.rs\n'}
[2.498355] (base_demo) StdoutLine: {'line': b'-- Installing: /home/jon/ws01/src/install/base_demo/share/base_demo/rust/src/action.rs\n'}
[2.498381] (base_demo) StdoutLine: {'line': b'-- Installing: /home/jon/ws01/src/install/base_demo/share/base_demo/rust/src/lib.rs\n'}
[2.498407] (base_demo) StdoutLine: {'line': b'-- Installing: /home/jon/ws01/src/install/base_demo/share/base_demo/rust/src/srv.rs\n'}
[2.498439] (base_demo) StdoutLine: {'line': b'-- Installing: /home/jon/ws01/src/install/base_demo/share/base_demo/rust/src/action\n'}
[2.498467] (base_demo) StdoutLine: {'line': b'-- Installing: /home/jon/ws01/src/install/base_demo/share/base_demo/rust/src/action/rmw.rs\n'}
[2.498495] (base_demo) StdoutLine: {'line': b'-- Installing: /home/jon/ws01/src/install/base_demo/share/base_demo/rust/src/srv\n'}
[2.498524] (base_demo) StdoutLine: {'line': b'-- Installing: /home/jon/ws01/src/install/base_demo/share/base_demo/rust/src/srv/rmw.rs\n'}
[2.498564] (base_demo) StdoutLine: {'line': b'-- Installing: /home/jon/ws01/src/install/base_demo/share/base_demo/msg/Student.idl\n'}
[2.498611] (base_demo) StdoutLine: {'line': b'-- Installing: /home/jon/ws01/src/install/base_demo/share/base_demo/srv/Addints.idl\n'}
[2.498660] (base_demo) StdoutLine: {'line': b'-- Installing: /home/jon/ws01/src/install/base_demo/share/base_demo/action/Progress.idl\n'}
[2.498697] (base_demo) StdoutLine: {'line': b'-- Installing: /home/jon/ws01/src/install/base_demo/share/base_demo/msg/Student.msg\n'}
[2.498734] (base_demo) StdoutLine: {'line': b'-- Installing: /home/jon/ws01/src/install/base_demo/share/base_demo/srv/Addints.srv\n'}
[2.498787] (base_demo) StdoutLine: {'line': b'-- Installing: /home/jon/ws01/src/install/base_demo/share/base_demo/srv/Addints_Request.msg\n'}
[2.498834] (base_demo) StdoutLine: {'line': b'-- Installing: /home/jon/ws01/src/install/base_demo/share/base_demo/srv/Addints_Response.msg\n'}
[2.498864] (base_demo) StdoutLine: {'line': b'-- Installing: /home/jon/ws01/src/install/base_demo/share/base_demo/action/Progress.action\n'}
[2.498942] (base_demo) StdoutLine: {'line': b'-- Installing: /home/jon/ws01/src/install/base_demo/share/ament_index/resource_index/package_run_dependencies/base_demo\n'}
[2.498971] (base_demo) StdoutLine: {'line': b'-- Installing: /home/jon/ws01/src/install/base_demo/share/ament_index/resource_index/parent_prefix_path/base_demo\n'}
[2.499005] (base_demo) StdoutLine: {'line': b'-- Installing: /home/jon/ws01/src/install/base_demo/share/base_demo/environment/ament_prefix_path.sh\n'}
[2.499054] (base_demo) StdoutLine: {'line': b'-- Installing: /home/jon/ws01/src/install/base_demo/share/base_demo/environment/ament_prefix_path.dsv\n'}
[2.500512] (base_demo) StdoutLine: {'line': b'-- Installing: /home/jon/ws01/src/install/base_demo/share/base_demo/environment/path.sh\n'}
[2.500536] (base_demo) StdoutLine: {'line': b'-- Installing: /home/jon/ws01/src/install/base_demo/share/base_demo/environment/path.dsv\n'}
[2.500555] (base_demo) StdoutLine: {'line': b'-- Installing: /home/jon/ws01/src/install/base_demo/share/base_demo/local_setup.bash\n'}
[2.500576] (base_demo) StdoutLine: {'line': b'-- Installing: /home/jon/ws01/src/install/base_demo/share/base_demo/local_setup.sh\n'}
[2.500592] (base_demo) StdoutLine: {'line': b'-- Installing: /home/jon/ws01/src/install/base_demo/share/base_demo/local_setup.zsh\n'}
[2.500608] (base_demo) StdoutLine: {'line': b'-- Installing: /home/jon/ws01/src/install/base_demo/share/base_demo/local_setup.dsv\n'}
[2.500623] (base_demo) StdoutLine: {'line': b'-- Installing: /home/jon/ws01/src/install/base_demo/share/base_demo/package.dsv\n'}
[2.500639] (base_demo) StdoutLine: {'line': b'-- Installing: /home/jon/ws01/src/install/base_demo/share/ament_index/resource_index/packages/base_demo\n'}
[2.500654] (base_demo) StdoutLine: {'line': b'-- Installing: /home/jon/ws01/src/install/base_demo/share/base_demo/cmake/export_base_demo__rosidl_generator_cExport.cmake\n'}
[2.500669] (base_demo) StdoutLine: {'line': b'-- Installing: /home/jon/ws01/src/install/base_demo/share/base_demo/cmake/export_base_demo__rosidl_generator_cExport-noconfig.cmake\n'}
[2.500685] (base_demo) StdoutLine: {'line': b'-- Installing: /home/jon/ws01/src/install/base_demo/share/base_demo/cmake/export_base_demo__rosidl_typesupport_fastrtps_cExport.cmake\n'}
[2.500700] (base_demo) StdoutLine: {'line': b'-- Installing: /home/jon/ws01/src/install/base_demo/share/base_demo/cmake/export_base_demo__rosidl_typesupport_fastrtps_cExport-noconfig.cmake\n'}
[2.500716] (base_demo) StdoutLine: {'line': b'-- Installing: /home/jon/ws01/src/install/base_demo/share/base_demo/cmake/base_demo__rosidl_typesupport_introspection_cExport.cmake\n'}
[2.500732] (base_demo) StdoutLine: {'line': b'-- Installing: /home/jon/ws01/src/install/base_demo/share/base_demo/cmake/base_demo__rosidl_typesupport_introspection_cExport-noconfig.cmake\n'}
[2.500767] (base_demo) StdoutLine: {'line': b'-- Installing: /home/jon/ws01/src/install/base_demo/share/base_demo/cmake/base_demo__rosidl_typesupport_cExport.cmake\n'}
[2.500785] (base_demo) StdoutLine: {'line': b'-- Installing: /home/jon/ws01/src/install/base_demo/share/base_demo/cmake/base_demo__rosidl_typesupport_cExport-noconfig.cmake\n'}
[2.500801] (base_demo) StdoutLine: {'line': b'-- Installing: /home/jon/ws01/src/install/base_demo/share/base_demo/cmake/export_base_demo__rosidl_generator_cppExport.cmake\n'}
[2.500816] (base_demo) StdoutLine: {'line': b'-- Installing: /home/jon/ws01/src/install/base_demo/share/base_demo/cmake/export_base_demo__rosidl_typesupport_fastrtps_cppExport.cmake\n'}
[2.500832] (base_demo) StdoutLine: {'line': b'-- Installing: /home/jon/ws01/src/install/base_demo/share/base_demo/cmake/export_base_demo__rosidl_typesupport_fastrtps_cppExport-noconfig.cmake\n'}
[2.500847] (base_demo) StdoutLine: {'line': b'-- Installing: /home/jon/ws01/src/install/base_demo/share/base_demo/cmake/base_demo__rosidl_typesupport_introspection_cppExport.cmake\n'}
[2.500862] (base_demo) StdoutLine: {'line': b'-- Installing: /home/jon/ws01/src/install/base_demo/share/base_demo/cmake/base_demo__rosidl_typesupport_introspection_cppExport-noconfig.cmake\n'}
[2.500877] (base_demo) StdoutLine: {'line': b'-- Installing: /home/jon/ws01/src/install/base_demo/share/base_demo/cmake/base_demo__rosidl_typesupport_cppExport.cmake\n'}
[2.500892] (base_demo) StdoutLine: {'line': b'-- Installing: /home/jon/ws01/src/install/base_demo/share/base_demo/cmake/base_demo__rosidl_typesupport_cppExport-noconfig.cmake\n'}
[2.500909] (base_demo) StdoutLine: {'line': b'-- Installing: /home/jon/ws01/src/install/base_demo/share/base_demo/cmake/export_base_demo__rosidl_generator_pyExport.cmake\n'}
[2.500925] (base_demo) StdoutLine: {'line': b'-- Installing: /home/jon/ws01/src/install/base_demo/share/base_demo/cmake/export_base_demo__rosidl_generator_pyExport-noconfig.cmake\n'}
[2.500941] (base_demo) StdoutLine: {'line': b'-- Installing: /home/jon/ws01/src/install/base_demo/share/base_demo/cmake/rosidl_cmake-extras.cmake\n'}
[2.500956] (base_demo) StdoutLine: {'line': b'-- Installing: /home/jon/ws01/src/install/base_demo/share/base_demo/cmake/ament_cmake_export_dependencies-extras.cmake\n'}
[2.500973] (base_demo) StdoutLine: {'line': b'-- Installing: /home/jon/ws01/src/install/base_demo/share/base_demo/cmake/ament_cmake_export_include_directories-extras.cmake\n'}
[2.500988] (base_demo) StdoutLine: {'line': b'-- Installing: /home/jon/ws01/src/install/base_demo/share/base_demo/cmake/ament_cmake_export_libraries-extras.cmake\n'}
[2.501003] (base_demo) StdoutLine: {'line': b'-- Installing: /home/jon/ws01/src/install/base_demo/share/base_demo/cmake/ament_cmake_export_targets-extras.cmake\n'}
[2.501017] (base_demo) StdoutLine: {'line': b'-- Installing: /home/jon/ws01/src/install/base_demo/share/base_demo/cmake/rosidl_cmake_export_typesupport_targets-extras.cmake\n'}
[2.501032] (base_demo) StdoutLine: {'line': b'-- Installing: /home/jon/ws01/src/install/base_demo/share/base_demo/cmake/rosidl_cmake_export_typesupport_libraries-extras.cmake\n'}
[2.501046] (base_demo) StdoutLine: {'line': b'-- Installing: /home/jon/ws01/src/install/base_demo/share/base_demo/cmake/rosidl_cmake_aggregate_target-extras.cmake\n'}
[2.501061] (base_demo) StdoutLine: {'line': b'-- Installing: /home/jon/ws01/src/install/base_demo/share/base_demo/cmake/base_demoConfig.cmake\n'}
[2.501075] (base_demo) StdoutLine: {'line': b'-- Installing: /home/jon/ws01/src/install/base_demo/share/base_demo/cmake/base_demoConfig-version.cmake\n'}
[2.501090] (base_demo) StdoutLine: {'line': b'-- Installing: /home/jon/ws01/src/install/base_demo/share/base_demo/package.xml\n'}
[2.502198] (base_demo) CommandEnded: {'returncode': 0}
[2.507075] (-) TimerEvent: {}
[2.512095] (base_demo) JobEnded: {'identifier': 'base_demo', 'rc': 0}
[2.512351] (cpp01_topic) JobStarted: {'identifier': 'cpp01_topic'}
[2.513842] (cpp02_service) JobStarted: {'identifier': 'cpp02_service'}
[2.515772] (cpp03_action) JobStarted: {'identifier': 'cpp03_action'}
[2.517867] (cpp02_service) JobProgress: {'identifier': 'cpp02_service', 'progress': 'cmake'}
[2.518251] (cpp02_service) Command: {'cmd': ['/usr/bin/cmake', '/home/jon/ws01/src/cpp02_service', '-DCMAKE_INSTALL_PREFIX=/home/jon/ws01/src/install/cpp02_service'], 'cwd': '/home/jon/ws01/src/build/cpp02_service', 'env': OrderedDict([('GJS_DEBUG_TOPICS', 'JS ERROR;JS LOG'), ('PYTHON_BASIC_REPL', '1'), ('LESSOPEN', '| /usr/bin/lesspipe %s'), ('HTTPS_PROXY', 'http://127.0.0.1:7890'), ('no_proxy', 'localhost,127.0.0.0/8,::1'), ('LANGUAGE', 'zh_CN:zh'), ('USER', 'jon'), ('all_proxy', 'socks5h://127.0.0.1:7890'), ('XDG_SESSION_TYPE', 'x11'), ('GIT_ASKPASS', '/usr/share/code/resources/app/extensions/git/dist/askpass.sh'), ('SHLVL', '1'), ('LD_LIBRARY_PATH', '/home/jon/ws01/src/install/base_demo/lib:/opt/ros/humble/opt/rviz_ogre_vendor/lib:/opt/ros/humble/lib/x86_64-linux-gnu:/opt/ros/humble/lib'), ('HOME', '/home/jon'), ('CHROME_DESKTOP', 'code.desktop'), ('OLDPWD', '/home/jon/ws01'), ('TERM_PROGRAM_VERSION', '1.138.0'), ('DESKTOP_SESSION', 'ubuntu'), ('NO_PROXY', 'localhost,127.0.0.0/8,::1'), ('GIO_LAUNCHED_DESKTOP_FILE', '/usr/share/applications/code.desktop'), ('ROS_PYTHON_VERSION', '3'), ('GNOME_SHELL_SESSION_MODE', 'ubuntu'), ('GTK_MODULES', 'gail:atk-bridge'), ('VSCODE_GIT_ASKPASS_MAIN', '/usr/share/code/resources/app/extensions/git/dist/askpass-main.js'), ('VSCODE_GIT_ASKPASS_NODE', '/usr/share/code/code'), ('MANAGERPID', '1319'), ('PYDEVD_DISABLE_FILE_VALIDATION', '1'), ('SYSTEMD_EXEC_PID', '2502'), ('BUNDLED_DEBUGPY_PATH', '/home/jon/.vscode/extensions/ms-python.debugpy-2026.6.0-linux-x64/bundled/libs/debugpy'), ('VSCODE_PYTHON_AUTOACTIVATE_GUARD', '1'), ('DBUS_SESSION_BUS_ADDRESS', 'unix:path=/run/user/1000/bus'), ('COLORTERM', 'truecolor'), ('GIO_LAUNCHED_DESKTOP_FILE_PID', '6071'), ('IM_CONFIG_PHASE', '1'), ('https_proxy', 'http://127.0.0.1:7890'), ('COLCON_PREFIX_PATH', '/home/jon/ros2_ws/install'), ('ROS_DISTRO', 'humble'), ('LOGNAME', 'jon'), ('ALL_PROXY', 'socks5h://127.0.0.1:7890'), ('http_proxy', 'http://127.0.0.1:7890'), ('JOURNAL_STREAM', '8:32782'), ('_', '/usr/bin/colcon'), ('ROS_VERSION', '2'), ('XDG_SESSION_CLASS', 'user'), ('USERNAME', 'jon'), ('TERM', 'xterm-256color'), ('GNOME_DESKTOP_SESSION_ID', 'this-is-deprecated'), ('FC_FONTATIONS', '1'), ('ROS_LOCALHOST_ONLY', '0'), ('WINDOWPATH', '2'), ('PATH', '/home/jon/.config/Code/User/globalStorage/github.copilot-chat/debugCommand:/home/jon/.config/Code/User/globalStorage/github.copilot-chat/copilotCli:/home/jon/.local/bin:/opt/ros/humble/bin:/home/jon/.local/bin:/home/jon/.local/bin:/usr/local/sbin:/usr/local/bin:/usr/sbin:/usr/bin:/sbin:/bin:/usr/games:/usr/local/games:/snap/bin:/snap/bin:/home/jon/.vscode/extensions/ms-python.debugpy-2026.6.0-linux-x64/bundled/scripts/noConfigScripts'), ('SESSION_MANAGER', 'local/WJ:@/tmp/.ICE-unix/2480,unix/WJ:/tmp/.ICE-unix/2480'), ('INVOCATION_ID', '7147c2f4d17845b5b9c7aefa481e394c'), ('XDG_MENU_PREFIX', 'gnome-'), ('XDG_RUNTIME_DIR', '/run/user/1000'), ('GDK_BACKEND', 'x11'), ('DISPLAY', ':0'), ('VSCODE_DEBUGPY_ADAPTER_ENDPOINTS', '/home/jon/.vscode/extensions/ms-python.debugpy-2026.6.0-linux-x64/.noConfigDebugAdapterEndpoints/endpoint-b8a5c5d86f95c8fb.txt'), ('LANG', 'zh_CN.UTF-8'), ('XDG_CURRENT_DESKTOP', 'ubuntu:GNOME'), ('PYTHONSTARTUP', '/home/jon/.config/Code/User/workspaceStorage/1f60e15f81795b7429f56f0c0e99fe64/ms-python.python/pythonrc.py'), ('XMODIFIERS', '@im=ibus'), ('XDG_SESSION_DESKTOP', 'ubuntu'), ('XAUTHORITY', '/run/user/1000/gdm/Xauthority'), ('LS_COLORS', 'rs=0:di=01;34:ln=01;36:mh=00:pi=40;33:so=01;35:do=01;35:bd=40;33;01:cd=40;33;01:or=40;31;01:mi=00:su=37;41:sg=30;43:ca=30;41:tw=30;42:ow=34;42:st=37;44:ex=01;32:*.tar=01;31:*.tgz=01;31:*.arc=01;31:*.arj=01;31:*.taz=01;31:*.lha=01;31:*.lz4=01;31:*.lzh=01;31:*.lzma=01;31:*.tlz=01;31:*.txz=01;31:*.tzo=01;31:*.t7z=01;31:*.zip=01;31:*.z=01;31:*.dz=01;31:*.gz=01;31:*.lrz=01;31:*.lz=01;31:*.lzo=01;31:*.xz=01;31:*.zst=01;31:*.tzst=01;31:*.bz2=01;31:*.bz=01;31:*.tbz=01;31:*.tbz2=01;31:*.tz=01;31:*.deb=01;31:*.rpm=01;31:*.jar=01;31:*.war=01;31:*.ear=01;31:*.sar=01;31:*.rar=01;31:*.alz=01;31:*.ace=01;31:*.zoo=01;31:*.cpio=01;31:*.7z=01;31:*.rz=01;31:*.cab=01;31:*.wim=01;31:*.swm=01;31:*.dwm=01;31:*.esd=01;31:*.jpg=01;35:*.jpeg=01;35:*.mjpg=01;35:*.mjpeg=01;35:*.gif=01;35:*.bmp=01;35:*.pbm=01;35:*.pgm=01;35:*.ppm=01;35:*.tga=01;35:*.xbm=01;35:*.xpm=01;35:*.tif=01;35:*.tiff=01;35:*.png=01;35:*.svg=01;35:*.svgz=01;35:*.mng=01;35:*.pcx=01;35:*.mov=01;35:*.mpg=01;35:*.mpeg=01;35:*.m2v=01;35:*.mkv=01;35:*.webm=01;35:*.webp=01;35:*.ogm=01;35:*.mp4=01;35:*.m4v=01;35:*.mp4v=01;35:*.vob=01;35:*.qt=01;35:*.nuv=01;35:*.wmv=01;35:*.asf=01;35:*.rm=01;35:*.rmvb=01;35:*.flc=01;35:*.avi=01;35:*.fli=01;35:*.flv=01;35:*.gl=01;35:*.dl=01;35:*.xcf=01;35:*.xwd=01;35:*.yuv=01;35:*.cgm=01;35:*.emf=01;35:*.ogv=01;35:*.ogx=01;35:*.aac=00;36:*.au=00;36:*.flac=00;36:*.m4a=00;36:*.mid=00;36:*.midi=00;36:*.mka=00;36:*.mp3=00;36:*.mpc=00;36:*.ogg=00;36:*.ra=00;36:*.wav=00;36:*.oga=00;36:*.opus=00;36:*.spx=00;36:*.xspf=00;36:'), ('VSCODE_GIT_IPC_HANDLE', '/run/user/1000/vscode-git-81883a5c4f.sock'), ('TERM_PROGRAM', 'vscode'), ('SSH_AGENT_LAUNCHER', 'gnome-keyring'), ('SSH_AUTH_SOCK', '/run/user/1000/keyring/ssh'), ('AMENT_PREFIX_PATH', '/home/jon/ws01/src/install/base_demo:/home/jon/ros2_ws/install/hellovscode_cpp:/home/jon/ros2_ws/install/hello_cpp:/opt/ros/humble'), ('SHELL', '/bin/bash'), ('QT_ACCESSIBILITY', '1'), ('GDMSESSION', 'ubuntu'), ('LESSCLOSE', '/usr/bin/lesspipe %s %s'), ('GPG_AGENT_INFO', '/run/user/1000/gnupg/S.gpg-agent:0:1'), ('GJS_DEBUG_OUTPUT', 'stderr'), ('VSCODE_GIT_ASKPASS_EXTRA_ARGS', ''), ('QT_IM_MODULE', 'ibus'), ('PWD', '/home/jon/ws01/src/build/cpp02_service'), ('XDG_CONFIG_DIRS', '/etc/xdg/xdg-ubuntu:/etc/xdg'), ('COPILOT_DEBUG_NONCE', '20fc3c0b33e88ebaf2914c4d51f59b28'), ('XDG_DATA_DIRS', '/usr/share/gnome:/usr/share/ubuntu:/usr/local/share/:/usr/share/:/var/lib/snapd/desktop'), ('PYTHONPATH', '/home/jon/ws01/src/install/base_demo/local/lib/python3.10/dist-packages:/opt/ros/humble/lib/python3.10/site-packages:/opt/ros/humble/local/lib/python3.10/dist-packages'), ('HTTP_PROXY', 'http://127.0.0.1:7890'), ('COLCON', '1'), ('CMAKE_PREFIX_PATH', '/home/jon/ws01/src/install/base_demo:/home/jon/ros2_ws/install/hellovscode_cpp:/home/jon/ros2_ws/install/hello_cpp:/opt/ros/humble')]), 'shell': False}
[2.519311] (cpp01_topic) JobProgress: {'identifier': 'cpp01_topic', 'progress': 'cmake'}
[2.519332] (cpp01_topic) Command: {'cmd': ['/usr/bin/cmake', '/home/jon/ws01/src/cpp01_topic', '-DCMAKE_INSTALL_PREFIX=/home/jon/ws01/src/install/cpp01_topic'], 'cwd': '/home/jon/ws01/src/build/cpp01_topic', 'env': OrderedDict([('GJS_DEBUG_TOPICS', 'JS ERROR;JS LOG'), ('PYTHON_BASIC_REPL', '1'), ('LESSOPEN', '| /usr/bin/lesspipe %s'), ('HTTPS_PROXY', 'http://127.0.0.1:7890'), ('no_proxy', 'localhost,127.0.0.0/8,::1'), ('LANGUAGE', 'zh_CN:zh'), ('USER', 'jon'), ('all_proxy', 'socks5h://127.0.0.1:7890'), ('XDG_SESSION_TYPE', 'x11'), ('GIT_ASKPASS', '/usr/share/code/resources/app/extensions/git/dist/askpass.sh'), ('SHLVL', '1'), ('LD_LIBRARY_PATH', '/home/jon/ws01/src/install/base_demo/lib:/opt/ros/humble/opt/rviz_ogre_vendor/lib:/opt/ros/humble/lib/x86_64-linux-gnu:/opt/ros/humble/lib'), ('HOME', '/home/jon'), ('CHROME_DESKTOP', 'code.desktop'), ('OLDPWD', '/home/jon/ws01'), ('TERM_PROGRAM_VERSION', '1.138.0'), ('DESKTOP_SESSION', 'ubuntu'), ('NO_PROXY', 'localhost,127.0.0.0/8,::1'), ('GIO_LAUNCHED_DESKTOP_FILE', '/usr/share/applications/code.desktop'), ('ROS_PYTHON_VERSION', '3'), ('GNOME_SHELL_SESSION_MODE', 'ubuntu'), ('GTK_MODULES', 'gail:atk-bridge'), ('VSCODE_GIT_ASKPASS_MAIN', '/usr/share/code/resources/app/extensions/git/dist/askpass-main.js'), ('VSCODE_GIT_ASKPASS_NODE', '/usr/share/code/code'), ('MANAGERPID', '1319'), ('PYDEVD_DISABLE_FILE_VALIDATION', '1'), ('SYSTEMD_EXEC_PID', '2502'), ('BUNDLED_DEBUGPY_PATH', '/home/jon/.vscode/extensions/ms-python.debugpy-2026.6.0-linux-x64/bundled/libs/debugpy'), ('VSCODE_PYTHON_AUTOACTIVATE_GUARD', '1'), ('DBUS_SESSION_BUS_ADDRESS', 'unix:path=/run/user/1000/bus'), ('COLORTERM', 'truecolor'), ('GIO_LAUNCHED_DESKTOP_FILE_PID', '6071'), ('IM_CONFIG_PHASE', '1'), ('https_proxy', 'http://127.0.0.1:7890'), ('COLCON_PREFIX_PATH', '/home/jon/ros2_ws/install'), ('ROS_DISTRO', 'humble'), ('LOGNAME', 'jon'), ('ALL_PROXY', 'socks5h://127.0.0.1:7890'), ('http_proxy', 'http://127.0.0.1:7890'), ('JOURNAL_STREAM', '8:32782'), ('_', '/usr/bin/colcon'), ('ROS_VERSION', '2'), ('XDG_SESSION_CLASS', 'user'), ('USERNAME', 'jon'), ('TERM', 'xterm-256color'), ('GNOME_DESKTOP_SESSION_ID', 'this-is-deprecated'), ('FC_FONTATIONS', '1'), ('ROS_LOCALHOST_ONLY', '0'), ('WINDOWPATH', '2'), ('PATH', '/home/jon/.config/Code/User/globalStorage/github.copilot-chat/debugCommand:/home/jon/.config/Code/User/globalStorage/github.copilot-chat/copilotCli:/home/jon/.local/bin:/opt/ros/humble/bin:/home/jon/.local/bin:/home/jon/.local/bin:/usr/local/sbin:/usr/local/bin:/usr/sbin:/usr/bin:/sbin:/bin:/usr/games:/usr/local/games:/snap/bin:/snap/bin:/home/jon/.vscode/extensions/ms-python.debugpy-2026.6.0-linux-x64/bundled/scripts/noConfigScripts'), ('SESSION_MANAGER', 'local/WJ:@/tmp/.ICE-unix/2480,unix/WJ:/tmp/.ICE-unix/2480'), ('INVOCATION_ID', '7147c2f4d17845b5b9c7aefa481e394c'), ('XDG_MENU_PREFIX', 'gnome-'), ('XDG_RUNTIME_DIR', '/run/user/1000'), ('GDK_BACKEND', 'x11'), ('DISPLAY', ':0'), ('VSCODE_DEBUGPY_ADAPTER_ENDPOINTS', '/home/jon/.vscode/extensions/ms-python.debugpy-2026.6.0-linux-x64/.noConfigDebugAdapterEndpoints/endpoint-b8a5c5d86f95c8fb.txt'), ('LANG', 'zh_CN.UTF-8'), ('XDG_CURRENT_DESKTOP', 'ubuntu:GNOME'), ('PYTHONSTARTUP', '/home/jon/.config/Code/User/workspaceStorage/1f60e15f81795b7429f56f0c0e99fe64/ms-python.python/pythonrc.py'), ('XMODIFIERS', '@im=ibus'), ('XDG_SESSION_DESKTOP', 'ubuntu'), ('XAUTHORITY', '/run/user/1000/gdm/Xauthority'), ('LS_COLORS', 'rs=0:di=01;34:ln=01;36:mh=00:pi=40;33:so=01;35:do=01;35:bd=40;33;01:cd=40;33;01:or=40;31;01:mi=00:su=37;41:sg=30;43:ca=30;41:tw=30;42:ow=34;42:st=37;44:ex=01;32:*.tar=01;31:*.tgz=01;31:*.arc=01;31:*.arj=01;31:*.taz=01;31:*.lha=01;31:*.lz4=01;31:*.lzh=01;31:*.lzma=01;31:*.tlz=01;31:*.txz=01;31:*.tzo=01;31:*.t7z=01;31:*.zip=01;31:*.z=01;31:*.dz=01;31:*.gz=01;31:*.lrz=01;31:*.lz=01;31:*.lzo=01;31:*.xz=01;31:*.zst=01;31:*.tzst=01;31:*.bz2=01;31:*.bz=01;31:*.tbz=01;31:*.tbz2=01;31:*.tz=01;31:*.deb=01;31:*.rpm=01;31:*.jar=01;31:*.war=01;31:*.ear=01;31:*.sar=01;31:*.rar=01;31:*.alz=01;31:*.ace=01;31:*.zoo=01;31:*.cpio=01;31:*.7z=01;31:*.rz=01;31:*.cab=01;31:*.wim=01;31:*.swm=01;31:*.dwm=01;31:*.esd=01;31:*.jpg=01;35:*.jpeg=01;35:*.mjpg=01;35:*.mjpeg=01;35:*.gif=01;35:*.bmp=01;35:*.pbm=01;35:*.pgm=01;35:*.ppm=01;35:*.tga=01;35:*.xbm=01;35:*.xpm=01;35:*.tif=01;35:*.tiff=01;35:*.png=01;35:*.svg=01;35:*.svgz=01;35:*.mng=01;35:*.pcx=01;35:*.mov=01;35:*.mpg=01;35:*.mpeg=01;35:*.m2v=01;35:*.mkv=01;35:*.webm=01;35:*.webp=01;35:*.ogm=01;35:*.mp4=01;35:*.m4v=01;35:*.mp4v=01;35:*.vob=01;35:*.qt=01;35:*.nuv=01;35:*.wmv=01;35:*.asf=01;35:*.rm=01;35:*.rmvb=01;35:*.flc=01;35:*.avi=01;35:*.fli=01;35:*.flv=01;35:*.gl=01;35:*.dl=01;35:*.xcf=01;35:*.xwd=01;35:*.yuv=01;35:*.cgm=01;35:*.emf=01;35:*.ogv=01;35:*.ogx=01;35:*.aac=00;36:*.au=00;36:*.flac=00;36:*.m4a=00;36:*.mid=00;36:*.midi=00;36:*.mka=00;36:*.mp3=00;36:*.mpc=00;36:*.ogg=00;36:*.ra=00;36:*.wav=00;36:*.oga=00;36:*.opus=00;36:*.spx=00;36:*.xspf=00;36:'), ('VSCODE_GIT_IPC_HANDLE', '/run/user/1000/vscode-git-81883a5c4f.sock'), ('TERM_PROGRAM', 'vscode'), ('SSH_AGENT_LAUNCHER', 'gnome-keyring'), ('SSH_AUTH_SOCK', '/run/user/1000/keyring/ssh'), ('AMENT_PREFIX_PATH', '/home/jon/ws01/src/install/base_demo:/home/jon/ros2_ws/install/hellovscode_cpp:/home/jon/ros2_ws/install/hello_cpp:/opt/ros/humble'), ('SHELL', '/bin/bash'), ('QT_ACCESSIBILITY', '1'), ('GDMSESSION', 'ubuntu'), ('LESSCLOSE', '/usr/bin/lesspipe %s %s'), ('GPG_AGENT_INFO', '/run/user/1000/gnupg/S.gpg-agent:0:1'), ('GJS_DEBUG_OUTPUT', 'stderr'), ('VSCODE_GIT_ASKPASS_EXTRA_ARGS', ''), ('QT_IM_MODULE', 'ibus'), ('PWD', '/home/jon/ws01/src/build/cpp01_topic'), ('XDG_CONFIG_DIRS', '/etc/xdg/xdg-ubuntu:/etc/xdg'), ('COPILOT_DEBUG_NONCE', '20fc3c0b33e88ebaf2914c4d51f59b28'), ('XDG_DATA_DIRS', '/usr/share/gnome:/usr/share/ubuntu:/usr/local/share/:/usr/share/:/var/lib/snapd/desktop'), ('PYTHONPATH', '/home/jon/ws01/src/install/base_demo/local/lib/python3.10/dist-packages:/opt/ros/humble/lib/python3.10/site-packages:/opt/ros/humble/local/lib/python3.10/dist-packages'), ('HTTP_PROXY', 'http://127.0.0.1:7890'), ('COLCON', '1'), ('CMAKE_PREFIX_PATH', '/home/jon/ws01/src/install/base_demo:/home/jon/ros2_ws/install/hellovscode_cpp:/home/jon/ros2_ws/install/hello_cpp:/opt/ros/humble')]), 'shell': False}
[2.520706] (cpp03_action) JobProgress: {'identifier': 'cpp03_action', 'progress': 'cmake'}
[2.522520] (cpp03_action) Command: {'cmd': ['/usr/bin/cmake', '/home/jon/ws01/src/cpp03_action', '-DCMAKE_INSTALL_PREFIX=/home/jon/ws01/src/install/cpp03_action'], 'cwd': '/home/jon/ws01/src/build/cpp03_action', 'env': OrderedDict([('GJS_DEBUG_TOPICS', 'JS ERROR;JS LOG'), ('PYTHON_BASIC_REPL', '1'), ('LESSOPEN', '| /usr/bin/lesspipe %s'), ('HTTPS_PROXY', 'http://127.0.0.1:7890'), ('no_proxy', 'localhost,127.0.0.0/8,::1'), ('LANGUAGE', 'zh_CN:zh'), ('USER', 'jon'), ('all_proxy', 'socks5h://127.0.0.1:7890'), ('XDG_SESSION_TYPE', 'x11'), ('GIT_ASKPASS', '/usr/share/code/resources/app/extensions/git/dist/askpass.sh'), ('SHLVL', '1'), ('LD_LIBRARY_PATH', '/home/jon/ws01/src/install/base_demo/lib:/opt/ros/humble/opt/rviz_ogre_vendor/lib:/opt/ros/humble/lib/x86_64-linux-gnu:/opt/ros/humble/lib'), ('HOME', '/home/jon'), ('CHROME_DESKTOP', 'code.desktop'), ('OLDPWD', '/home/jon/ws01'), ('TERM_PROGRAM_VERSION', '1.138.0'), ('DESKTOP_SESSION', 'ubuntu'), ('NO_PROXY', 'localhost,127.0.0.0/8,::1'), ('GIO_LAUNCHED_DESKTOP_FILE', '/usr/share/applications/code.desktop'), ('ROS_PYTHON_VERSION', '3'), ('GNOME_SHELL_SESSION_MODE', 'ubuntu'), ('GTK_MODULES', 'gail:atk-bridge'), ('VSCODE_GIT_ASKPASS_MAIN', '/usr/share/code/resources/app/extensions/git/dist/askpass-main.js'), ('VSCODE_GIT_ASKPASS_NODE', '/usr/share/code/code'), ('MANAGERPID', '1319'), ('PYDEVD_DISABLE_FILE_VALIDATION', '1'), ('SYSTEMD_EXEC_PID', '2502'), ('BUNDLED_DEBUGPY_PATH', '/home/jon/.vscode/extensions/ms-python.debugpy-2026.6.0-linux-x64/bundled/libs/debugpy'), ('VSCODE_PYTHON_AUTOACTIVATE_GUARD', '1'), ('DBUS_SESSION_BUS_ADDRESS', 'unix:path=/run/user/1000/bus'), ('COLORTERM', 'truecolor'), ('GIO_LAUNCHED_DESKTOP_FILE_PID', '6071'), ('IM_CONFIG_PHASE', '1'), ('https_proxy', 'http://127.0.0.1:7890'), ('COLCON_PREFIX_PATH', '/home/jon/ros2_ws/install'), ('ROS_DISTRO', 'humble'), ('LOGNAME', 'jon'), ('ALL_PROXY', 'socks5h://127.0.0.1:7890'), ('http_proxy', 'http://127.0.0.1:7890'), ('JOURNAL_STREAM', '8:32782'), ('_', '/usr/bin/colcon'), ('ROS_VERSION', '2'), ('XDG_SESSION_CLASS', 'user'), ('USERNAME', 'jon'), ('TERM', 'xterm-256color'), ('GNOME_DESKTOP_SESSION_ID', 'this-is-deprecated'), ('FC_FONTATIONS', '1'), ('ROS_LOCALHOST_ONLY', '0'), ('WINDOWPATH', '2'), ('PATH', '/home/jon/.config/Code/User/globalStorage/github.copilot-chat/debugCommand:/home/jon/.config/Code/User/globalStorage/github.copilot-chat/copilotCli:/home/jon/.local/bin:/opt/ros/humble/bin:/home/jon/.local/bin:/home/jon/.local/bin:/usr/local/sbin:/usr/local/bin:/usr/sbin:/usr/bin:/sbin:/bin:/usr/games:/usr/local/games:/snap/bin:/snap/bin:/home/jon/.vscode/extensions/ms-python.debugpy-2026.6.0-linux-x64/bundled/scripts/noConfigScripts'), ('SESSION_MANAGER', 'local/WJ:@/tmp/.ICE-unix/2480,unix/WJ:/tmp/.ICE-unix/2480'), ('INVOCATION_ID', '7147c2f4d17845b5b9c7aefa481e394c'), ('XDG_MENU_PREFIX', 'gnome-'), ('XDG_RUNTIME_DIR', '/run/user/1000'), ('GDK_BACKEND', 'x11'), ('DISPLAY', ':0'), ('VSCODE_DEBUGPY_ADAPTER_ENDPOINTS', '/home/jon/.vscode/extensions/ms-python.debugpy-2026.6.0-linux-x64/.noConfigDebugAdapterEndpoints/endpoint-b8a5c5d86f95c8fb.txt'), ('LANG', 'zh_CN.UTF-8'), ('XDG_CURRENT_DESKTOP', 'ubuntu:GNOME'), ('PYTHONSTARTUP', '/home/jon/.config/Code/User/workspaceStorage/1f60e15f81795b7429f56f0c0e99fe64/ms-python.python/pythonrc.py'), ('XMODIFIERS', '@im=ibus'), ('XDG_SESSION_DESKTOP', 'ubuntu'), ('XAUTHORITY', '/run/user/1000/gdm/Xauthority'), ('LS_COLORS', 'rs=0:di=01;34:ln=01;36:mh=00:pi=40;33:so=01;35:do=01;35:bd=40;33;01:cd=40;33;01:or=40;31;01:mi=00:su=37;41:sg=30;43:ca=30;41:tw=30;42:ow=34;42:st=37;44:ex=01;32:*.tar=01;31:*.tgz=01;31:*.arc=01;31:*.arj=01;31:*.taz=01;31:*.lha=01;31:*.lz4=01;31:*.lzh=01;31:*.lzma=01;31:*.tlz=01;31:*.txz=01;31:*.tzo=01;31:*.t7z=01;31:*.zip=01;31:*.z=01;31:*.dz=01;31:*.gz=01;31:*.lrz=01;31:*.lz=01;31:*.lzo=01;31:*.xz=01;31:*.zst=01;31:*.tzst=01;31:*.bz2=01;31:*.bz=01;31:*.tbz=01;31:*.tbz2=01;31:*.tz=01;31:*.deb=01;31:*.rpm=01;31:*.jar=01;31:*.war=01;31:*.ear=01;31:*.sar=01;31:*.rar=01;31:*.alz=01;31:*.ace=01;31:*.zoo=01;31:*.cpio=01;31:*.7z=01;31:*.rz=01;31:*.cab=01;31:*.wim=01;31:*.swm=01;31:*.dwm=01;31:*.esd=01;31:*.jpg=01;35:*.jpeg=01;35:*.mjpg=01;35:*.mjpeg=01;35:*.gif=01;35:*.bmp=01;35:*.pbm=01;35:*.pgm=01;35:*.ppm=01;35:*.tga=01;35:*.xbm=01;35:*.xpm=01;35:*.tif=01;35:*.tiff=01;35:*.png=01;35:*.svg=01;35:*.svgz=01;35:*.mng=01;35:*.pcx=01;35:*.mov=01;35:*.mpg=01;35:*.mpeg=01;35:*.m2v=01;35:*.mkv=01;35:*.webm=01;35:*.webp=01;35:*.ogm=01;35:*.mp4=01;35:*.m4v=01;35:*.mp4v=01;35:*.vob=01;35:*.qt=01;35:*.nuv=01;35:*.wmv=01;35:*.asf=01;35:*.rm=01;35:*.rmvb=01;35:*.flc=01;35:*.avi=01;35:*.fli=01;35:*.flv=01;35:*.gl=01;35:*.dl=01;35:*.xcf=01;35:*.xwd=01;35:*.yuv=01;35:*.cgm=01;35:*.emf=01;35:*.ogv=01;35:*.ogx=01;35:*.aac=00;36:*.au=00;36:*.flac=00;36:*.m4a=00;36:*.mid=00;36:*.midi=00;36:*.mka=00;36:*.mp3=00;36:*.mpc=00;36:*.ogg=00;36:*.ra=00;36:*.wav=00;36:*.oga=00;36:*.opus=00;36:*.spx=00;36:*.xspf=00;36:'), ('VSCODE_GIT_IPC_HANDLE', '/run/user/1000/vscode-git-81883a5c4f.sock'), ('TERM_PROGRAM', 'vscode'), ('SSH_AGENT_LAUNCHER', 'gnome-keyring'), ('SSH_AUTH_SOCK', '/run/user/1000/keyring/ssh'), ('AMENT_PREFIX_PATH', '/home/jon/ws01/src/install/base_demo:/home/jon/ros2_ws/install/hellovscode_cpp:/home/jon/ros2_ws/install/hello_cpp:/opt/ros/humble'), ('SHELL', '/bin/bash'), ('QT_ACCESSIBILITY', '1'), ('GDMSESSION', 'ubuntu'), ('LESSCLOSE', '/usr/bin/lesspipe %s %s'), ('GPG_AGENT_INFO', '/run/user/1000/gnupg/S.gpg-agent:0:1'), ('GJS_DEBUG_OUTPUT', 'stderr'), ('VSCODE_GIT_ASKPASS_EXTRA_ARGS', ''), ('QT_IM_MODULE', 'ibus'), ('PWD', '/home/jon/ws01/src/build/cpp03_action'), ('XDG_CONFIG_DIRS', '/etc/xdg/xdg-ubuntu:/etc/xdg'), ('COPILOT_DEBUG_NONCE', '20fc3c0b33e88ebaf2914c4d51f59b28'), ('XDG_DATA_DIRS', '/usr/share/gnome:/usr/share/ubuntu:/usr/local/share/:/usr/share/:/var/lib/snapd/desktop'), ('PYTHONPATH', '/home/jon/ws01/src/install/base_demo/local/lib/python3.10/dist-packages:/opt/ros/humble/lib/python3.10/site-packages:/opt/ros/humble/local/lib/python3.10/dist-packages'), ('HTTP_PROXY', 'http://127.0.0.1:7890'), ('COLCON', '1'), ('CMAKE_PREFIX_PATH', '/home/jon/ws01/src/install/base_demo:/home/jon/ros2_ws/install/hellovscode_cpp:/home/jon/ros2_ws/install/hello_cpp:/opt/ros/humble')]), 'shell': False}
[2.551671] (cpp02_service) StdoutLine: {'line': b'-- The C compiler identification is GNU 11.4.0\n'}
[2.552984] (cpp01_topic) StdoutLine: {'line': b'-- The C compiler identification is GNU 11.4.0\n'}
[2.558556] (cpp03_action) StdoutLine: {'line': b'-- The C compiler identification is GNU 11.4.0\n'}
[2.580430] (cpp02_service) StdoutLine: {'line': b'-- The CXX compiler identification is GNU 11.4.0\n'}
[2.581821] (cpp01_topic) StdoutLine: {'line': b'-- The CXX compiler identification is GNU 11.4.0\n'}
[2.584005] (cpp02_service) StdoutLine: {'line': b'-- Detecting C compiler ABI info\n'}
[2.585130] (cpp01_topic) StdoutLine: {'line': b'-- Detecting C compiler ABI info\n'}
[2.589669] (cpp03_action) StdoutLine: {'line': b'-- The CXX compiler identification is GNU 11.4.0\n'}
[2.593465] (cpp03_action) StdoutLine: {'line': b'-- Detecting C compiler ABI info\n'}
[2.607200] (-) TimerEvent: {}
[2.624785] (cpp01_topic) StdoutLine: {'line': b'-- Detecting C compiler ABI info - done\n'}
[2.624906] (cpp02_service) StdoutLine: {'line': b'-- Detecting C compiler ABI info - done\n'}
[2.625220] (cpp01_topic) StdoutLine: {'line': b'-- Check for working C compiler: /usr/bin/cc - skipped\n'}
[2.625419] (cpp01_topic) StdoutLine: {'line': b'-- Detecting C compile features\n'}
[2.625597] (cpp02_service) StdoutLine: {'line': b'-- Check for working C compiler: /usr/bin/cc - skipped\n'}
[2.625707] (cpp01_topic) StdoutLine: {'line': b'-- Detecting C compile features - done\n'}
[2.625774] (cpp02_service) StdoutLine: {'line': b'-- Detecting C compile features\n'}
[2.625900] (cpp02_service) StdoutLine: {'line': b'-- Detecting C compile features - done\n'}
[2.628338] (cpp02_service) StdoutLine: {'line': b'-- Detecting CXX compiler ABI info\n'}
[2.628401] (cpp01_topic) StdoutLine: {'line': b'-- Detecting CXX compiler ABI info\n'}
[2.636086] (cpp03_action) StdoutLine: {'line': b'-- Detecting C compiler ABI info - done\n'}
[2.640375] (cpp03_action) StdoutLine: {'line': b'-- Check for working C compiler: /usr/bin/cc - skipped\n'}
[2.640459] (cpp03_action) StdoutLine: {'line': b'-- Detecting C compile features\n'}
[2.640487] (cpp03_action) StdoutLine: {'line': b'-- Detecting C compile features - done\n'}
[2.641920] (cpp03_action) StdoutLine: {'line': b'-- Detecting CXX compiler ABI info\n'}
[2.671142] (cpp01_topic) StdoutLine: {'line': b'-- Detecting CXX compiler ABI info - done\n'}
[2.673390] (cpp01_topic) StdoutLine: {'line': b'-- Check for working CXX compiler: /usr/bin/c++ - skipped\n'}
[2.673588] (cpp01_topic) StdoutLine: {'line': b'-- Detecting CXX compile features\n'}
[2.673729] (cpp01_topic) StdoutLine: {'line': b'-- Detecting CXX compile features - done\n'}
[2.674722] (cpp01_topic) StdoutLine: {'line': b'-- Found ament_cmake: 1.3.14 (/opt/ros/humble/share/ament_cmake/cmake)\n'}
[2.677298] (cpp02_service) StdoutLine: {'line': b'-- Detecting CXX compiler ABI info - done\n'}
[2.677389] (cpp02_service) StdoutLine: {'line': b'-- Check for working CXX compiler: /usr/bin/c++ - skipped\n'}
[2.677415] (cpp02_service) StdoutLine: {'line': b'-- Detecting CXX compile features\n'}
[2.677533] (cpp02_service) StdoutLine: {'line': b'-- Detecting CXX compile features - done\n'}
[2.678866] (cpp02_service) StdoutLine: {'line': b'-- Found ament_cmake: 1.3.14 (/opt/ros/humble/share/ament_cmake/cmake)\n'}
[2.687145] (cpp03_action) StdoutLine: {'line': b'-- Detecting CXX compiler ABI info - done\n'}
[2.691192] (cpp03_action) StdoutLine: {'line': b'-- Check for working CXX compiler: /usr/bin/c++ - skipped\n'}
[2.691313] (cpp03_action) StdoutLine: {'line': b'-- Detecting CXX compile features\n'}
[2.691339] (cpp03_action) StdoutLine: {'line': b'-- Detecting CXX compile features - done\n'}
[2.691364] (cpp03_action) StdoutLine: {'line': b'-- Found ament_cmake: 1.3.14 (/opt/ros/humble/share/ament_cmake/cmake)\n'}
[2.707911] (-) TimerEvent: {}
[2.755800] (cpp02_service) StdoutLine: {'line': b'-- Found Python3: /usr/bin/python3 (found version "3.10.12") found components: Interpreter \n'}
[2.757415] (cpp01_topic) StdoutLine: {'line': b'-- Found Python3: /usr/bin/python3 (found version "3.10.12") found components: Interpreter \n'}
[2.772282] (cpp03_action) StdoutLine: {'line': b'-- Found Python3: /usr/bin/python3 (found version "3.10.12") found components: Interpreter \n'}
[2.801006] (cpp02_service) StdoutLine: {'line': b'-- Found rclcpp: 16.0.21 (/opt/ros/humble/share/rclcpp/cmake)\n'}
[2.801119] (cpp01_topic) StdoutLine: {'line': b'-- Found rclcpp: 16.0.21 (/opt/ros/humble/share/rclcpp/cmake)\n'}
[2.807966] (-) TimerEvent: {}
[2.812453] (cpp03_action) StdoutLine: {'line': b'-- Found rclcpp: 16.0.21 (/opt/ros/humble/share/rclcpp/cmake)\n'}
[2.819843] (cpp02_service) StdoutLine: {'line': b'-- Found rosidl_generator_c: 3.1.9 (/opt/ros/humble/share/rosidl_generator_c/cmake)\n'}
[2.821200] (cpp01_topic) StdoutLine: {'line': b'-- Found rosidl_generator_c: 3.1.9 (/opt/ros/humble/share/rosidl_generator_c/cmake)\n'}
[2.821455] (cpp02_service) StdoutLine: {'line': b'-- Found rosidl_adapter: 3.1.9 (/opt/ros/humble/share/rosidl_adapter/cmake)\n'}
[2.823097] (cpp01_topic) StdoutLine: {'line': b'-- Found rosidl_adapter: 3.1.9 (/opt/ros/humble/share/rosidl_adapter/cmake)\n'}
[2.825127] (cpp02_service) StdoutLine: {'line': b'-- Found rosidl_generator_cpp: 3.1.9 (/opt/ros/humble/share/rosidl_generator_cpp/cmake)\n'}
[2.826882] (cpp01_topic) StdoutLine: {'line': b'-- Found rosidl_generator_cpp: 3.1.9 (/opt/ros/humble/share/rosidl_generator_cpp/cmake)\n'}
[2.830364] (cpp02_service) StdoutLine: {'line': b'-- Using all available rosidl_typesupport_c: rosidl_typesupport_fastrtps_c;rosidl_typesupport_introspection_c\n'}
[2.831784] (cpp03_action) StdoutLine: {'line': b'-- Found rosidl_generator_c: 3.1.9 (/opt/ros/humble/share/rosidl_generator_c/cmake)\n'}
[2.831940] (cpp01_topic) StdoutLine: {'line': b'-- Using all available rosidl_typesupport_c: rosidl_typesupport_fastrtps_c;rosidl_typesupport_introspection_c\n'}
[2.832145] (cpp03_action) StdoutLine: {'line': b'-- Found rosidl_adapter: 3.1.9 (/opt/ros/humble/share/rosidl_adapter/cmake)\n'}
[2.835558] (cpp03_action) StdoutLine: {'line': b'-- Found rosidl_generator_cpp: 3.1.9 (/opt/ros/humble/share/rosidl_generator_cpp/cmake)\n'}
[2.837121] (cpp02_service) StdoutLine: {'line': b'-- Using all available rosidl_typesupport_cpp: rosidl_typesupport_fastrtps_cpp;rosidl_typesupport_introspection_cpp\n'}
[2.838500] (cpp01_topic) StdoutLine: {'line': b'-- Using all available rosidl_typesupport_cpp: rosidl_typesupport_fastrtps_cpp;rosidl_typesupport_introspection_cpp\n'}
[2.840324] (cpp03_action) StdoutLine: {'line': b'-- Using all available rosidl_typesupport_c: rosidl_typesupport_fastrtps_c;rosidl_typesupport_introspection_c\n'}
[2.846680] (cpp03_action) StdoutLine: {'line': b'-- Using all available rosidl_typesupport_cpp: rosidl_typesupport_fastrtps_cpp;rosidl_typesupport_introspection_cpp\n'}
[2.859958] (cpp02_service) StdoutLine: {'line': b'-- Found rmw_implementation_cmake: 6.1.4 (/opt/ros/humble/share/rmw_implementation_cmake/cmake)\n'}
[2.860185] (cpp01_topic) StdoutLine: {'line': b'-- Found rmw_implementation_cmake: 6.1.4 (/opt/ros/humble/share/rmw_implementation_cmake/cmake)\n'}
[2.861962] (cpp02_service) StdoutLine: {'line': b'-- Found rmw_fastrtps_cpp: 6.2.10 (/opt/ros/humble/share/rmw_fastrtps_cpp/cmake)\n'}
[2.862018] (cpp01_topic) StdoutLine: {'line': b'-- Found rmw_fastrtps_cpp: 6.2.10 (/opt/ros/humble/share/rmw_fastrtps_cpp/cmake)\n'}
[2.863934] (cpp03_action) StdoutLine: {'line': b'-- Found rmw_implementation_cmake: 6.1.4 (/opt/ros/humble/share/rmw_implementation_cmake/cmake)\n'}
[2.864927] (cpp03_action) StdoutLine: {'line': b'-- Found rmw_fastrtps_cpp: 6.2.10 (/opt/ros/humble/share/rmw_fastrtps_cpp/cmake)\n'}
[2.908388] (-) TimerEvent: {}
[2.915810] (cpp02_service) StdoutLine: {'line': b'-- Found OpenSSL: /usr/lib/x86_64-linux-gnu/libcrypto.so (found version "3.0.2")  \n'}
[2.915984] (cpp03_action) StdoutLine: {'line': b'-- Found OpenSSL: /usr/lib/x86_64-linux-gnu/libcrypto.so (found version "3.0.2")  \n'}
[2.916664] (cpp01_topic) StdoutLine: {'line': b'-- Found OpenSSL: /usr/lib/x86_64-linux-gnu/libcrypto.so (found version "3.0.2")  \n'}
[2.930127] (cpp02_service) StdoutLine: {'line': b'-- Found FastRTPS: /opt/ros/humble/include  \n'}
[2.930474] (cpp01_topic) StdoutLine: {'line': b'-- Found FastRTPS: /opt/ros/humble/include  \n'}
[2.930734] (cpp03_action) StdoutLine: {'line': b'-- Found FastRTPS: /opt/ros/humble/include  \n'}
[2.948905] (cpp02_service) StdoutLine: {'line': b"-- Using RMW implementation 'rmw_fastrtps_cpp' as default\n"}
[2.949932] (cpp01_topic) StdoutLine: {'line': b"-- Using RMW implementation 'rmw_fastrtps_cpp' as default\n"}
[2.949996] (cpp03_action) StdoutLine: {'line': b"-- Using RMW implementation 'rmw_fastrtps_cpp' as default\n"}
[2.953582] (cpp02_service) StdoutLine: {'line': b'-- Looking for pthread.h\n'}
[2.953712] (cpp03_action) StdoutLine: {'line': b'-- Looking for pthread.h\n'}
[2.953846] (cpp01_topic) StdoutLine: {'line': b'-- Looking for pthread.h\n'}
[2.994499] (cpp02_service) StdoutLine: {'line': b'-- Looking for pthread.h - found\n'}
[2.994641] (cpp02_service) StdoutLine: {'line': b'-- Performing Test CMAKE_HAVE_LIBC_PTHREAD\n'}
[2.994971] (cpp01_topic) StdoutLine: {'line': b'-- Looking for pthread.h - found\n'}
[2.995146] (cpp01_topic) StdoutLine: {'line': b'-- Performing Test CMAKE_HAVE_LIBC_PTHREAD\n'}
[2.995722] (cpp03_action) StdoutLine: {'line': b'-- Looking for pthread.h - found\n'}
[2.996179] (cpp03_action) StdoutLine: {'line': b'-- Performing Test CMAKE_HAVE_LIBC_PTHREAD\n'}
[3.008475] (-) TimerEvent: {}
[3.037769] (cpp01_topic) StdoutLine: {'line': b'-- Performing Test CMAKE_HAVE_LIBC_PTHREAD - Success\n'}
[3.037896] (cpp01_topic) StdoutLine: {'line': b'-- Found Threads: TRUE  \n'}
[3.037925] (cpp02_service) StdoutLine: {'line': b'-- Performing Test CMAKE_HAVE_LIBC_PTHREAD - Success\n'}
[3.037954] (cpp02_service) StdoutLine: {'line': b'-- Found Threads: TRUE  \n'}
[3.037975] (cpp03_action) StdoutLine: {'line': b'-- Performing Test CMAKE_HAVE_LIBC_PTHREAD - Success\n'}
[3.038131] (cpp03_action) StdoutLine: {'line': b'-- Found Threads: TRUE  \n'}
[3.067862] (cpp01_topic) StdoutLine: {'line': b'-- Found base_demo: 0.0.0 (/home/jon/ws01/src/install/base_demo/share/base_demo/cmake)\n'}
[3.068055] (cpp02_service) StdoutLine: {'line': b'-- Found base_demo: 0.0.0 (/home/jon/ws01/src/install/base_demo/share/base_demo/cmake)\n'}
[3.068106] (cpp03_action) StdoutLine: {'line': b'-- Found rclcpp_action: 16.0.21 (/opt/ros/humble/share/rclcpp_action/cmake)\n'}
[3.083817] (cpp03_action) StdoutLine: {'line': b'-- Found base_demo: 0.0.0 (/home/jon/ws01/src/install/base_demo/share/base_demo/cmake)\n'}
[3.085779] (cpp02_service) StdoutLine: {'line': b'-- Found ament_lint_auto: 0.12.15 (/opt/ros/humble/share/ament_lint_auto/cmake)\n'}
[3.086767] (cpp01_topic) StdoutLine: {'line': b'-- Found ament_lint_auto: 0.12.15 (/opt/ros/humble/share/ament_lint_auto/cmake)\n'}
[3.091418] (cpp03_action) StdoutLine: {'line': b'-- Found ament_lint_auto: 0.12.15 (/opt/ros/humble/share/ament_lint_auto/cmake)\n'}
[3.108545] (-) TimerEvent: {}
[3.120655] (cpp01_topic) StdoutLine: {'line': b"-- Added test 'cppcheck' to perform static code analysis on C / C++ code\n"}
[3.120849] (cpp01_topic) StdoutLine: {'line': b'-- Configured cppcheck include dirs: $<BUILD_INTERFACE:/home/jon/ws01/src/cpp01_topic/include>\n'}
[3.120918] (cpp01_topic) StdoutLine: {'line': b'-- Configured cppcheck exclude dirs and/or files: \n'}
[3.121042] (cpp01_topic) StdoutLine: {'line': b"-- Added test 'lint_cmake' to check CMake code style\n"}
[3.121445] (cpp01_topic) StdoutLine: {'line': b"-- Added test 'uncrustify' to check C / C++ code style\n"}
[3.121468] (cpp01_topic) StdoutLine: {'line': b'-- Configured uncrustify additional arguments: \n'}
[3.121594] (cpp01_topic) StdoutLine: {'line': b"-- Added test 'xmllint' to check XML markup files\n"}
[3.121941] (cpp02_service) StdoutLine: {'line': b"-- Added test 'cppcheck' to perform static code analysis on C / C++ code\n"}
[3.121971] (cpp02_service) StdoutLine: {'line': b'-- Configured cppcheck include dirs: $<BUILD_INTERFACE:/home/jon/ws01/src/cpp02_service/include>\n'}
[3.121989] (cpp02_service) StdoutLine: {'line': b'-- Configured cppcheck exclude dirs and/or files: \n'}
[3.122009] (cpp02_service) StdoutLine: {'line': b"-- Added test 'lint_cmake' to check CMake code style\n"}
[3.122030] (cpp02_service) StdoutLine: {'line': b"-- Added test 'uncrustify' to check C / C++ code style\n"}
[3.122051] (cpp02_service) StdoutLine: {'line': b'-- Configured uncrustify additional arguments: \n'}
[3.122071] (cpp02_service) StdoutLine: {'line': b"-- Added test 'xmllint' to check XML markup files\n"}
[3.122103] (cpp01_topic) StdoutLine: {'line': b'-- Configuring done\n'}
[3.122154] (cpp02_service) StdoutLine: {'line': b'-- Configuring done\n'}
[3.127887] (cpp02_service) StdoutLine: {'line': b'-- Generating done\n'}
[3.130822] (cpp01_topic) StdoutLine: {'line': b'-- Generating done\n'}
[3.131318] (cpp02_service) StdoutLine: {'line': b'-- Build files have been written to: /home/jon/ws01/src/build/cpp02_service\n'}
[3.133456] (cpp01_topic) StdoutLine: {'line': b'-- Build files have been written to: /home/jon/ws01/src/build/cpp01_topic\n'}
[3.137894] (cpp02_service) CommandEnded: {'returncode': 0}
[3.138647] (cpp02_service) JobProgress: {'identifier': 'cpp02_service', 'progress': 'build'}
[3.138663] (cpp02_service) Command: {'cmd': ['/usr/bin/cmake', '--build', '/home/jon/ws01/src/build/cpp02_service', '--', '-j24', '-l24'], 'cwd': '/home/jon/ws01/src/build/cpp02_service', 'env': OrderedDict([('GJS_DEBUG_TOPICS', 'JS ERROR;JS LOG'), ('PYTHON_BASIC_REPL', '1'), ('LESSOPEN', '| /usr/bin/lesspipe %s'), ('HTTPS_PROXY', 'http://127.0.0.1:7890'), ('no_proxy', 'localhost,127.0.0.0/8,::1'), ('LANGUAGE', 'zh_CN:zh'), ('USER', 'jon'), ('all_proxy', 'socks5h://127.0.0.1:7890'), ('XDG_SESSION_TYPE', 'x11'), ('GIT_ASKPASS', '/usr/share/code/resources/app/extensions/git/dist/askpass.sh'), ('SHLVL', '1'), ('LD_LIBRARY_PATH', '/home/jon/ws01/src/install/base_demo/lib:/opt/ros/humble/opt/rviz_ogre_vendor/lib:/opt/ros/humble/lib/x86_64-linux-gnu:/opt/ros/humble/lib'), ('HOME', '/home/jon'), ('CHROME_DESKTOP', 'code.desktop'), ('OLDPWD', '/home/jon/ws01'), ('TERM_PROGRAM_VERSION', '1.138.0'), ('DESKTOP_SESSION', 'ubuntu'), ('NO_PROXY', 'localhost,127.0.0.0/8,::1'), ('GIO_LAUNCHED_DESKTOP_FILE', '/usr/share/applications/code.desktop'), ('ROS_PYTHON_VERSION', '3'), ('GNOME_SHELL_SESSION_MODE', 'ubuntu'), ('GTK_MODULES', 'gail:atk-bridge'), ('VSCODE_GIT_ASKPASS_MAIN', '/usr/share/code/resources/app/extensions/git/dist/askpass-main.js'), ('VSCODE_GIT_ASKPASS_NODE', '/usr/share/code/code'), ('MANAGERPID', '1319'), ('PYDEVD_DISABLE_FILE_VALIDATION', '1'), ('SYSTEMD_EXEC_PID', '2502'), ('BUNDLED_DEBUGPY_PATH', '/home/jon/.vscode/extensions/ms-python.debugpy-2026.6.0-linux-x64/bundled/libs/debugpy'), ('VSCODE_PYTHON_AUTOACTIVATE_GUARD', '1'), ('DBUS_SESSION_BUS_ADDRESS', 'unix:path=/run/user/1000/bus'), ('COLORTERM', 'truecolor'), ('GIO_LAUNCHED_DESKTOP_FILE_PID', '6071'), ('IM_CONFIG_PHASE', '1'), ('https_proxy', 'http://127.0.0.1:7890'), ('COLCON_PREFIX_PATH', '/home/jon/ros2_ws/install'), ('ROS_DISTRO', 'humble'), ('LOGNAME', 'jon'), ('ALL_PROXY', 'socks5h://127.0.0.1:7890'), ('http_proxy', 'http://127.0.0.1:7890'), ('JOURNAL_STREAM', '8:32782'), ('_', '/usr/bin/colcon'), ('ROS_VERSION', '2'), ('XDG_SESSION_CLASS', 'user'), ('USERNAME', 'jon'), ('TERM', 'xterm-256color'), ('GNOME_DESKTOP_SESSION_ID', 'this-is-deprecated'), ('FC_FONTATIONS', '1'), ('ROS_LOCALHOST_ONLY', '0'), ('WINDOWPATH', '2'), ('PATH', '/home/jon/.config/Code/User/globalStorage/github.copilot-chat/debugCommand:/home/jon/.config/Code/User/globalStorage/github.copilot-chat/copilotCli:/home/jon/.local/bin:/opt/ros/humble/bin:/home/jon/.local/bin:/home/jon/.local/bin:/usr/local/sbin:/usr/local/bin:/usr/sbin:/usr/bin:/sbin:/bin:/usr/games:/usr/local/games:/snap/bin:/snap/bin:/home/jon/.vscode/extensions/ms-python.debugpy-2026.6.0-linux-x64/bundled/scripts/noConfigScripts'), ('SESSION_MANAGER', 'local/WJ:@/tmp/.ICE-unix/2480,unix/WJ:/tmp/.ICE-unix/2480'), ('INVOCATION_ID', '7147c2f4d17845b5b9c7aefa481e394c'), ('XDG_MENU_PREFIX', 'gnome-'), ('XDG_RUNTIME_DIR', '/run/user/1000'), ('GDK_BACKEND', 'x11'), ('DISPLAY', ':0'), ('VSCODE_DEBUGPY_ADAPTER_ENDPOINTS', '/home/jon/.vscode/extensions/ms-python.debugpy-2026.6.0-linux-x64/.noConfigDebugAdapterEndpoints/endpoint-b8a5c5d86f95c8fb.txt'), ('LANG', 'zh_CN.UTF-8'), ('XDG_CURRENT_DESKTOP', 'ubuntu:GNOME'), ('PYTHONSTARTUP', '/home/jon/.config/Code/User/workspaceStorage/1f60e15f81795b7429f56f0c0e99fe64/ms-python.python/pythonrc.py'), ('XMODIFIERS', '@im=ibus'), ('XDG_SESSION_DESKTOP', 'ubuntu'), ('XAUTHORITY', '/run/user/1000/gdm/Xauthority'), ('LS_COLORS', 'rs=0:di=01;34:ln=01;36:mh=00:pi=40;33:so=01;35:do=01;35:bd=40;33;01:cd=40;33;01:or=40;31;01:mi=00:su=37;41:sg=30;43:ca=30;41:tw=30;42:ow=34;42:st=37;44:ex=01;32:*.tar=01;31:*.tgz=01;31:*.arc=01;31:*.arj=01;31:*.taz=01;31:*.lha=01;31:*.lz4=01;31:*.lzh=01;31:*.lzma=01;31:*.tlz=01;31:*.txz=01;31:*.tzo=01;31:*.t7z=01;31:*.zip=01;31:*.z=01;31:*.dz=01;31:*.gz=01;31:*.lrz=01;31:*.lz=01;31:*.lzo=01;31:*.xz=01;31:*.zst=01;31:*.tzst=01;31:*.bz2=01;31:*.bz=01;31:*.tbz=01;31:*.tbz2=01;31:*.tz=01;31:*.deb=01;31:*.rpm=01;31:*.jar=01;31:*.war=01;31:*.ear=01;31:*.sar=01;31:*.rar=01;31:*.alz=01;31:*.ace=01;31:*.zoo=01;31:*.cpio=01;31:*.7z=01;31:*.rz=01;31:*.cab=01;31:*.wim=01;31:*.swm=01;31:*.dwm=01;31:*.esd=01;31:*.jpg=01;35:*.jpeg=01;35:*.mjpg=01;35:*.mjpeg=01;35:*.gif=01;35:*.bmp=01;35:*.pbm=01;35:*.pgm=01;35:*.ppm=01;35:*.tga=01;35:*.xbm=01;35:*.xpm=01;35:*.tif=01;35:*.tiff=01;35:*.png=01;35:*.svg=01;35:*.svgz=01;35:*.mng=01;35:*.pcx=01;35:*.mov=01;35:*.mpg=01;35:*.mpeg=01;35:*.m2v=01;35:*.mkv=01;35:*.webm=01;35:*.webp=01;35:*.ogm=01;35:*.mp4=01;35:*.m4v=01;35:*.mp4v=01;35:*.vob=01;35:*.qt=01;35:*.nuv=01;35:*.wmv=01;35:*.asf=01;35:*.rm=01;35:*.rmvb=01;35:*.flc=01;35:*.avi=01;35:*.fli=01;35:*.flv=01;35:*.gl=01;35:*.dl=01;35:*.xcf=01;35:*.xwd=01;35:*.yuv=01;35:*.cgm=01;35:*.emf=01;35:*.ogv=01;35:*.ogx=01;35:*.aac=00;36:*.au=00;36:*.flac=00;36:*.m4a=00;36:*.mid=00;36:*.midi=00;36:*.mka=00;36:*.mp3=00;36:*.mpc=00;36:*.ogg=00;36:*.ra=00;36:*.wav=00;36:*.oga=00;36:*.opus=00;36:*.spx=00;36:*.xspf=00;36:'), ('VSCODE_GIT_IPC_HANDLE', '/run/user/1000/vscode-git-81883a5c4f.sock'), ('TERM_PROGRAM', 'vscode'), ('SSH_AGENT_LAUNCHER', 'gnome-keyring'), ('SSH_AUTH_SOCK', '/run/user/1000/keyring/ssh'), ('AMENT_PREFIX_PATH', '/home/jon/ws01/src/install/base_demo:/home/jon/ros2_ws/install/hellovscode_cpp:/home/jon/ros2_ws/install/hello_cpp:/opt/ros/humble'), ('SHELL', '/bin/bash'), ('QT_ACCESSIBILITY', '1'), ('GDMSESSION', 'ubuntu'), ('LESSCLOSE', '/usr/bin/lesspipe %s %s'), ('GPG_AGENT_INFO', '/run/user/1000/gnupg/S.gpg-agent:0:1'), ('GJS_DEBUG_OUTPUT', 'stderr'), ('VSCODE_GIT_ASKPASS_EXTRA_ARGS', ''), ('QT_IM_MODULE', 'ibus'), ('PWD', '/home/jon/ws01/src/build/cpp02_service'), ('XDG_CONFIG_DIRS', '/etc/xdg/xdg-ubuntu:/etc/xdg'), ('COPILOT_DEBUG_NONCE', '20fc3c0b33e88ebaf2914c4d51f59b28'), ('XDG_DATA_DIRS', '/usr/share/gnome:/usr/share/ubuntu:/usr/local/share/:/usr/share/:/var/lib/snapd/desktop'), ('PYTHONPATH', '/home/jon/ws01/src/install/base_demo/local/lib/python3.10/dist-packages:/opt/ros/humble/lib/python3.10/site-packages:/opt/ros/humble/local/lib/python3.10/dist-packages'), ('HTTP_PROXY', 'http://127.0.0.1:7890'), ('COLCON', '1'), ('CMAKE_PREFIX_PATH', '/home/jon/ws01/src/install/base_demo:/home/jon/ros2_ws/install/hellovscode_cpp:/home/jon/ros2_ws/install/hello_cpp:/opt/ros/humble')]), 'shell': False}
[3.139402] (cpp03_action) StdoutLine: {'line': b"-- Added test 'cppcheck' to perform static code analysis on C / C++ code\n"}
[3.139528] (cpp03_action) StdoutLine: {'line': b'-- Configured cppcheck include dirs: $<BUILD_INTERFACE:/home/jon/ws01/src/cpp03_action/include>\n'}
[3.139578] (cpp03_action) StdoutLine: {'line': b'-- Configured cppcheck exclude dirs and/or files: \n'}
[3.139648] (cpp03_action) StdoutLine: {'line': b"-- Added test 'lint_cmake' to check CMake code style\n"}
[3.140029] (cpp01_topic) CommandEnded: {'returncode': 0}
[3.140280] (cpp01_topic) JobProgress: {'identifier': 'cpp01_topic', 'progress': 'build'}
[3.141260] (cpp01_topic) Command: {'cmd': ['/usr/bin/cmake', '--build', '/home/jon/ws01/src/build/cpp01_topic', '--', '-j24', '-l24'], 'cwd': '/home/jon/ws01/src/build/cpp01_topic', 'env': OrderedDict([('GJS_DEBUG_TOPICS', 'JS ERROR;JS LOG'), ('PYTHON_BASIC_REPL', '1'), ('LESSOPEN', '| /usr/bin/lesspipe %s'), ('HTTPS_PROXY', 'http://127.0.0.1:7890'), ('no_proxy', 'localhost,127.0.0.0/8,::1'), ('LANGUAGE', 'zh_CN:zh'), ('USER', 'jon'), ('all_proxy', 'socks5h://127.0.0.1:7890'), ('XDG_SESSION_TYPE', 'x11'), ('GIT_ASKPASS', '/usr/share/code/resources/app/extensions/git/dist/askpass.sh'), ('SHLVL', '1'), ('LD_LIBRARY_PATH', '/home/jon/ws01/src/install/base_demo/lib:/opt/ros/humble/opt/rviz_ogre_vendor/lib:/opt/ros/humble/lib/x86_64-linux-gnu:/opt/ros/humble/lib'), ('HOME', '/home/jon'), ('CHROME_DESKTOP', 'code.desktop'), ('OLDPWD', '/home/jon/ws01'), ('TERM_PROGRAM_VERSION', '1.138.0'), ('DESKTOP_SESSION', 'ubuntu'), ('NO_PROXY', 'localhost,127.0.0.0/8,::1'), ('GIO_LAUNCHED_DESKTOP_FILE', '/usr/share/applications/code.desktop'), ('ROS_PYTHON_VERSION', '3'), ('GNOME_SHELL_SESSION_MODE', 'ubuntu'), ('GTK_MODULES', 'gail:atk-bridge'), ('VSCODE_GIT_ASKPASS_MAIN', '/usr/share/code/resources/app/extensions/git/dist/askpass-main.js'), ('VSCODE_GIT_ASKPASS_NODE', '/usr/share/code/code'), ('MANAGERPID', '1319'), ('PYDEVD_DISABLE_FILE_VALIDATION', '1'), ('SYSTEMD_EXEC_PID', '2502'), ('BUNDLED_DEBUGPY_PATH', '/home/jon/.vscode/extensions/ms-python.debugpy-2026.6.0-linux-x64/bundled/libs/debugpy'), ('VSCODE_PYTHON_AUTOACTIVATE_GUARD', '1'), ('DBUS_SESSION_BUS_ADDRESS', 'unix:path=/run/user/1000/bus'), ('COLORTERM', 'truecolor'), ('GIO_LAUNCHED_DESKTOP_FILE_PID', '6071'), ('IM_CONFIG_PHASE', '1'), ('https_proxy', 'http://127.0.0.1:7890'), ('COLCON_PREFIX_PATH', '/home/jon/ros2_ws/install'), ('ROS_DISTRO', 'humble'), ('LOGNAME', 'jon'), ('ALL_PROXY', 'socks5h://127.0.0.1:7890'), ('http_proxy', 'http://127.0.0.1:7890'), ('JOURNAL_STREAM', '8:32782'), ('_', '/usr/bin/colcon'), ('ROS_VERSION', '2'), ('XDG_SESSION_CLASS', 'user'), ('USERNAME', 'jon'), ('TERM', 'xterm-256color'), ('GNOME_DESKTOP_SESSION_ID', 'this-is-deprecated'), ('FC_FONTATIONS', '1'), ('ROS_LOCALHOST_ONLY', '0'), ('WINDOWPATH', '2'), ('PATH', '/home/jon/.config/Code/User/globalStorage/github.copilot-chat/debugCommand:/home/jon/.config/Code/User/globalStorage/github.copilot-chat/copilotCli:/home/jon/.local/bin:/opt/ros/humble/bin:/home/jon/.local/bin:/home/jon/.local/bin:/usr/local/sbin:/usr/local/bin:/usr/sbin:/usr/bin:/sbin:/bin:/usr/games:/usr/local/games:/snap/bin:/snap/bin:/home/jon/.vscode/extensions/ms-python.debugpy-2026.6.0-linux-x64/bundled/scripts/noConfigScripts'), ('SESSION_MANAGER', 'local/WJ:@/tmp/.ICE-unix/2480,unix/WJ:/tmp/.ICE-unix/2480'), ('INVOCATION_ID', '7147c2f4d17845b5b9c7aefa481e394c'), ('XDG_MENU_PREFIX', 'gnome-'), ('XDG_RUNTIME_DIR', '/run/user/1000'), ('GDK_BACKEND', 'x11'), ('DISPLAY', ':0'), ('VSCODE_DEBUGPY_ADAPTER_ENDPOINTS', '/home/jon/.vscode/extensions/ms-python.debugpy-2026.6.0-linux-x64/.noConfigDebugAdapterEndpoints/endpoint-b8a5c5d86f95c8fb.txt'), ('LANG', 'zh_CN.UTF-8'), ('XDG_CURRENT_DESKTOP', 'ubuntu:GNOME'), ('PYTHONSTARTUP', '/home/jon/.config/Code/User/workspaceStorage/1f60e15f81795b7429f56f0c0e99fe64/ms-python.python/pythonrc.py'), ('XMODIFIERS', '@im=ibus'), ('XDG_SESSION_DESKTOP', 'ubuntu'), ('XAUTHORITY', '/run/user/1000/gdm/Xauthority'), ('LS_COLORS', 'rs=0:di=01;34:ln=01;36:mh=00:pi=40;33:so=01;35:do=01;35:bd=40;33;01:cd=40;33;01:or=40;31;01:mi=00:su=37;41:sg=30;43:ca=30;41:tw=30;42:ow=34;42:st=37;44:ex=01;32:*.tar=01;31:*.tgz=01;31:*.arc=01;31:*.arj=01;31:*.taz=01;31:*.lha=01;31:*.lz4=01;31:*.lzh=01;31:*.lzma=01;31:*.tlz=01;31:*.txz=01;31:*.tzo=01;31:*.t7z=01;31:*.zip=01;31:*.z=01;31:*.dz=01;31:*.gz=01;31:*.lrz=01;31:*.lz=01;31:*.lzo=01;31:*.xz=01;31:*.zst=01;31:*.tzst=01;31:*.bz2=01;31:*.bz=01;31:*.tbz=01;31:*.tbz2=01;31:*.tz=01;31:*.deb=01;31:*.rpm=01;31:*.jar=01;31:*.war=01;31:*.ear=01;31:*.sar=01;31:*.rar=01;31:*.alz=01;31:*.ace=01;31:*.zoo=01;31:*.cpio=01;31:*.7z=01;31:*.rz=01;31:*.cab=01;31:*.wim=01;31:*.swm=01;31:*.dwm=01;31:*.esd=01;31:*.jpg=01;35:*.jpeg=01;35:*.mjpg=01;35:*.mjpeg=01;35:*.gif=01;35:*.bmp=01;35:*.pbm=01;35:*.pgm=01;35:*.ppm=01;35:*.tga=01;35:*.xbm=01;35:*.xpm=01;35:*.tif=01;35:*.tiff=01;35:*.png=01;35:*.svg=01;35:*.svgz=01;35:*.mng=01;35:*.pcx=01;35:*.mov=01;35:*.mpg=01;35:*.mpeg=01;35:*.m2v=01;35:*.mkv=01;35:*.webm=01;35:*.webp=01;35:*.ogm=01;35:*.mp4=01;35:*.m4v=01;35:*.mp4v=01;35:*.vob=01;35:*.qt=01;35:*.nuv=01;35:*.wmv=01;35:*.asf=01;35:*.rm=01;35:*.rmvb=01;35:*.flc=01;35:*.avi=01;35:*.fli=01;35:*.flv=01;35:*.gl=01;35:*.dl=01;35:*.xcf=01;35:*.xwd=01;35:*.yuv=01;35:*.cgm=01;35:*.emf=01;35:*.ogv=01;35:*.ogx=01;35:*.aac=00;36:*.au=00;36:*.flac=00;36:*.m4a=00;36:*.mid=00;36:*.midi=00;36:*.mka=00;36:*.mp3=00;36:*.mpc=00;36:*.ogg=00;36:*.ra=00;36:*.wav=00;36:*.oga=00;36:*.opus=00;36:*.spx=00;36:*.xspf=00;36:'), ('VSCODE_GIT_IPC_HANDLE', '/run/user/1000/vscode-git-81883a5c4f.sock'), ('TERM_PROGRAM', 'vscode'), ('SSH_AGENT_LAUNCHER', 'gnome-keyring'), ('SSH_AUTH_SOCK', '/run/user/1000/keyring/ssh'), ('AMENT_PREFIX_PATH', '/home/jon/ws01/src/install/base_demo:/home/jon/ros2_ws/install/hellovscode_cpp:/home/jon/ros2_ws/install/hello_cpp:/opt/ros/humble'), ('SHELL', '/bin/bash'), ('QT_ACCESSIBILITY', '1'), ('GDMSESSION', 'ubuntu'), ('LESSCLOSE', '/usr/bin/lesspipe %s %s'), ('GPG_AGENT_INFO', '/run/user/1000/gnupg/S.gpg-agent:0:1'), ('GJS_DEBUG_OUTPUT', 'stderr'), ('VSCODE_GIT_ASKPASS_EXTRA_ARGS', ''), ('QT_IM_MODULE', 'ibus'), ('PWD', '/home/jon/ws01/src/build/cpp01_topic'), ('XDG_CONFIG_DIRS', '/etc/xdg/xdg-ubuntu:/etc/xdg'), ('COPILOT_DEBUG_NONCE', '20fc3c0b33e88ebaf2914c4d51f59b28'), ('XDG_DATA_DIRS', '/usr/share/gnome:/usr/share/ubuntu:/usr/local/share/:/usr/share/:/var/lib/snapd/desktop'), ('PYTHONPATH', '/home/jon/ws01/src/install/base_demo/local/lib/python3.10/dist-packages:/opt/ros/humble/lib/python3.10/site-packages:/opt/ros/humble/local/lib/python3.10/dist-packages'), ('HTTP_PROXY', 'http://127.0.0.1:7890'), ('COLCON', '1'), ('CMAKE_PREFIX_PATH', '/home/jon/ws01/src/install/base_demo:/home/jon/ros2_ws/install/hellovscode_cpp:/home/jon/ros2_ws/install/hello_cpp:/opt/ros/humble')]), 'shell': False}
[3.141765] (cpp03_action) StdoutLine: {'line': b"-- Added test 'uncrustify' to check C / C++ code style\n"}
[3.141803] (cpp03_action) StdoutLine: {'line': b'-- Configured uncrustify additional arguments: \n'}
[3.141830] (cpp03_action) StdoutLine: {'line': b"-- Added test 'xmllint' to check XML markup files\n"}
[3.141856] (cpp03_action) StdoutLine: {'line': b'-- Configuring done\n'}
[3.144408] (cpp03_action) StdoutLine: {'line': b'-- Generating done\n'}
[3.146056] (cpp03_action) StdoutLine: {'line': b'-- Build files have been written to: /home/jon/ws01/src/build/cpp03_action\n'}
[3.151954] (cpp03_action) CommandEnded: {'returncode': 0}
[3.152247] (cpp03_action) JobProgress: {'identifier': 'cpp03_action', 'progress': 'build'}
[3.152748] (cpp03_action) Command: {'cmd': ['/usr/bin/cmake', '--build', '/home/jon/ws01/src/build/cpp03_action', '--', '-j24', '-l24'], 'cwd': '/home/jon/ws01/src/build/cpp03_action', 'env': OrderedDict([('GJS_DEBUG_TOPICS', 'JS ERROR;JS LOG'), ('PYTHON_BASIC_REPL', '1'), ('LESSOPEN', '| /usr/bin/lesspipe %s'), ('HTTPS_PROXY', 'http://127.0.0.1:7890'), ('no_proxy', 'localhost,127.0.0.0/8,::1'), ('LANGUAGE', 'zh_CN:zh'), ('USER', 'jon'), ('all_proxy', 'socks5h://127.0.0.1:7890'), ('XDG_SESSION_TYPE', 'x11'), ('GIT_ASKPASS', '/usr/share/code/resources/app/extensions/git/dist/askpass.sh'), ('SHLVL', '1'), ('LD_LIBRARY_PATH', '/home/jon/ws01/src/install/base_demo/lib:/opt/ros/humble/opt/rviz_ogre_vendor/lib:/opt/ros/humble/lib/x86_64-linux-gnu:/opt/ros/humble/lib'), ('HOME', '/home/jon'), ('CHROME_DESKTOP', 'code.desktop'), ('OLDPWD', '/home/jon/ws01'), ('TERM_PROGRAM_VERSION', '1.138.0'), ('DESKTOP_SESSION', 'ubuntu'), ('NO_PROXY', 'localhost,127.0.0.0/8,::1'), ('GIO_LAUNCHED_DESKTOP_FILE', '/usr/share/applications/code.desktop'), ('ROS_PYTHON_VERSION', '3'), ('GNOME_SHELL_SESSION_MODE', 'ubuntu'), ('GTK_MODULES', 'gail:atk-bridge'), ('VSCODE_GIT_ASKPASS_MAIN', '/usr/share/code/resources/app/extensions/git/dist/askpass-main.js'), ('VSCODE_GIT_ASKPASS_NODE', '/usr/share/code/code'), ('MANAGERPID', '1319'), ('PYDEVD_DISABLE_FILE_VALIDATION', '1'), ('SYSTEMD_EXEC_PID', '2502'), ('BUNDLED_DEBUGPY_PATH', '/home/jon/.vscode/extensions/ms-python.debugpy-2026.6.0-linux-x64/bundled/libs/debugpy'), ('VSCODE_PYTHON_AUTOACTIVATE_GUARD', '1'), ('DBUS_SESSION_BUS_ADDRESS', 'unix:path=/run/user/1000/bus'), ('COLORTERM', 'truecolor'), ('GIO_LAUNCHED_DESKTOP_FILE_PID', '6071'), ('IM_CONFIG_PHASE', '1'), ('https_proxy', 'http://127.0.0.1:7890'), ('COLCON_PREFIX_PATH', '/home/jon/ros2_ws/install'), ('ROS_DISTRO', 'humble'), ('LOGNAME', 'jon'), ('ALL_PROXY', 'socks5h://127.0.0.1:7890'), ('http_proxy', 'http://127.0.0.1:7890'), ('JOURNAL_STREAM', '8:32782'), ('_', '/usr/bin/colcon'), ('ROS_VERSION', '2'), ('XDG_SESSION_CLASS', 'user'), ('USERNAME', 'jon'), ('TERM', 'xterm-256color'), ('GNOME_DESKTOP_SESSION_ID', 'this-is-deprecated'), ('FC_FONTATIONS', '1'), ('ROS_LOCALHOST_ONLY', '0'), ('WINDOWPATH', '2'), ('PATH', '/home/jon/.config/Code/User/globalStorage/github.copilot-chat/debugCommand:/home/jon/.config/Code/User/globalStorage/github.copilot-chat/copilotCli:/home/jon/.local/bin:/opt/ros/humble/bin:/home/jon/.local/bin:/home/jon/.local/bin:/usr/local/sbin:/usr/local/bin:/usr/sbin:/usr/bin:/sbin:/bin:/usr/games:/usr/local/games:/snap/bin:/snap/bin:/home/jon/.vscode/extensions/ms-python.debugpy-2026.6.0-linux-x64/bundled/scripts/noConfigScripts'), ('SESSION_MANAGER', 'local/WJ:@/tmp/.ICE-unix/2480,unix/WJ:/tmp/.ICE-unix/2480'), ('INVOCATION_ID', '7147c2f4d17845b5b9c7aefa481e394c'), ('XDG_MENU_PREFIX', 'gnome-'), ('XDG_RUNTIME_DIR', '/run/user/1000'), ('GDK_BACKEND', 'x11'), ('DISPLAY', ':0'), ('VSCODE_DEBUGPY_ADAPTER_ENDPOINTS', '/home/jon/.vscode/extensions/ms-python.debugpy-2026.6.0-linux-x64/.noConfigDebugAdapterEndpoints/endpoint-b8a5c5d86f95c8fb.txt'), ('LANG', 'zh_CN.UTF-8'), ('XDG_CURRENT_DESKTOP', 'ubuntu:GNOME'), ('PYTHONSTARTUP', '/home/jon/.config/Code/User/workspaceStorage/1f60e15f81795b7429f56f0c0e99fe64/ms-python.python/pythonrc.py'), ('XMODIFIERS', '@im=ibus'), ('XDG_SESSION_DESKTOP', 'ubuntu'), ('XAUTHORITY', '/run/user/1000/gdm/Xauthority'), ('LS_COLORS', 'rs=0:di=01;34:ln=01;36:mh=00:pi=40;33:so=01;35:do=01;35:bd=40;33;01:cd=40;33;01:or=40;31;01:mi=00:su=37;41:sg=30;43:ca=30;41:tw=30;42:ow=34;42:st=37;44:ex=01;32:*.tar=01;31:*.tgz=01;31:*.arc=01;31:*.arj=01;31:*.taz=01;31:*.lha=01;31:*.lz4=01;31:*.lzh=01;31:*.lzma=01;31:*.tlz=01;31:*.txz=01;31:*.tzo=01;31:*.t7z=01;31:*.zip=01;31:*.z=01;31:*.dz=01;31:*.gz=01;31:*.lrz=01;31:*.lz=01;31:*.lzo=01;31:*.xz=01;31:*.zst=01;31:*.tzst=01;31:*.bz2=01;31:*.bz=01;31:*.tbz=01;31:*.tbz2=01;31:*.tz=01;31:*.deb=01;31:*.rpm=01;31:*.jar=01;31:*.war=01;31:*.ear=01;31:*.sar=01;31:*.rar=01;31:*.alz=01;31:*.ace=01;31:*.zoo=01;31:*.cpio=01;31:*.7z=01;31:*.rz=01;31:*.cab=01;31:*.wim=01;31:*.swm=01;31:*.dwm=01;31:*.esd=01;31:*.jpg=01;35:*.jpeg=01;35:*.mjpg=01;35:*.mjpeg=01;35:*.gif=01;35:*.bmp=01;35:*.pbm=01;35:*.pgm=01;35:*.ppm=01;35:*.tga=01;35:*.xbm=01;35:*.xpm=01;35:*.tif=01;35:*.tiff=01;35:*.png=01;35:*.svg=01;35:*.svgz=01;35:*.mng=01;35:*.pcx=01;35:*.mov=01;35:*.mpg=01;35:*.mpeg=01;35:*.m2v=01;35:*.mkv=01;35:*.webm=01;35:*.webp=01;35:*.ogm=01;35:*.mp4=01;35:*.m4v=01;35:*.mp4v=01;35:*.vob=01;35:*.qt=01;35:*.nuv=01;35:*.wmv=01;35:*.asf=01;35:*.rm=01;35:*.rmvb=01;35:*.flc=01;35:*.avi=01;35:*.fli=01;35:*.flv=01;35:*.gl=01;35:*.dl=01;35:*.xcf=01;35:*.xwd=01;35:*.yuv=01;35:*.cgm=01;35:*.emf=01;35:*.ogv=01;35:*.ogx=01;35:*.aac=00;36:*.au=00;36:*.flac=00;36:*.m4a=00;36:*.mid=00;36:*.midi=00;36:*.mka=00;36:*.mp3=00;36:*.mpc=00;36:*.ogg=00;36:*.ra=00;36:*.wav=00;36:*.oga=00;36:*.opus=00;36:*.spx=00;36:*.xspf=00;36:'), ('VSCODE_GIT_IPC_HANDLE', '/run/user/1000/vscode-git-81883a5c4f.sock'), ('TERM_PROGRAM', 'vscode'), ('SSH_AGENT_LAUNCHER', 'gnome-keyring'), ('SSH_AUTH_SOCK', '/run/user/1000/keyring/ssh'), ('AMENT_PREFIX_PATH', '/home/jon/ws01/src/install/base_demo:/home/jon/ros2_ws/install/hellovscode_cpp:/home/jon/ros2_ws/install/hello_cpp:/opt/ros/humble'), ('SHELL', '/bin/bash'), ('QT_ACCESSIBILITY', '1'), ('GDMSESSION', 'ubuntu'), ('LESSCLOSE', '/usr/bin/lesspipe %s %s'), ('GPG_AGENT_INFO', '/run/user/1000/gnupg/S.gpg-agent:0:1'), ('GJS_DEBUG_OUTPUT', 'stderr'), ('VSCODE_GIT_ASKPASS_EXTRA_ARGS', ''), ('QT_IM_MODULE', 'ibus'), ('PWD', '/home/jon/ws01/src/build/cpp03_action'), ('XDG_CONFIG_DIRS', '/etc/xdg/xdg-ubuntu:/etc/xdg'), ('COPILOT_DEBUG_NONCE', '20fc3c0b33e88ebaf2914c4d51f59b28'), ('XDG_DATA_DIRS', '/usr/share/gnome:/usr/share/ubuntu:/usr/local/share/:/usr/share/:/var/lib/snapd/desktop'), ('PYTHONPATH', '/home/jon/ws01/src/install/base_demo/local/lib/python3.10/dist-packages:/opt/ros/humble/lib/python3.10/site-packages:/opt/ros/humble/local/lib/python3.10/dist-packages'), ('HTTP_PROXY', 'http://127.0.0.1:7890'), ('COLCON', '1'), ('CMAKE_PREFIX_PATH', '/home/jon/ws01/src/install/base_demo:/home/jon/ros2_ws/install/hellovscode_cpp:/home/jon/ros2_ws/install/hello_cpp:/opt/ros/humble')]), 'shell': False}
[3.165925] (cpp02_service) StdoutLine: {'line': b'[ 25%] \x1b[32mBuilding CXX object CMakeFiles/demo02_client.dir/src/demo02_client.cpp.o\x1b[0m\n'}
[3.166069] (cpp02_service) StdoutLine: {'line': b'[ 50%] \x1b[32mBuilding CXX object CMakeFiles/demo01_server.dir/src/demo01_server.cpp.o\x1b[0m\n'}
[3.167758] (cpp01_topic) StdoutLine: {'line': b'[ 12%] \x1b[32mBuilding CXX object CMakeFiles/demo01_talker.dir/src/demo01_talker.cpp.o\x1b[0m\n'}
[3.170265] (cpp01_topic) StdoutLine: {'line': b'[ 25%] \x1b[32mBuilding CXX object CMakeFiles/demo02_listener.dir/src/demo02_listener.cpp.o\x1b[0m\n'}
[3.170362] (cpp01_topic) StdoutLine: {'line': b'[ 37%] \x1b[32mBuilding CXX object CMakeFiles/demo04_listener.dir/src/demo04_listener.cpp.o\x1b[0m\n'}
[3.170786] (cpp01_topic) StdoutLine: {'line': b'[ 50%] \x1b[32mBuilding CXX object CMakeFiles/demo03_talker.dir/src/demo03_talker.cpp.o\x1b[0m\n'}
[3.183538] (cpp03_action) StdoutLine: {'line': b'[ 50%] \x1b[32mBuilding CXX object CMakeFiles/demo01_server.dir/src/demo01_server.cpp.o\x1b[0m\n'}
[3.206453] (cpp03_action) StdoutLine: {'line': b'[100%] \x1b[32m\x1b[1mLinking CXX executable demo01_server\x1b[0m\n'}
[3.208609] (-) TimerEvent: {}
[3.258210] (cpp03_action) StdoutLine: {'line': b'[100%] Built target demo01_server\n'}
[3.267917] (cpp03_action) CommandEnded: {'returncode': 0}
[3.268368] (cpp03_action) JobProgress: {'identifier': 'cpp03_action', 'progress': 'install'}
[3.268557] (cpp03_action) Command: {'cmd': ['/usr/bin/cmake', '--install', '/home/jon/ws01/src/build/cpp03_action'], 'cwd': '/home/jon/ws01/src/build/cpp03_action', 'env': OrderedDict([('GJS_DEBUG_TOPICS', 'JS ERROR;JS LOG'), ('PYTHON_BASIC_REPL', '1'), ('LESSOPEN', '| /usr/bin/lesspipe %s'), ('HTTPS_PROXY', 'http://127.0.0.1:7890'), ('no_proxy', 'localhost,127.0.0.0/8,::1'), ('LANGUAGE', 'zh_CN:zh'), ('USER', 'jon'), ('all_proxy', 'socks5h://127.0.0.1:7890'), ('XDG_SESSION_TYPE', 'x11'), ('GIT_ASKPASS', '/usr/share/code/resources/app/extensions/git/dist/askpass.sh'), ('SHLVL', '1'), ('LD_LIBRARY_PATH', '/home/jon/ws01/src/install/base_demo/lib:/opt/ros/humble/opt/rviz_ogre_vendor/lib:/opt/ros/humble/lib/x86_64-linux-gnu:/opt/ros/humble/lib'), ('HOME', '/home/jon'), ('CHROME_DESKTOP', 'code.desktop'), ('OLDPWD', '/home/jon/ws01'), ('TERM_PROGRAM_VERSION', '1.138.0'), ('DESKTOP_SESSION', 'ubuntu'), ('NO_PROXY', 'localhost,127.0.0.0/8,::1'), ('GIO_LAUNCHED_DESKTOP_FILE', '/usr/share/applications/code.desktop'), ('ROS_PYTHON_VERSION', '3'), ('GNOME_SHELL_SESSION_MODE', 'ubuntu'), ('GTK_MODULES', 'gail:atk-bridge'), ('VSCODE_GIT_ASKPASS_MAIN', '/usr/share/code/resources/app/extensions/git/dist/askpass-main.js'), ('VSCODE_GIT_ASKPASS_NODE', '/usr/share/code/code'), ('MANAGERPID', '1319'), ('PYDEVD_DISABLE_FILE_VALIDATION', '1'), ('SYSTEMD_EXEC_PID', '2502'), ('BUNDLED_DEBUGPY_PATH', '/home/jon/.vscode/extensions/ms-python.debugpy-2026.6.0-linux-x64/bundled/libs/debugpy'), ('VSCODE_PYTHON_AUTOACTIVATE_GUARD', '1'), ('DBUS_SESSION_BUS_ADDRESS', 'unix:path=/run/user/1000/bus'), ('COLORTERM', 'truecolor'), ('GIO_LAUNCHED_DESKTOP_FILE_PID', '6071'), ('IM_CONFIG_PHASE', '1'), ('https_proxy', 'http://127.0.0.1:7890'), ('COLCON_PREFIX_PATH', '/home/jon/ros2_ws/install'), ('ROS_DISTRO', 'humble'), ('LOGNAME', 'jon'), ('ALL_PROXY', 'socks5h://127.0.0.1:7890'), ('http_proxy', 'http://127.0.0.1:7890'), ('JOURNAL_STREAM', '8:32782'), ('_', '/usr/bin/colcon'), ('ROS_VERSION', '2'), ('XDG_SESSION_CLASS', 'user'), ('USERNAME', 'jon'), ('TERM', 'xterm-256color'), ('GNOME_DESKTOP_SESSION_ID', 'this-is-deprecated'), ('FC_FONTATIONS', '1'), ('ROS_LOCALHOST_ONLY', '0'), ('WINDOWPATH', '2'), ('PATH', '/home/jon/.config/Code/User/globalStorage/github.copilot-chat/debugCommand:/home/jon/.config/Code/User/globalStorage/github.copilot-chat/copilotCli:/home/jon/.local/bin:/opt/ros/humble/bin:/home/jon/.local/bin:/home/jon/.local/bin:/usr/local/sbin:/usr/local/bin:/usr/sbin:/usr/bin:/sbin:/bin:/usr/games:/usr/local/games:/snap/bin:/snap/bin:/home/jon/.vscode/extensions/ms-python.debugpy-2026.6.0-linux-x64/bundled/scripts/noConfigScripts'), ('SESSION_MANAGER', 'local/WJ:@/tmp/.ICE-unix/2480,unix/WJ:/tmp/.ICE-unix/2480'), ('INVOCATION_ID', '7147c2f4d17845b5b9c7aefa481e394c'), ('XDG_MENU_PREFIX', 'gnome-'), ('XDG_RUNTIME_DIR', '/run/user/1000'), ('GDK_BACKEND', 'x11'), ('DISPLAY', ':0'), ('VSCODE_DEBUGPY_ADAPTER_ENDPOINTS', '/home/jon/.vscode/extensions/ms-python.debugpy-2026.6.0-linux-x64/.noConfigDebugAdapterEndpoints/endpoint-b8a5c5d86f95c8fb.txt'), ('LANG', 'zh_CN.UTF-8'), ('XDG_CURRENT_DESKTOP', 'ubuntu:GNOME'), ('PYTHONSTARTUP', '/home/jon/.config/Code/User/workspaceStorage/1f60e15f81795b7429f56f0c0e99fe64/ms-python.python/pythonrc.py'), ('XMODIFIERS', '@im=ibus'), ('XDG_SESSION_DESKTOP', 'ubuntu'), ('XAUTHORITY', '/run/user/1000/gdm/Xauthority'), ('LS_COLORS', 'rs=0:di=01;34:ln=01;36:mh=00:pi=40;33:so=01;35:do=01;35:bd=40;33;01:cd=40;33;01:or=40;31;01:mi=00:su=37;41:sg=30;43:ca=30;41:tw=30;42:ow=34;42:st=37;44:ex=01;32:*.tar=01;31:*.tgz=01;31:*.arc=01;31:*.arj=01;31:*.taz=01;31:*.lha=01;31:*.lz4=01;31:*.lzh=01;31:*.lzma=01;31:*.tlz=01;31:*.txz=01;31:*.tzo=01;31:*.t7z=01;31:*.zip=01;31:*.z=01;31:*.dz=01;31:*.gz=01;31:*.lrz=01;31:*.lz=01;31:*.lzo=01;31:*.xz=01;31:*.zst=01;31:*.tzst=01;31:*.bz2=01;31:*.bz=01;31:*.tbz=01;31:*.tbz2=01;31:*.tz=01;31:*.deb=01;31:*.rpm=01;31:*.jar=01;31:*.war=01;31:*.ear=01;31:*.sar=01;31:*.rar=01;31:*.alz=01;31:*.ace=01;31:*.zoo=01;31:*.cpio=01;31:*.7z=01;31:*.rz=01;31:*.cab=01;31:*.wim=01;31:*.swm=01;31:*.dwm=01;31:*.esd=01;31:*.jpg=01;35:*.jpeg=01;35:*.mjpg=01;35:*.mjpeg=01;35:*.gif=01;35:*.bmp=01;35:*.pbm=01;35:*.pgm=01;35:*.ppm=01;35:*.tga=01;35:*.xbm=01;35:*.xpm=01;35:*.tif=01;35:*.tiff=01;35:*.png=01;35:*.svg=01;35:*.svgz=01;35:*.mng=01;35:*.pcx=01;35:*.mov=01;35:*.mpg=01;35:*.mpeg=01;35:*.m2v=01;35:*.mkv=01;35:*.webm=01;35:*.webp=01;35:*.ogm=01;35:*.mp4=01;35:*.m4v=01;35:*.mp4v=01;35:*.vob=01;35:*.qt=01;35:*.nuv=01;35:*.wmv=01;35:*.asf=01;35:*.rm=01;35:*.rmvb=01;35:*.flc=01;35:*.avi=01;35:*.fli=01;35:*.flv=01;35:*.gl=01;35:*.dl=01;35:*.xcf=01;35:*.xwd=01;35:*.yuv=01;35:*.cgm=01;35:*.emf=01;35:*.ogv=01;35:*.ogx=01;35:*.aac=00;36:*.au=00;36:*.flac=00;36:*.m4a=00;36:*.mid=00;36:*.midi=00;36:*.mka=00;36:*.mp3=00;36:*.mpc=00;36:*.ogg=00;36:*.ra=00;36:*.wav=00;36:*.oga=00;36:*.opus=00;36:*.spx=00;36:*.xspf=00;36:'), ('VSCODE_GIT_IPC_HANDLE', '/run/user/1000/vscode-git-81883a5c4f.sock'), ('TERM_PROGRAM', 'vscode'), ('SSH_AGENT_LAUNCHER', 'gnome-keyring'), ('SSH_AUTH_SOCK', '/run/user/1000/keyring/ssh'), ('AMENT_PREFIX_PATH', '/home/jon/ws01/src/install/base_demo:/home/jon/ros2_ws/install/hellovscode_cpp:/home/jon/ros2_ws/install/hello_cpp:/opt/ros/humble'), ('SHELL', '/bin/bash'), ('QT_ACCESSIBILITY', '1'), ('GDMSESSION', 'ubuntu'), ('LESSCLOSE', '/usr/bin/lesspipe %s %s'), ('GPG_AGENT_INFO', '/run/user/1000/gnupg/S.gpg-agent:0:1'), ('GJS_DEBUG_OUTPUT', 'stderr'), ('VSCODE_GIT_ASKPASS_EXTRA_ARGS', ''), ('QT_IM_MODULE', 'ibus'), ('PWD', '/home/jon/ws01/src/build/cpp03_action'), ('XDG_CONFIG_DIRS', '/etc/xdg/xdg-ubuntu:/etc/xdg'), ('COPILOT_DEBUG_NONCE', '20fc3c0b33e88ebaf2914c4d51f59b28'), ('XDG_DATA_DIRS', '/usr/share/gnome:/usr/share/ubuntu:/usr/local/share/:/usr/share/:/var/lib/snapd/desktop'), ('PYTHONPATH', '/home/jon/ws01/src/install/base_demo/local/lib/python3.10/dist-packages:/opt/ros/humble/lib/python3.10/site-packages:/opt/ros/humble/local/lib/python3.10/dist-packages'), ('HTTP_PROXY', 'http://127.0.0.1:7890'), ('COLCON', '1'), ('CMAKE_PREFIX_PATH', '/home/jon/ws01/src/install/base_demo:/home/jon/ros2_ws/install/hellovscode_cpp:/home/jon/ros2_ws/install/hello_cpp:/opt/ros/humble')]), 'shell': False}
[3.273512] (cpp03_action) StdoutLine: {'line': b'-- Install configuration: ""\n'}
[3.273604] (cpp03_action) StdoutLine: {'line': b'-- Installing: /home/jon/ws01/src/install/cpp03_action/lib/cpp03_action/demo01_server\n'}
[3.273656] (cpp03_action) StdoutLine: {'line': b'-- Set runtime path of "/home/jon/ws01/src/install/cpp03_action/lib/cpp03_action/demo01_server" to ""\n'}
[3.273715] (cpp03_action) StdoutLine: {'line': b'-- Installing: /home/jon/ws01/src/install/cpp03_action/share/ament_index/resource_index/package_run_dependencies/cpp03_action\n'}
[3.273771] (cpp03_action) StdoutLine: {'line': b'-- Installing: /home/jon/ws01/src/install/cpp03_action/share/ament_index/resource_index/parent_prefix_path/cpp03_action\n'}
[3.273837] (cpp03_action) StdoutLine: {'line': b'-- Installing: /home/jon/ws01/src/install/cpp03_action/share/cpp03_action/environment/ament_prefix_path.sh\n'}
[3.273877] (cpp03_action) StdoutLine: {'line': b'-- Installing: /home/jon/ws01/src/install/cpp03_action/share/cpp03_action/environment/ament_prefix_path.dsv\n'}
[3.273912] (cpp03_action) StdoutLine: {'line': b'-- Installing: /home/jon/ws01/src/install/cpp03_action/share/cpp03_action/environment/path.sh\n'}
[3.273949] (cpp03_action) StdoutLine: {'line': b'-- Installing: /home/jon/ws01/src/install/cpp03_action/share/cpp03_action/environment/path.dsv\n'}
[3.273999] (cpp03_action) StdoutLine: {'line': b'-- Installing: /home/jon/ws01/src/install/cpp03_action/share/cpp03_action/local_setup.bash\n'}
[3.274801] (cpp03_action) StdoutLine: {'line': b'-- Installing: /home/jon/ws01/src/install/cpp03_action/share/cpp03_action/local_setup.sh\n'}
[3.274960] (cpp03_action) StdoutLine: {'line': b'-- Installing: /home/jon/ws01/src/install/cpp03_action/share/cpp03_action/local_setup.zsh\n'}
[3.274991] (cpp03_action) StdoutLine: {'line': b'-- Installing: /home/jon/ws01/src/install/cpp03_action/share/cpp03_action/local_setup.dsv\n'}
[3.275089] (cpp03_action) StdoutLine: {'line': b'-- Installing: /home/jon/ws01/src/install/cpp03_action/share/cpp03_action/package.dsv\n'}
[3.275184] (cpp03_action) StdoutLine: {'line': b'-- Installing: /home/jon/ws01/src/install/cpp03_action/share/ament_index/resource_index/packages/cpp03_action\n'}
[3.275219] (cpp03_action) StdoutLine: {'line': b'-- Installing: /home/jon/ws01/src/install/cpp03_action/share/cpp03_action/cmake/cpp03_actionConfig.cmake\n'}
[3.275245] (cpp03_action) StdoutLine: {'line': b'-- Installing: /home/jon/ws01/src/install/cpp03_action/share/cpp03_action/cmake/cpp03_actionConfig-version.cmake\n'}
[3.275270] (cpp03_action) StdoutLine: {'line': b'-- Installing: /home/jon/ws01/src/install/cpp03_action/share/cpp03_action/package.xml\n'}
[3.276660] (cpp03_action) CommandEnded: {'returncode': 0}
[3.282339] (cpp03_action) JobEnded: {'identifier': 'cpp03_action', 'rc': 0}
[3.308776] (-) TimerEvent: {}
[3.409061] (-) TimerEvent: {}
[3.509415] (-) TimerEvent: {}
[3.610103] (-) TimerEvent: {}
[3.710434] (-) TimerEvent: {}
[3.810729] (-) TimerEvent: {}
[3.911039] (-) TimerEvent: {}
[4.011462] (-) TimerEvent: {}
[4.112697] (-) TimerEvent: {}
[4.213073] (-) TimerEvent: {}
[4.313396] (-) TimerEvent: {}
[4.413718] (-) TimerEvent: {}
[4.514149] (-) TimerEvent: {}
[4.614439] (-) TimerEvent: {}
[4.714725] (-) TimerEvent: {}
[4.815226] (-) TimerEvent: {}
[4.906456] (cpp02_service) StdoutLine: {'line': b'[ 75%] \x1b[32m\x1b[1mLinking CXX executable demo01_server\x1b[0m\n'}
[4.915417] (-) TimerEvent: {}
[4.988016] (cpp02_service) StdoutLine: {'line': b'[100%] \x1b[32m\x1b[1mLinking CXX executable demo02_client\x1b[0m\n'}
[5.001428] (cpp02_service) StdoutLine: {'line': b'[100%] Built target demo01_server\n'}
[5.015503] (-) TimerEvent: {}
[5.082861] (cpp02_service) StdoutLine: {'line': b'[100%] Built target demo02_client\n'}
[5.094733] (cpp02_service) CommandEnded: {'returncode': 0}
[5.095146] (cpp02_service) JobProgress: {'identifier': 'cpp02_service', 'progress': 'install'}
[5.095251] (cpp02_service) Command: {'cmd': ['/usr/bin/cmake', '--install', '/home/jon/ws01/src/build/cpp02_service'], 'cwd': '/home/jon/ws01/src/build/cpp02_service', 'env': OrderedDict([('GJS_DEBUG_TOPICS', 'JS ERROR;JS LOG'), ('PYTHON_BASIC_REPL', '1'), ('LESSOPEN', '| /usr/bin/lesspipe %s'), ('HTTPS_PROXY', 'http://127.0.0.1:7890'), ('no_proxy', 'localhost,127.0.0.0/8,::1'), ('LANGUAGE', 'zh_CN:zh'), ('USER', 'jon'), ('all_proxy', 'socks5h://127.0.0.1:7890'), ('XDG_SESSION_TYPE', 'x11'), ('GIT_ASKPASS', '/usr/share/code/resources/app/extensions/git/dist/askpass.sh'), ('SHLVL', '1'), ('LD_LIBRARY_PATH', '/home/jon/ws01/src/install/base_demo/lib:/opt/ros/humble/opt/rviz_ogre_vendor/lib:/opt/ros/humble/lib/x86_64-linux-gnu:/opt/ros/humble/lib'), ('HOME', '/home/jon'), ('CHROME_DESKTOP', 'code.desktop'), ('OLDPWD', '/home/jon/ws01'), ('TERM_PROGRAM_VERSION', '1.138.0'), ('DESKTOP_SESSION', 'ubuntu'), ('NO_PROXY', 'localhost,127.0.0.0/8,::1'), ('GIO_LAUNCHED_DESKTOP_FILE', '/usr/share/applications/code.desktop'), ('ROS_PYTHON_VERSION', '3'), ('GNOME_SHELL_SESSION_MODE', 'ubuntu'), ('GTK_MODULES', 'gail:atk-bridge'), ('VSCODE_GIT_ASKPASS_MAIN', '/usr/share/code/resources/app/extensions/git/dist/askpass-main.js'), ('VSCODE_GIT_ASKPASS_NODE', '/usr/share/code/code'), ('MANAGERPID', '1319'), ('PYDEVD_DISABLE_FILE_VALIDATION', '1'), ('SYSTEMD_EXEC_PID', '2502'), ('BUNDLED_DEBUGPY_PATH', '/home/jon/.vscode/extensions/ms-python.debugpy-2026.6.0-linux-x64/bundled/libs/debugpy'), ('VSCODE_PYTHON_AUTOACTIVATE_GUARD', '1'), ('DBUS_SESSION_BUS_ADDRESS', 'unix:path=/run/user/1000/bus'), ('COLORTERM', 'truecolor'), ('GIO_LAUNCHED_DESKTOP_FILE_PID', '6071'), ('IM_CONFIG_PHASE', '1'), ('https_proxy', 'http://127.0.0.1:7890'), ('COLCON_PREFIX_PATH', '/home/jon/ros2_ws/install'), ('ROS_DISTRO', 'humble'), ('LOGNAME', 'jon'), ('ALL_PROXY', 'socks5h://127.0.0.1:7890'), ('http_proxy', 'http://127.0.0.1:7890'), ('JOURNAL_STREAM', '8:32782'), ('_', '/usr/bin/colcon'), ('ROS_VERSION', '2'), ('XDG_SESSION_CLASS', 'user'), ('USERNAME', 'jon'), ('TERM', 'xterm-256color'), ('GNOME_DESKTOP_SESSION_ID', 'this-is-deprecated'), ('FC_FONTATIONS', '1'), ('ROS_LOCALHOST_ONLY', '0'), ('WINDOWPATH', '2'), ('PATH', '/home/jon/.config/Code/User/globalStorage/github.copilot-chat/debugCommand:/home/jon/.config/Code/User/globalStorage/github.copilot-chat/copilotCli:/home/jon/.local/bin:/opt/ros/humble/bin:/home/jon/.local/bin:/home/jon/.local/bin:/usr/local/sbin:/usr/local/bin:/usr/sbin:/usr/bin:/sbin:/bin:/usr/games:/usr/local/games:/snap/bin:/snap/bin:/home/jon/.vscode/extensions/ms-python.debugpy-2026.6.0-linux-x64/bundled/scripts/noConfigScripts'), ('SESSION_MANAGER', 'local/WJ:@/tmp/.ICE-unix/2480,unix/WJ:/tmp/.ICE-unix/2480'), ('INVOCATION_ID', '7147c2f4d17845b5b9c7aefa481e394c'), ('XDG_MENU_PREFIX', 'gnome-'), ('XDG_RUNTIME_DIR', '/run/user/1000'), ('GDK_BACKEND', 'x11'), ('DISPLAY', ':0'), ('VSCODE_DEBUGPY_ADAPTER_ENDPOINTS', '/home/jon/.vscode/extensions/ms-python.debugpy-2026.6.0-linux-x64/.noConfigDebugAdapterEndpoints/endpoint-b8a5c5d86f95c8fb.txt'), ('LANG', 'zh_CN.UTF-8'), ('XDG_CURRENT_DESKTOP', 'ubuntu:GNOME'), ('PYTHONSTARTUP', '/home/jon/.config/Code/User/workspaceStorage/1f60e15f81795b7429f56f0c0e99fe64/ms-python.python/pythonrc.py'), ('XMODIFIERS', '@im=ibus'), ('XDG_SESSION_DESKTOP', 'ubuntu'), ('XAUTHORITY', '/run/user/1000/gdm/Xauthority'), ('LS_COLORS', 'rs=0:di=01;34:ln=01;36:mh=00:pi=40;33:so=01;35:do=01;35:bd=40;33;01:cd=40;33;01:or=40;31;01:mi=00:su=37;41:sg=30;43:ca=30;41:tw=30;42:ow=34;42:st=37;44:ex=01;32:*.tar=01;31:*.tgz=01;31:*.arc=01;31:*.arj=01;31:*.taz=01;31:*.lha=01;31:*.lz4=01;31:*.lzh=01;31:*.lzma=01;31:*.tlz=01;31:*.txz=01;31:*.tzo=01;31:*.t7z=01;31:*.zip=01;31:*.z=01;31:*.dz=01;31:*.gz=01;31:*.lrz=01;31:*.lz=01;31:*.lzo=01;31:*.xz=01;31:*.zst=01;31:*.tzst=01;31:*.bz2=01;31:*.bz=01;31:*.tbz=01;31:*.tbz2=01;31:*.tz=01;31:*.deb=01;31:*.rpm=01;31:*.jar=01;31:*.war=01;31:*.ear=01;31:*.sar=01;31:*.rar=01;31:*.alz=01;31:*.ace=01;31:*.zoo=01;31:*.cpio=01;31:*.7z=01;31:*.rz=01;31:*.cab=01;31:*.wim=01;31:*.swm=01;31:*.dwm=01;31:*.esd=01;31:*.jpg=01;35:*.jpeg=01;35:*.mjpg=01;35:*.mjpeg=01;35:*.gif=01;35:*.bmp=01;35:*.pbm=01;35:*.pgm=01;35:*.ppm=01;35:*.tga=01;35:*.xbm=01;35:*.xpm=01;35:*.tif=01;35:*.tiff=01;35:*.png=01;35:*.svg=01;35:*.svgz=01;35:*.mng=01;35:*.pcx=01;35:*.mov=01;35:*.mpg=01;35:*.mpeg=01;35:*.m2v=01;35:*.mkv=01;35:*.webm=01;35:*.webp=01;35:*.ogm=01;35:*.mp4=01;35:*.m4v=01;35:*.mp4v=01;35:*.vob=01;35:*.qt=01;35:*.nuv=01;35:*.wmv=01;35:*.asf=01;35:*.rm=01;35:*.rmvb=01;35:*.flc=01;35:*.avi=01;35:*.fli=01;35:*.flv=01;35:*.gl=01;35:*.dl=01;35:*.xcf=01;35:*.xwd=01;35:*.yuv=01;35:*.cgm=01;35:*.emf=01;35:*.ogv=01;35:*.ogx=01;35:*.aac=00;36:*.au=00;36:*.flac=00;36:*.m4a=00;36:*.mid=00;36:*.midi=00;36:*.mka=00;36:*.mp3=00;36:*.mpc=00;36:*.ogg=00;36:*.ra=00;36:*.wav=00;36:*.oga=00;36:*.opus=00;36:*.spx=00;36:*.xspf=00;36:'), ('VSCODE_GIT_IPC_HANDLE', '/run/user/1000/vscode-git-81883a5c4f.sock'), ('TERM_PROGRAM', 'vscode'), ('SSH_AGENT_LAUNCHER', 'gnome-keyring'), ('SSH_AUTH_SOCK', '/run/user/1000/keyring/ssh'), ('AMENT_PREFIX_PATH', '/home/jon/ws01/src/install/base_demo:/home/jon/ros2_ws/install/hellovscode_cpp:/home/jon/ros2_ws/install/hello_cpp:/opt/ros/humble'), ('SHELL', '/bin/bash'), ('QT_ACCESSIBILITY', '1'), ('GDMSESSION', 'ubuntu'), ('LESSCLOSE', '/usr/bin/lesspipe %s %s'), ('GPG_AGENT_INFO', '/run/user/1000/gnupg/S.gpg-agent:0:1'), ('GJS_DEBUG_OUTPUT', 'stderr'), ('VSCODE_GIT_ASKPASS_EXTRA_ARGS', ''), ('QT_IM_MODULE', 'ibus'), ('PWD', '/home/jon/ws01/src/build/cpp02_service'), ('XDG_CONFIG_DIRS', '/etc/xdg/xdg-ubuntu:/etc/xdg'), ('COPILOT_DEBUG_NONCE', '20fc3c0b33e88ebaf2914c4d51f59b28'), ('XDG_DATA_DIRS', '/usr/share/gnome:/usr/share/ubuntu:/usr/local/share/:/usr/share/:/var/lib/snapd/desktop'), ('PYTHONPATH', '/home/jon/ws01/src/install/base_demo/local/lib/python3.10/dist-packages:/opt/ros/humble/lib/python3.10/site-packages:/opt/ros/humble/local/lib/python3.10/dist-packages'), ('HTTP_PROXY', 'http://127.0.0.1:7890'), ('COLCON', '1'), ('CMAKE_PREFIX_PATH', '/home/jon/ws01/src/install/base_demo:/home/jon/ros2_ws/install/hellovscode_cpp:/home/jon/ros2_ws/install/hello_cpp:/opt/ros/humble')]), 'shell': False}
[5.100263] (cpp02_service) StdoutLine: {'line': b'-- Install configuration: ""\n'}
[5.100776] (cpp02_service) StdoutLine: {'line': b'-- Installing: /home/jon/ws01/src/install/cpp02_service/lib/cpp02_service/demo01_server\n'}
[5.100880] (cpp02_service) StdoutLine: {'line': b'-- Set runtime path of "/home/jon/ws01/src/install/cpp02_service/lib/cpp02_service/demo01_server" to ""\n'}
[5.100954] (cpp02_service) StdoutLine: {'line': b'-- Installing: /home/jon/ws01/src/install/cpp02_service/lib/cpp02_service/demo02_client\n'}
[5.101285] (cpp02_service) StdoutLine: {'line': b'-- Set runtime path of "/home/jon/ws01/src/install/cpp02_service/lib/cpp02_service/demo02_client" to ""\n'}
[5.101395] (cpp02_service) StdoutLine: {'line': b'-- Installing: /home/jon/ws01/src/install/cpp02_service/share/ament_index/resource_index/package_run_dependencies/cpp02_service\n'}
[5.101500] (cpp02_service) StdoutLine: {'line': b'-- Installing: /home/jon/ws01/src/install/cpp02_service/share/ament_index/resource_index/parent_prefix_path/cpp02_service\n'}
[5.101611] (cpp02_service) StdoutLine: {'line': b'-- Installing: /home/jon/ws01/src/install/cpp02_service/share/cpp02_service/environment/ament_prefix_path.sh\n'}
[5.101714] (cpp02_service) StdoutLine: {'line': b'-- Installing: /home/jon/ws01/src/install/cpp02_service/share/cpp02_service/environment/ament_prefix_path.dsv\n'}
[5.101805] (cpp02_service) StdoutLine: {'line': b'-- Installing: /home/jon/ws01/src/install/cpp02_service/share/cpp02_service/environment/path.sh\n'}
[5.101885] (cpp02_service) StdoutLine: {'line': b'-- Installing: /home/jon/ws01/src/install/cpp02_service/share/cpp02_service/environment/path.dsv\n'}
[5.102024] (cpp02_service) StdoutLine: {'line': b'-- Installing: /home/jon/ws01/src/install/cpp02_service/share/cpp02_service/local_setup.bash\n'}
[5.102137] (cpp02_service) StdoutLine: {'line': b'-- Installing: /home/jon/ws01/src/install/cpp02_service/share/cpp02_service/local_setup.sh\n'}
[5.102166] (cpp02_service) StdoutLine: {'line': b'-- Installing: /home/jon/ws01/src/install/cpp02_service/share/cpp02_service/local_setup.zsh\n'}
[5.102287] (cpp02_service) StdoutLine: {'line': b'-- Installing: /home/jon/ws01/src/install/cpp02_service/share/cpp02_service/local_setup.dsv\n'}
[5.102384] (cpp02_service) StdoutLine: {'line': b'-- Installing: /home/jon/ws01/src/install/cpp02_service/share/cpp02_service/package.dsv\n'}
[5.102638] (cpp02_service) StdoutLine: {'line': b'-- Installing: /home/jon/ws01/src/install/cpp02_service/share/ament_index/resource_index/packages/cpp02_service\n'}
[5.102975] (cpp02_service) StdoutLine: {'line': b'-- Installing: /home/jon/ws01/src/install/cpp02_service/share/cpp02_service/cmake/cpp02_serviceConfig.cmake\n'}
[5.103068] (cpp02_service) StdoutLine: {'line': b'-- Installing: /home/jon/ws01/src/install/cpp02_service/share/cpp02_service/cmake/cpp02_serviceConfig-version.cmake\n'}
[5.103153] (cpp02_service) StdoutLine: {'line': b'-- Installing: /home/jon/ws01/src/install/cpp02_service/share/cpp02_service/package.xml\n'}
[5.105884] (cpp02_service) CommandEnded: {'returncode': 0}
[5.111603] (cpp02_service) JobEnded: {'identifier': 'cpp02_service', 'rc': 0}
[5.115578] (-) TimerEvent: {}
[5.215787] (-) TimerEvent: {}
[5.279857] (cpp01_topic) StdoutLine: {'line': b'[ 62%] \x1b[32m\x1b[1mLinking CXX executable demo03_talker\x1b[0m\n'}
[5.286875] (cpp01_topic) StdoutLine: {'line': b'[ 75%] \x1b[32m\x1b[1mLinking CXX executable demo01_talker\x1b[0m\n'}
[5.315914] (-) TimerEvent: {}
[5.386582] (cpp01_topic) StdoutLine: {'line': b'[ 75%] Built target demo03_talker\n'}
[5.389764] (cpp01_topic) StdoutLine: {'line': b'[ 75%] Built target demo01_talker\n'}
[5.416024] (-) TimerEvent: {}
[5.516634] (-) TimerEvent: {}
[5.617165] (-) TimerEvent: {}
[5.717437] (-) TimerEvent: {}
[5.817677] (-) TimerEvent: {}
[5.917909] (-) TimerEvent: {}
[6.018270] (-) TimerEvent: {}
[6.118590] (-) TimerEvent: {}
[6.218803] (-) TimerEvent: {}
[6.321595] (-) TimerEvent: {}
[6.422010] (-) TimerEvent: {}
[6.522557] (-) TimerEvent: {}
[6.623173] (-) TimerEvent: {}
[6.723538] (-) TimerEvent: {}
[6.823899] (-) TimerEvent: {}
[6.924261] (-) TimerEvent: {}
[7.024645] (-) TimerEvent: {}
[7.124894] (-) TimerEvent: {}
[7.225144] (-) TimerEvent: {}
[7.232846] (cpp01_topic) StdoutLine: {'line': b'[ 87%] \x1b[32m\x1b[1mLinking CXX executable demo04_listener\x1b[0m\n'}
[7.235345] (cpp01_topic) StdoutLine: {'line': b'[100%] \x1b[32m\x1b[1mLinking CXX executable demo02_listener\x1b[0m\n'}
[7.325252] (-) TimerEvent: {}
[7.413838] (cpp01_topic) StdoutLine: {'line': b'[100%] Built target demo04_listener\n'}
[7.425334] (-) TimerEvent: {}
[7.442719] (cpp01_topic) StdoutLine: {'line': b'[100%] Built target demo02_listener\n'}
[7.454470] (cpp01_topic) CommandEnded: {'returncode': 0}
[7.454909] (cpp01_topic) JobProgress: {'identifier': 'cpp01_topic', 'progress': 'install'}
[7.454934] (cpp01_topic) Command: {'cmd': ['/usr/bin/cmake', '--install', '/home/jon/ws01/src/build/cpp01_topic'], 'cwd': '/home/jon/ws01/src/build/cpp01_topic', 'env': OrderedDict([('GJS_DEBUG_TOPICS', 'JS ERROR;JS LOG'), ('PYTHON_BASIC_REPL', '1'), ('LESSOPEN', '| /usr/bin/lesspipe %s'), ('HTTPS_PROXY', 'http://127.0.0.1:7890'), ('no_proxy', 'localhost,127.0.0.0/8,::1'), ('LANGUAGE', 'zh_CN:zh'), ('USER', 'jon'), ('all_proxy', 'socks5h://127.0.0.1:7890'), ('XDG_SESSION_TYPE', 'x11'), ('GIT_ASKPASS', '/usr/share/code/resources/app/extensions/git/dist/askpass.sh'), ('SHLVL', '1'), ('LD_LIBRARY_PATH', '/home/jon/ws01/src/install/base_demo/lib:/opt/ros/humble/opt/rviz_ogre_vendor/lib:/opt/ros/humble/lib/x86_64-linux-gnu:/opt/ros/humble/lib'), ('HOME', '/home/jon'), ('CHROME_DESKTOP', 'code.desktop'), ('OLDPWD', '/home/jon/ws01'), ('TERM_PROGRAM_VERSION', '1.138.0'), ('DESKTOP_SESSION', 'ubuntu'), ('NO_PROXY', 'localhost,127.0.0.0/8,::1'), ('GIO_LAUNCHED_DESKTOP_FILE', '/usr/share/applications/code.desktop'), ('ROS_PYTHON_VERSION', '3'), ('GNOME_SHELL_SESSION_MODE', 'ubuntu'), ('GTK_MODULES', 'gail:atk-bridge'), ('VSCODE_GIT_ASKPASS_MAIN', '/usr/share/code/resources/app/extensions/git/dist/askpass-main.js'), ('VSCODE_GIT_ASKPASS_NODE', '/usr/share/code/code'), ('MANAGERPID', '1319'), ('PYDEVD_DISABLE_FILE_VALIDATION', '1'), ('SYSTEMD_EXEC_PID', '2502'), ('BUNDLED_DEBUGPY_PATH', '/home/jon/.vscode/extensions/ms-python.debugpy-2026.6.0-linux-x64/bundled/libs/debugpy'), ('VSCODE_PYTHON_AUTOACTIVATE_GUARD', '1'), ('DBUS_SESSION_BUS_ADDRESS', 'unix:path=/run/user/1000/bus'), ('COLORTERM', 'truecolor'), ('GIO_LAUNCHED_DESKTOP_FILE_PID', '6071'), ('IM_CONFIG_PHASE', '1'), ('https_proxy', 'http://127.0.0.1:7890'), ('COLCON_PREFIX_PATH', '/home/jon/ros2_ws/install'), ('ROS_DISTRO', 'humble'), ('LOGNAME', 'jon'), ('ALL_PROXY', 'socks5h://127.0.0.1:7890'), ('http_proxy', 'http://127.0.0.1:7890'), ('JOURNAL_STREAM', '8:32782'), ('_', '/usr/bin/colcon'), ('ROS_VERSION', '2'), ('XDG_SESSION_CLASS', 'user'), ('USERNAME', 'jon'), ('TERM', 'xterm-256color'), ('GNOME_DESKTOP_SESSION_ID', 'this-is-deprecated'), ('FC_FONTATIONS', '1'), ('ROS_LOCALHOST_ONLY', '0'), ('WINDOWPATH', '2'), ('PATH', '/home/jon/.config/Code/User/globalStorage/github.copilot-chat/debugCommand:/home/jon/.config/Code/User/globalStorage/github.copilot-chat/copilotCli:/home/jon/.local/bin:/opt/ros/humble/bin:/home/jon/.local/bin:/home/jon/.local/bin:/usr/local/sbin:/usr/local/bin:/usr/sbin:/usr/bin:/sbin:/bin:/usr/games:/usr/local/games:/snap/bin:/snap/bin:/home/jon/.vscode/extensions/ms-python.debugpy-2026.6.0-linux-x64/bundled/scripts/noConfigScripts'), ('SESSION_MANAGER', 'local/WJ:@/tmp/.ICE-unix/2480,unix/WJ:/tmp/.ICE-unix/2480'), ('INVOCATION_ID', '7147c2f4d17845b5b9c7aefa481e394c'), ('XDG_MENU_PREFIX', 'gnome-'), ('XDG_RUNTIME_DIR', '/run/user/1000'), ('GDK_BACKEND', 'x11'), ('DISPLAY', ':0'), ('VSCODE_DEBUGPY_ADAPTER_ENDPOINTS', '/home/jon/.vscode/extensions/ms-python.debugpy-2026.6.0-linux-x64/.noConfigDebugAdapterEndpoints/endpoint-b8a5c5d86f95c8fb.txt'), ('LANG', 'zh_CN.UTF-8'), ('XDG_CURRENT_DESKTOP', 'ubuntu:GNOME'), ('PYTHONSTARTUP', '/home/jon/.config/Code/User/workspaceStorage/1f60e15f81795b7429f56f0c0e99fe64/ms-python.python/pythonrc.py'), ('XMODIFIERS', '@im=ibus'), ('XDG_SESSION_DESKTOP', 'ubuntu'), ('XAUTHORITY', '/run/user/1000/gdm/Xauthority'), ('LS_COLORS', 'rs=0:di=01;34:ln=01;36:mh=00:pi=40;33:so=01;35:do=01;35:bd=40;33;01:cd=40;33;01:or=40;31;01:mi=00:su=37;41:sg=30;43:ca=30;41:tw=30;42:ow=34;42:st=37;44:ex=01;32:*.tar=01;31:*.tgz=01;31:*.arc=01;31:*.arj=01;31:*.taz=01;31:*.lha=01;31:*.lz4=01;31:*.lzh=01;31:*.lzma=01;31:*.tlz=01;31:*.txz=01;31:*.tzo=01;31:*.t7z=01;31:*.zip=01;31:*.z=01;31:*.dz=01;31:*.gz=01;31:*.lrz=01;31:*.lz=01;31:*.lzo=01;31:*.xz=01;31:*.zst=01;31:*.tzst=01;31:*.bz2=01;31:*.bz=01;31:*.tbz=01;31:*.tbz2=01;31:*.tz=01;31:*.deb=01;31:*.rpm=01;31:*.jar=01;31:*.war=01;31:*.ear=01;31:*.sar=01;31:*.rar=01;31:*.alz=01;31:*.ace=01;31:*.zoo=01;31:*.cpio=01;31:*.7z=01;31:*.rz=01;31:*.cab=01;31:*.wim=01;31:*.swm=01;31:*.dwm=01;31:*.esd=01;31:*.jpg=01;35:*.jpeg=01;35:*.mjpg=01;35:*.mjpeg=01;35:*.gif=01;35:*.bmp=01;35:*.pbm=01;35:*.pgm=01;35:*.ppm=01;35:*.tga=01;35:*.xbm=01;35:*.xpm=01;35:*.tif=01;35:*.tiff=01;35:*.png=01;35:*.svg=01;35:*.svgz=01;35:*.mng=01;35:*.pcx=01;35:*.mov=01;35:*.mpg=01;35:*.mpeg=01;35:*.m2v=01;35:*.mkv=01;35:*.webm=01;35:*.webp=01;35:*.ogm=01;35:*.mp4=01;35:*.m4v=01;35:*.mp4v=01;35:*.vob=01;35:*.qt=01;35:*.nuv=01;35:*.wmv=01;35:*.asf=01;35:*.rm=01;35:*.rmvb=01;35:*.flc=01;35:*.avi=01;35:*.fli=01;35:*.flv=01;35:*.gl=01;35:*.dl=01;35:*.xcf=01;35:*.xwd=01;35:*.yuv=01;35:*.cgm=01;35:*.emf=01;35:*.ogv=01;35:*.ogx=01;35:*.aac=00;36:*.au=00;36:*.flac=00;36:*.m4a=00;36:*.mid=00;36:*.midi=00;36:*.mka=00;36:*.mp3=00;36:*.mpc=00;36:*.ogg=00;36:*.ra=00;36:*.wav=00;36:*.oga=00;36:*.opus=00;36:*.spx=00;36:*.xspf=00;36:'), ('VSCODE_GIT_IPC_HANDLE', '/run/user/1000/vscode-git-81883a5c4f.sock'), ('TERM_PROGRAM', 'vscode'), ('SSH_AGENT_LAUNCHER', 'gnome-keyring'), ('SSH_AUTH_SOCK', '/run/user/1000/keyring/ssh'), ('AMENT_PREFIX_PATH', '/home/jon/ws01/src/install/base_demo:/home/jon/ros2_ws/install/hellovscode_cpp:/home/jon/ros2_ws/install/hello_cpp:/opt/ros/humble'), ('SHELL', '/bin/bash'), ('QT_ACCESSIBILITY', '1'), ('GDMSESSION', 'ubuntu'), ('LESSCLOSE', '/usr/bin/lesspipe %s %s'), ('GPG_AGENT_INFO', '/run/user/1000/gnupg/S.gpg-agent:0:1'), ('GJS_DEBUG_OUTPUT', 'stderr'), ('VSCODE_GIT_ASKPASS_EXTRA_ARGS', ''), ('QT_IM_MODULE', 'ibus'), ('PWD', '/home/jon/ws01/src/build/cpp01_topic'), ('XDG_CONFIG_DIRS', '/etc/xdg/xdg-ubuntu:/etc/xdg'), ('COPILOT_DEBUG_NONCE', '20fc3c0b33e88ebaf2914c4d51f59b28'), ('XDG_DATA_DIRS', '/usr/share/gnome:/usr/share/ubuntu:/usr/local/share/:/usr/share/:/var/lib/snapd/desktop'), ('PYTHONPATH', '/home/jon/ws01/src/install/base_demo/local/lib/python3.10/dist-packages:/opt/ros/humble/lib/python3.10/site-packages:/opt/ros/humble/local/lib/python3.10/dist-packages'), ('HTTP_PROXY', 'http://127.0.0.1:7890'), ('COLCON', '1'), ('CMAKE_PREFIX_PATH', '/home/jon/ws01/src/install/base_demo:/home/jon/ros2_ws/install/hellovscode_cpp:/home/jon/ros2_ws/install/hello_cpp:/opt/ros/humble')]), 'shell': False}
[7.458534] (cpp01_topic) StdoutLine: {'line': b'-- Install configuration: ""\n'}
[7.458641] (cpp01_topic) StdoutLine: {'line': b'-- Installing: /home/jon/ws01/src/install/cpp01_topic/lib/cpp01_topic/demo01_talker\n'}
[7.459586] (cpp01_topic) StdoutLine: {'line': b'-- Set runtime path of "/home/jon/ws01/src/install/cpp01_topic/lib/cpp01_topic/demo01_talker" to ""\n'}
[7.459685] (cpp01_topic) StdoutLine: {'line': b'-- Installing: /home/jon/ws01/src/install/cpp01_topic/lib/cpp01_topic/demo02_listener\n'}
[7.461144] (cpp01_topic) StdoutLine: {'line': b'-- Set runtime path of "/home/jon/ws01/src/install/cpp01_topic/lib/cpp01_topic/demo02_listener" to ""\n'}
[7.461242] (cpp01_topic) StdoutLine: {'line': b'-- Installing: /home/jon/ws01/src/install/cpp01_topic/lib/cpp01_topic/demo03_talker\n'}
[7.461468] (cpp01_topic) StdoutLine: {'line': b'-- Set runtime path of "/home/jon/ws01/src/install/cpp01_topic/lib/cpp01_topic/demo03_talker" to ""\n'}
[7.461539] (cpp01_topic) StdoutLine: {'line': b'-- Installing: /home/jon/ws01/src/install/cpp01_topic/lib/cpp01_topic/demo04_listener\n'}
[7.463202] (cpp01_topic) StdoutLine: {'line': b'-- Set runtime path of "/home/jon/ws01/src/install/cpp01_topic/lib/cpp01_topic/demo04_listener" to ""\n'}
[7.463431] (cpp01_topic) StdoutLine: {'line': b'-- Installing: /home/jon/ws01/src/install/cpp01_topic/share/ament_index/resource_index/package_run_dependencies/cpp01_topic\n'}
[7.463514] (cpp01_topic) StdoutLine: {'line': b'-- Installing: /home/jon/ws01/src/install/cpp01_topic/share/ament_index/resource_index/parent_prefix_path/cpp01_topic\n'}
[7.463629] (cpp01_topic) StdoutLine: {'line': b'-- Installing: /home/jon/ws01/src/install/cpp01_topic/share/cpp01_topic/environment/ament_prefix_path.sh\n'}
[7.463722] (cpp01_topic) StdoutLine: {'line': b'-- Installing: /home/jon/ws01/src/install/cpp01_topic/share/cpp01_topic/environment/ament_prefix_path.dsv\n'}
[7.463761] (cpp01_topic) StdoutLine: {'line': b'-- Installing: /home/jon/ws01/src/install/cpp01_topic/share/cpp01_topic/environment/path.sh\n'}
[7.464063] (cpp01_topic) StdoutLine: {'line': b'-- Installing: /home/jon/ws01/src/install/cpp01_topic/share/cpp01_topic/environment/path.dsv\n'}
[7.464178] (cpp01_topic) StdoutLine: {'line': b'-- Installing: /home/jon/ws01/src/install/cpp01_topic/share/cpp01_topic/local_setup.bash\n'}
[7.464212] (cpp01_topic) StdoutLine: {'line': b'-- Installing: /home/jon/ws01/src/install/cpp01_topic/share/cpp01_topic/local_setup.sh\n'}
[7.464243] (cpp01_topic) StdoutLine: {'line': b'-- Installing: /home/jon/ws01/src/install/cpp01_topic/share/cpp01_topic/local_setup.zsh\n'}
[7.464301] (cpp01_topic) StdoutLine: {'line': b'-- Installing: /home/jon/ws01/src/install/cpp01_topic/share/cpp01_topic/local_setup.dsv\n'}
[7.464347] (cpp01_topic) StdoutLine: {'line': b'-- Installing: /home/jon/ws01/src/install/cpp01_topic/share/cpp01_topic/package.dsv\n'}
[7.464420] (cpp01_topic) StdoutLine: {'line': b'-- Installing: /home/jon/ws01/src/install/cpp01_topic/share/ament_index/resource_index/packages/cpp01_topic\n'}
[7.464488] (cpp01_topic) StdoutLine: {'line': b'-- Installing: /home/jon/ws01/src/install/cpp01_topic/share/cpp01_topic/cmake/cpp01_topicConfig.cmake\n'}
[7.464512] (cpp01_topic) StdoutLine: {'line': b'-- Installing: /home/jon/ws01/src/install/cpp01_topic/share/cpp01_topic/cmake/cpp01_topicConfig-version.cmake\n'}
[7.464532] (cpp01_topic) StdoutLine: {'line': b'-- Installing: /home/jon/ws01/src/install/cpp01_topic/share/cpp01_topic/package.xml\n'}
[7.466164] (cpp01_topic) CommandEnded: {'returncode': 0}
[7.470484] (cpp01_topic) JobEnded: {'identifier': 'cpp01_topic', 'rc': 0}
[7.470754] (-) EventReactorShutdown: {}
