[0.000000] (-) TimerEvent: {}
[0.001616] (base_demo) JobQueued: {'identifier': 'base_demo', 'dependencies': OrderedDict()}
[0.001658] (cpp01_topic) JobQueued: {'identifier': 'cpp01_topic', 'dependencies': OrderedDict([('base_demo', '/home/jon/ws01/install/base_demo')])}
[0.001675] (cpp02_service) JobQueued: {'identifier': 'cpp02_service', 'dependencies': OrderedDict([('base_demo', '/home/jon/ws01/install/base_demo')])}
[0.001686] (cpp03_action) JobQueued: {'identifier': 'cpp03_action', 'dependencies': OrderedDict([('base_demo', '/home/jon/ws01/install/base_demo')])}
[0.001695] (base_demo) JobStarted: {'identifier': 'base_demo'}
[0.005458] (base_demo) JobProgress: {'identifier': 'base_demo', 'progress': 'cmake'}
[0.005782] (base_demo) JobProgress: {'identifier': 'base_demo', 'progress': 'build'}
[0.006174] (base_demo) Command: {'cmd': ['/usr/bin/cmake', '--build', '/home/jon/ws01/build/base_demo', '--', '-j24', '-l24'], 'cwd': '/home/jon/ws01/build/base_demo', 'env': OrderedDict([('GJS_DEBUG_TOPICS', 'JS ERROR;JS LOG'), ('PYTHON_BASIC_REPL', '1'), ('LESSOPEN', '| /usr/bin/lesspipe %s'), ('HTTPS_PROXY', 'http://127.0.0.1:7890'), ('no_proxy', 'localhost,127.0.0.0/8,::1'), ('LANGUAGE', 'zh_CN:zh'), ('USER', 'jon'), ('all_proxy', 'socks5h://127.0.0.1:7890'), ('XDG_SESSION_TYPE', 'x11'), ('GIT_ASKPASS', '/usr/share/code/resources/app/extensions/git/dist/askpass.sh'), ('SHLVL', '1'), ('LD_LIBRARY_PATH', '/home/jon/ws01/install/base_demo/lib:/opt/ros/humble/opt/rviz_ogre_vendor/lib:/opt/ros/humble/lib/x86_64-linux-gnu:/opt/ros/humble/lib'), ('HOME', '/home/jon'), ('CHROME_DESKTOP', 'code.desktop'), ('TERM_PROGRAM_VERSION', '1.138.0'), ('DESKTOP_SESSION', 'ubuntu'), ('NO_PROXY', 'localhost,127.0.0.0/8,::1'), ('GIO_LAUNCHED_DESKTOP_FILE', '/usr/share/applications/code.desktop'), ('ROS_PYTHON_VERSION', '3'), ('GNOME_SHELL_SESSION_MODE', 'ubuntu'), ('GTK_MODULES', 'gail:atk-bridge'), ('VSCODE_GIT_ASKPASS_MAIN', '/usr/share/code/resources/app/extensions/git/dist/askpass-main.js'), ('VSCODE_GIT_ASKPASS_NODE', '/usr/share/code/code'), ('MANAGERPID', '2568'), ('PYDEVD_DISABLE_FILE_VALIDATION', '1'), ('SYSTEMD_EXEC_PID', '3026'), ('BUNDLED_DEBUGPY_PATH', '/home/jon/.vscode/extensions/ms-python.debugpy-2026.6.0-linux-x64/bundled/libs/debugpy'), ('VSCODE_PYTHON_AUTOACTIVATE_GUARD', '1'), ('DBUS_SESSION_BUS_ADDRESS', 'unix:path=/run/user/1000/bus'), ('COLORTERM', 'truecolor'), ('GIO_LAUNCHED_DESKTOP_FILE_PID', '3848'), ('https_proxy', 'http://127.0.0.1:7890'), ('COLCON_PREFIX_PATH', '/home/jon/ws01/install:/home/jon/ros2_ws/install'), ('ROS_DISTRO', 'humble'), ('GTK_IM_MODULE', 'ibus'), ('LOGNAME', 'jon'), ('ALL_PROXY', 'socks5h://127.0.0.1:7890'), ('http_proxy', 'http://127.0.0.1:7890'), ('JOURNAL_STREAM', '8:33814'), ('_', '/usr/bin/colcon'), ('ROS_VERSION', '2'), ('XDG_SESSION_CLASS', 'user'), ('USERNAME', 'jon'), ('TERM', 'xterm-256color'), ('GNOME_DESKTOP_SESSION_ID', 'this-is-deprecated'), ('FC_FONTATIONS', '1'), ('ROS_LOCALHOST_ONLY', '0'), ('WINDOWPATH', '2'), ('PATH', '/home/jon/.config/Code/User/globalStorage/github.copilot-chat/debugCommand:/home/jon/.config/Code/User/globalStorage/github.copilot-chat/copilotCli:/home/jon/.local/bin:/opt/ros/humble/bin:/home/jon/.local/bin:/usr/local/sbin:/usr/local/bin:/usr/sbin:/usr/bin:/sbin:/bin:/usr/games:/usr/local/games:/snap/bin:/snap/bin:/home/jon/.vscode/extensions/ms-python.debugpy-2026.6.0-linux-x64/bundled/scripts/noConfigScripts'), ('SESSION_MANAGER', 'local/WJ:@/tmp/.ICE-unix/3003,unix/WJ:/tmp/.ICE-unix/3003'), ('INVOCATION_ID', 'fb0f1f0f5f0247d4926696ef298ae583'), ('XDG_MENU_PREFIX', 'gnome-'), ('XDG_RUNTIME_DIR', '/run/user/1000'), ('GDK_BACKEND', 'x11'), ('DISPLAY', ':0'), ('VSCODE_DEBUGPY_ADAPTER_ENDPOINTS', '/home/jon/.vscode/extensions/ms-python.debugpy-2026.6.0-linux-x64/.noConfigDebugAdapterEndpoints/endpoint-a931eca1407cc38f.txt'), ('LANG', 'zh_CN.UTF-8'), ('XDG_CURRENT_DESKTOP', 'ubuntu:GNOME'), ('PYTHONSTARTUP', '/home/jon/.config/Code/User/workspaceStorage/1f60e15f81795b7429f56f0c0e99fe64/ms-python.python/pythonrc.py'), ('XMODIFIERS', '@im=ibus'), ('XDG_SESSION_DESKTOP', 'ubuntu'), ('XAUTHORITY', '/run/user/1000/gdm/Xauthority'), ('LS_COLORS', 'rs=0:di=01;34:ln=01;36:mh=00:pi=40;33:so=01;35:do=01;35:bd=40;33;01:cd=40;33;01:or=40;31;01:mi=00:su=37;41:sg=30;43:ca=30;41:tw=30;42:ow=34;42:st=37;44:ex=01;32:*.tar=01;31:*.tgz=01;31:*.arc=01;31:*.arj=01;31:*.taz=01;31:*.lha=01;31:*.lz4=01;31:*.lzh=01;31:*.lzma=01;31:*.tlz=01;31:*.txz=01;31:*.tzo=01;31:*.t7z=01;31:*.zip=01;31:*.z=01;31:*.dz=01;31:*.gz=01;31:*.lrz=01;31:*.lz=01;31:*.lzo=01;31:*.xz=01;31:*.zst=01;31:*.tzst=01;31:*.bz2=01;31:*.bz=01;31:*.tbz=01;31:*.tbz2=01;31:*.tz=01;31:*.deb=01;31:*.rpm=01;31:*.jar=01;31:*.war=01;31:*.ear=01;31:*.sar=01;31:*.rar=01;31:*.alz=01;31:*.ace=01;31:*.zoo=01;31:*.cpio=01;31:*.7z=01;31:*.rz=01;31:*.cab=01;31:*.wim=01;31:*.swm=01;31:*.dwm=01;31:*.esd=01;31:*.jpg=01;35:*.jpeg=01;35:*.mjpg=01;35:*.mjpeg=01;35:*.gif=01;35:*.bmp=01;35:*.pbm=01;35:*.pgm=01;35:*.ppm=01;35:*.tga=01;35:*.xbm=01;35:*.xpm=01;35:*.tif=01;35:*.tiff=01;35:*.png=01;35:*.svg=01;35:*.svgz=01;35:*.mng=01;35:*.pcx=01;35:*.mov=01;35:*.mpg=01;35:*.mpeg=01;35:*.m2v=01;35:*.mkv=01;35:*.webm=01;35:*.webp=01;35:*.ogm=01;35:*.mp4=01;35:*.m4v=01;35:*.mp4v=01;35:*.vob=01;35:*.qt=01;35:*.nuv=01;35:*.wmv=01;35:*.asf=01;35:*.rm=01;35:*.rmvb=01;35:*.flc=01;35:*.avi=01;35:*.fli=01;35:*.flv=01;35:*.gl=01;35:*.dl=01;35:*.xcf=01;35:*.xwd=01;35:*.yuv=01;35:*.cgm=01;35:*.emf=01;35:*.ogv=01;35:*.ogx=01;35:*.aac=00;36:*.au=00;36:*.flac=00;36:*.m4a=00;36:*.mid=00;36:*.midi=00;36:*.mka=00;36:*.mp3=00;36:*.mpc=00;36:*.ogg=00;36:*.ra=00;36:*.wav=00;36:*.oga=00;36:*.opus=00;36:*.spx=00;36:*.xspf=00;36:'), ('VSCODE_GIT_IPC_HANDLE', '/run/user/1000/vscode-git-81883a5c4f.sock'), ('TERM_PROGRAM', 'vscode'), ('SSH_AGENT_LAUNCHER', 'gnome-keyring'), ('SSH_AUTH_SOCK', '/run/user/1000/keyring/ssh'), ('AMENT_PREFIX_PATH', '/home/jon/ws01/install/cpp03_action:/home/jon/ws01/install/cpp02_service:/home/jon/ws01/install/cpp01_topic:/home/jon/ws01/install/base_demo:/home/jon/ros2_ws/install/hellovscode_cpp:/home/jon/ros2_ws/install/hello_cpp:/opt/ros/humble'), ('SHELL', '/bin/bash'), ('QT_ACCESSIBILITY', '1'), ('GDMSESSION', 'ubuntu'), ('LESSCLOSE', '/usr/bin/lesspipe %s %s'), ('GPG_AGENT_INFO', '/run/user/1000/gnupg/S.gpg-agent:0:1'), ('GJS_DEBUG_OUTPUT', 'stderr'), ('VSCODE_GIT_ASKPASS_EXTRA_ARGS', ''), ('QT_IM_MODULE', 'ibus'), ('PWD', '/home/jon/ws01/build/base_demo'), ('XDG_CONFIG_DIRS', '/etc/xdg/xdg-ubuntu:/etc/xdg'), ('COPILOT_DEBUG_NONCE', '20fc3c0b33e88ebaf2914c4d51f59b28'), ('XDG_DATA_DIRS', '/usr/share/ubuntu:/usr/share/gnome:/usr/local/share/:/usr/share/:/var/lib/snapd/desktop'), ('PYTHONPATH', '/home/jon/ws01/install/base_demo/local/lib/python3.10/dist-packages:/opt/ros/humble/lib/python3.10/site-packages:/opt/ros/humble/local/lib/python3.10/dist-packages'), ('HTTP_PROXY', 'http://127.0.0.1:7890'), ('COLCON', '1'), ('CMAKE_PREFIX_PATH', '/home/jon/ws01/install/cpp03_action:/home/jon/ws01/install/cpp02_service:/home/jon/ws01/install/cpp01_topic:/home/jon/ws01/install/base_demo:/home/jon/ros2_ws/install/hellovscode_cpp:/home/jon/ros2_ws/install/hello_cpp:/opt/ros/humble')]), 'shell': False}
[0.044220] (base_demo) StdoutLine: {'line': b'[  4%] Built target base_demo__rs\n'}
[0.044385] (base_demo) StdoutLine: {'line': b'[  4%] Built target base_demo__cpp\n'}
[0.045898] (base_demo) StdoutLine: {'line': b'[ 14%] Built target base_demo__rosidl_generator_c\n'}
[0.052925] (base_demo) StdoutLine: {'line': b'[ 14%] Built target ament_cmake_python_copy_base_demo\n'}
[0.061757] (base_demo) StdoutLine: {'line': b'[ 43%] Built target base_demo__rosidl_typesupport_introspection_cpp\n'}
[0.061894] (base_demo) StdoutLine: {'line': b'[ 43%] Built target base_demo__rosidl_typesupport_fastrtps_cpp\n'}
[0.061933] (base_demo) StdoutLine: {'line': b'[ 47%] Built target base_demo__rosidl_typesupport_cpp\n'}
[0.061965] (base_demo) StdoutLine: {'line': b'[ 56%] Built target base_demo__rosidl_typesupport_c\n'}
[0.061995] (base_demo) StdoutLine: {'line': b'[ 66%] Built target base_demo__rosidl_typesupport_introspection_c\n'}
[0.062369] (base_demo) StdoutLine: {'line': b'[ 77%] Built target base_demo__rosidl_typesupport_fastrtps_c\n'}
[0.076540] (base_demo) StdoutLine: {'line': b'[ 77%] Built target base_demo\n'}
[0.089894] (base_demo) StdoutLine: {'line': b'[ 79%] Built target base_demo__py\n'}
[0.099407] (-) TimerEvent: {}
[0.103099] (base_demo) StdoutLine: {'line': b'[ 87%] Built target base_demo__rosidl_generator_py\n'}
[0.116645] (base_demo) StdoutLine: {'line': b'[ 95%] Built target base_demo__rosidl_typesupport_fastrtps_c__pyext\n'}
[0.116779] (base_demo) StdoutLine: {'line': b'[ 95%] Built target base_demo__rosidl_typesupport_c__pyext\n'}
[0.116816] (base_demo) StdoutLine: {'line': b'[100%] Built target base_demo__rosidl_typesupport_introspection_c__pyext\n'}
[0.169315] (base_demo) StdoutLine: {'line': b'running egg_info\n'}
[0.169517] (base_demo) StdoutLine: {'line': b'writing base_demo.egg-info/PKG-INFO\n'}
[0.169592] (base_demo) StdoutLine: {'line': b'writing dependency_links to base_demo.egg-info/dependency_links.txt\n'}
[0.169649] (base_demo) StdoutLine: {'line': b'writing top-level names to base_demo.egg-info/top_level.txt\n'}
[0.170457] (base_demo) StdoutLine: {'line': b"reading manifest file 'base_demo.egg-info/SOURCES.txt'\n"}
[0.170486] (base_demo) StdoutLine: {'line': b"writing manifest file 'base_demo.egg-info/SOURCES.txt'\n"}
[0.185234] (base_demo) StdoutLine: {'line': b'[100%] Built target ament_cmake_python_build_base_demo_egg\n'}
[0.195597] (base_demo) CommandEnded: {'returncode': 0}
[0.196041] (base_demo) JobProgress: {'identifier': 'base_demo', 'progress': 'install'}
[0.199485] (-) TimerEvent: {}
[0.200437] (base_demo) Command: {'cmd': ['/usr/bin/cmake', '--install', '/home/jon/ws01/build/base_demo'], 'cwd': '/home/jon/ws01/build/base_demo', 'env': OrderedDict([('GJS_DEBUG_TOPICS', 'JS ERROR;JS LOG'), ('PYTHON_BASIC_REPL', '1'), ('LESSOPEN', '| /usr/bin/lesspipe %s'), ('HTTPS_PROXY', 'http://127.0.0.1:7890'), ('no_proxy', 'localhost,127.0.0.0/8,::1'), ('LANGUAGE', 'zh_CN:zh'), ('USER', 'jon'), ('all_proxy', 'socks5h://127.0.0.1:7890'), ('XDG_SESSION_TYPE', 'x11'), ('GIT_ASKPASS', '/usr/share/code/resources/app/extensions/git/dist/askpass.sh'), ('SHLVL', '1'), ('LD_LIBRARY_PATH', '/home/jon/ws01/install/base_demo/lib:/opt/ros/humble/opt/rviz_ogre_vendor/lib:/opt/ros/humble/lib/x86_64-linux-gnu:/opt/ros/humble/lib'), ('HOME', '/home/jon'), ('CHROME_DESKTOP', 'code.desktop'), ('TERM_PROGRAM_VERSION', '1.138.0'), ('DESKTOP_SESSION', 'ubuntu'), ('NO_PROXY', 'localhost,127.0.0.0/8,::1'), ('GIO_LAUNCHED_DESKTOP_FILE', '/usr/share/applications/code.desktop'), ('ROS_PYTHON_VERSION', '3'), ('GNOME_SHELL_SESSION_MODE', 'ubuntu'), ('GTK_MODULES', 'gail:atk-bridge'), ('VSCODE_GIT_ASKPASS_MAIN', '/usr/share/code/resources/app/extensions/git/dist/askpass-main.js'), ('VSCODE_GIT_ASKPASS_NODE', '/usr/share/code/code'), ('MANAGERPID', '2568'), ('PYDEVD_DISABLE_FILE_VALIDATION', '1'), ('SYSTEMD_EXEC_PID', '3026'), ('BUNDLED_DEBUGPY_PATH', '/home/jon/.vscode/extensions/ms-python.debugpy-2026.6.0-linux-x64/bundled/libs/debugpy'), ('VSCODE_PYTHON_AUTOACTIVATE_GUARD', '1'), ('DBUS_SESSION_BUS_ADDRESS', 'unix:path=/run/user/1000/bus'), ('COLORTERM', 'truecolor'), ('GIO_LAUNCHED_DESKTOP_FILE_PID', '3848'), ('https_proxy', 'http://127.0.0.1:7890'), ('COLCON_PREFIX_PATH', '/home/jon/ws01/install:/home/jon/ros2_ws/install'), ('ROS_DISTRO', 'humble'), ('GTK_IM_MODULE', 'ibus'), ('LOGNAME', 'jon'), ('ALL_PROXY', 'socks5h://127.0.0.1:7890'), ('http_proxy', 'http://127.0.0.1:7890'), ('JOURNAL_STREAM', '8:33814'), ('_', '/usr/bin/colcon'), ('ROS_VERSION', '2'), ('XDG_SESSION_CLASS', 'user'), ('USERNAME', 'jon'), ('TERM', 'xterm-256color'), ('GNOME_DESKTOP_SESSION_ID', 'this-is-deprecated'), ('FC_FONTATIONS', '1'), ('ROS_LOCALHOST_ONLY', '0'), ('WINDOWPATH', '2'), ('PATH', '/home/jon/.config/Code/User/globalStorage/github.copilot-chat/debugCommand:/home/jon/.config/Code/User/globalStorage/github.copilot-chat/copilotCli:/home/jon/.local/bin:/opt/ros/humble/bin:/home/jon/.local/bin:/usr/local/sbin:/usr/local/bin:/usr/sbin:/usr/bin:/sbin:/bin:/usr/games:/usr/local/games:/snap/bin:/snap/bin:/home/jon/.vscode/extensions/ms-python.debugpy-2026.6.0-linux-x64/bundled/scripts/noConfigScripts'), ('SESSION_MANAGER', 'local/WJ:@/tmp/.ICE-unix/3003,unix/WJ:/tmp/.ICE-unix/3003'), ('INVOCATION_ID', 'fb0f1f0f5f0247d4926696ef298ae583'), ('XDG_MENU_PREFIX', 'gnome-'), ('XDG_RUNTIME_DIR', '/run/user/1000'), ('GDK_BACKEND', 'x11'), ('DISPLAY', ':0'), ('VSCODE_DEBUGPY_ADAPTER_ENDPOINTS', '/home/jon/.vscode/extensions/ms-python.debugpy-2026.6.0-linux-x64/.noConfigDebugAdapterEndpoints/endpoint-a931eca1407cc38f.txt'), ('LANG', 'zh_CN.UTF-8'), ('XDG_CURRENT_DESKTOP', 'ubuntu:GNOME'), ('PYTHONSTARTUP', '/home/jon/.config/Code/User/workspaceStorage/1f60e15f81795b7429f56f0c0e99fe64/ms-python.python/pythonrc.py'), ('XMODIFIERS', '@im=ibus'), ('XDG_SESSION_DESKTOP', 'ubuntu'), ('XAUTHORITY', '/run/user/1000/gdm/Xauthority'), ('LS_COLORS', 'rs=0:di=01;34:ln=01;36:mh=00:pi=40;33:so=01;35:do=01;35:bd=40;33;01:cd=40;33;01:or=40;31;01:mi=00:su=37;41:sg=30;43:ca=30;41:tw=30;42:ow=34;42:st=37;44:ex=01;32:*.tar=01;31:*.tgz=01;31:*.arc=01;31:*.arj=01;31:*.taz=01;31:*.lha=01;31:*.lz4=01;31:*.lzh=01;31:*.lzma=01;31:*.tlz=01;31:*.txz=01;31:*.tzo=01;31:*.t7z=01;31:*.zip=01;31:*.z=01;31:*.dz=01;31:*.gz=01;31:*.lrz=01;31:*.lz=01;31:*.lzo=01;31:*.xz=01;31:*.zst=01;31:*.tzst=01;31:*.bz2=01;31:*.bz=01;31:*.tbz=01;31:*.tbz2=01;31:*.tz=01;31:*.deb=01;31:*.rpm=01;31:*.jar=01;31:*.war=01;31:*.ear=01;31:*.sar=01;31:*.rar=01;31:*.alz=01;31:*.ace=01;31:*.zoo=01;31:*.cpio=01;31:*.7z=01;31:*.rz=01;31:*.cab=01;31:*.wim=01;31:*.swm=01;31:*.dwm=01;31:*.esd=01;31:*.jpg=01;35:*.jpeg=01;35:*.mjpg=01;35:*.mjpeg=01;35:*.gif=01;35:*.bmp=01;35:*.pbm=01;35:*.pgm=01;35:*.ppm=01;35:*.tga=01;35:*.xbm=01;35:*.xpm=01;35:*.tif=01;35:*.tiff=01;35:*.png=01;35:*.svg=01;35:*.svgz=01;35:*.mng=01;35:*.pcx=01;35:*.mov=01;35:*.mpg=01;35:*.mpeg=01;35:*.m2v=01;35:*.mkv=01;35:*.webm=01;35:*.webp=01;35:*.ogm=01;35:*.mp4=01;35:*.m4v=01;35:*.mp4v=01;35:*.vob=01;35:*.qt=01;35:*.nuv=01;35:*.wmv=01;35:*.asf=01;35:*.rm=01;35:*.rmvb=01;35:*.flc=01;35:*.avi=01;35:*.fli=01;35:*.flv=01;35:*.gl=01;35:*.dl=01;35:*.xcf=01;35:*.xwd=01;35:*.yuv=01;35:*.cgm=01;35:*.emf=01;35:*.ogv=01;35:*.ogx=01;35:*.aac=00;36:*.au=00;36:*.flac=00;36:*.m4a=00;36:*.mid=00;36:*.midi=00;36:*.mka=00;36:*.mp3=00;36:*.mpc=00;36:*.ogg=00;36:*.ra=00;36:*.wav=00;36:*.oga=00;36:*.opus=00;36:*.spx=00;36:*.xspf=00;36:'), ('VSCODE_GIT_IPC_HANDLE', '/run/user/1000/vscode-git-81883a5c4f.sock'), ('TERM_PROGRAM', 'vscode'), ('SSH_AGENT_LAUNCHER', 'gnome-keyring'), ('SSH_AUTH_SOCK', '/run/user/1000/keyring/ssh'), ('AMENT_PREFIX_PATH', '/home/jon/ws01/install/cpp03_action:/home/jon/ws01/install/cpp02_service:/home/jon/ws01/install/cpp01_topic:/home/jon/ws01/install/base_demo:/home/jon/ros2_ws/install/hellovscode_cpp:/home/jon/ros2_ws/install/hello_cpp:/opt/ros/humble'), ('SHELL', '/bin/bash'), ('QT_ACCESSIBILITY', '1'), ('GDMSESSION', 'ubuntu'), ('LESSCLOSE', '/usr/bin/lesspipe %s %s'), ('GPG_AGENT_INFO', '/run/user/1000/gnupg/S.gpg-agent:0:1'), ('GJS_DEBUG_OUTPUT', 'stderr'), ('VSCODE_GIT_ASKPASS_EXTRA_ARGS', ''), ('QT_IM_MODULE', 'ibus'), ('PWD', '/home/jon/ws01/build/base_demo'), ('XDG_CONFIG_DIRS', '/etc/xdg/xdg-ubuntu:/etc/xdg'), ('COPILOT_DEBUG_NONCE', '20fc3c0b33e88ebaf2914c4d51f59b28'), ('XDG_DATA_DIRS', '/usr/share/ubuntu:/usr/share/gnome:/usr/local/share/:/usr/share/:/var/lib/snapd/desktop'), ('PYTHONPATH', '/home/jon/ws01/install/base_demo/local/lib/python3.10/dist-packages:/opt/ros/humble/lib/python3.10/site-packages:/opt/ros/humble/local/lib/python3.10/dist-packages'), ('HTTP_PROXY', 'http://127.0.0.1:7890'), ('COLCON', '1'), ('CMAKE_PREFIX_PATH', '/home/jon/ws01/install/cpp03_action:/home/jon/ws01/install/cpp02_service:/home/jon/ws01/install/cpp01_topic:/home/jon/ws01/install/base_demo:/home/jon/ros2_ws/install/hellovscode_cpp:/home/jon/ros2_ws/install/hello_cpp:/opt/ros/humble')]), 'shell': False}
[0.204519] (base_demo) StdoutLine: {'line': b'-- Install configuration: ""\n'}
[0.204631] (base_demo) StdoutLine: {'line': b'-- Up-to-date: /home/jon/ws01/install/base_demo/share/ament_index/resource_index/rosidl_interfaces/base_demo\n'}
[0.204688] (base_demo) StdoutLine: {'line': b'-- Up-to-date: /home/jon/ws01/install/base_demo/include/base_demo/base_demo\n'}
[0.204745] (base_demo) StdoutLine: {'line': b'-- Up-to-date: /home/jon/ws01/install/base_demo/include/base_demo/base_demo/msg\n'}
[0.204791] (base_demo) StdoutLine: {'line': b'-- Up-to-date: /home/jon/ws01/install/base_demo/include/base_demo/base_demo/msg/student.h\n'}
[0.204837] (base_demo) StdoutLine: {'line': b'-- Up-to-date: /home/jon/ws01/install/base_demo/include/base_demo/base_demo/msg/detail\n'}
[0.204882] (base_demo) StdoutLine: {'line': b'-- Up-to-date: /home/jon/ws01/install/base_demo/include/base_demo/base_demo/msg/detail/student__struct.h\n'}
[0.204928] (base_demo) StdoutLine: {'line': b'-- Up-to-date: /home/jon/ws01/install/base_demo/include/base_demo/base_demo/msg/detail/student__functions.c\n'}
[0.204973] (base_demo) StdoutLine: {'line': b'-- Up-to-date: /home/jon/ws01/install/base_demo/include/base_demo/base_demo/msg/detail/student__functions.h\n'}
[0.205018] (base_demo) StdoutLine: {'line': b'-- Up-to-date: /home/jon/ws01/install/base_demo/include/base_demo/base_demo/msg/detail/student__type_support.h\n'}
[0.205070] (base_demo) StdoutLine: {'line': b'-- Up-to-date: /home/jon/ws01/install/base_demo/include/base_demo/base_demo/msg/rosidl_generator_c__visibility_control.h\n'}
[0.205121] (base_demo) StdoutLine: {'line': b'-- Up-to-date: /home/jon/ws01/install/base_demo/include/base_demo/base_demo/action\n'}
[0.205168] (base_demo) StdoutLine: {'line': b'-- Up-to-date: /home/jon/ws01/install/base_demo/include/base_demo/base_demo/action/progress.h\n'}
[0.205868] (base_demo) StdoutLine: {'line': b'-- Up-to-date: /home/jon/ws01/install/base_demo/include/base_demo/base_demo/action/detail\n'}
[0.205932] (base_demo) StdoutLine: {'line': b'-- Up-to-date: /home/jon/ws01/install/base_demo/include/base_demo/base_demo/action/detail/progress__functions.h\n'}
[0.205958] (base_demo) StdoutLine: {'line': b'-- Up-to-date: /home/jon/ws01/install/base_demo/include/base_demo/base_demo/action/detail/progress__functions.c\n'}
[0.205979] (base_demo) StdoutLine: {'line': b'-- Up-to-date: /home/jon/ws01/install/base_demo/include/base_demo/base_demo/action/detail/progress__struct.h\n'}
[0.205998] (base_demo) StdoutLine: {'line': b'-- Up-to-date: /home/jon/ws01/install/base_demo/include/base_demo/base_demo/action/detail/progress__type_support.h\n'}
[0.206017] (base_demo) StdoutLine: {'line': b'-- Up-to-date: /home/jon/ws01/install/base_demo/include/base_demo/base_demo/srv\n'}
[0.206035] (base_demo) StdoutLine: {'line': b'-- Up-to-date: /home/jon/ws01/install/base_demo/include/base_demo/base_demo/srv/addints.h\n'}
[0.206053] (base_demo) StdoutLine: {'line': b'-- Up-to-date: /home/jon/ws01/install/base_demo/include/base_demo/base_demo/srv/detail\n'}
[0.206165] (base_demo) StdoutLine: {'line': b'-- Up-to-date: /home/jon/ws01/install/base_demo/include/base_demo/base_demo/srv/detail/addints__type_support.h\n'}
[0.206191] (base_demo) StdoutLine: {'line': b'-- Up-to-date: /home/jon/ws01/install/base_demo/include/base_demo/base_demo/srv/detail/addints__functions.h\n'}
[0.206211] (base_demo) StdoutLine: {'line': b'-- Up-to-date: /home/jon/ws01/install/base_demo/include/base_demo/base_demo/srv/detail/addints__struct.h\n'}
[0.206230] (base_demo) StdoutLine: {'line': b'-- Up-to-date: /home/jon/ws01/install/base_demo/include/base_demo/base_demo/srv/detail/addints__functions.c\n'}
[0.206247] (base_demo) StdoutLine: {'line': b'-- Up-to-date: /home/jon/ws01/install/base_demo/share/base_demo/environment/library_path.sh\n'}
[0.206266] (base_demo) StdoutLine: {'line': b'-- Up-to-date: /home/jon/ws01/install/base_demo/share/base_demo/environment/library_path.dsv\n'}
[0.206284] (base_demo) StdoutLine: {'line': b'-- Up-to-date: /home/jon/ws01/install/base_demo/lib/libbase_demo__rosidl_generator_c.so\n'}
[0.206301] (base_demo) StdoutLine: {'line': b'-- Up-to-date: /home/jon/ws01/install/base_demo/include/base_demo/base_demo\n'}
[0.206318] (base_demo) StdoutLine: {'line': b'-- Up-to-date: /home/jon/ws01/install/base_demo/include/base_demo/base_demo/msg\n'}
[0.206336] (base_demo) StdoutLine: {'line': b'-- Up-to-date: /home/jon/ws01/install/base_demo/include/base_demo/base_demo/msg/rosidl_typesupport_fastrtps_c__visibility_control.h\n'}
[0.206373] (base_demo) StdoutLine: {'line': b'-- Up-to-date: /home/jon/ws01/install/base_demo/include/base_demo/base_demo/msg/detail\n'}
[0.206391] (base_demo) StdoutLine: {'line': b'-- Up-to-date: /home/jon/ws01/install/base_demo/include/base_demo/base_demo/msg/detail/student__rosidl_typesupport_fastrtps_c.h\n'}
[0.206409] (base_demo) StdoutLine: {'line': b'-- Up-to-date: /home/jon/ws01/install/base_demo/include/base_demo/base_demo/action\n'}
[0.206427] (base_demo) StdoutLine: {'line': b'-- Up-to-date: /home/jon/ws01/install/base_demo/include/base_demo/base_demo/action/detail\n'}
[0.206445] (base_demo) StdoutLine: {'line': b'-- Up-to-date: /home/jon/ws01/install/base_demo/include/base_demo/base_demo/action/detail/progress__rosidl_typesupport_fastrtps_c.h\n'}
[0.206463] (base_demo) StdoutLine: {'line': b'-- Up-to-date: /home/jon/ws01/install/base_demo/include/base_demo/base_demo/srv\n'}
[0.206481] (base_demo) StdoutLine: {'line': b'-- Up-to-date: /home/jon/ws01/install/base_demo/include/base_demo/base_demo/srv/detail\n'}
[0.206496] (base_demo) StdoutLine: {'line': b'-- Up-to-date: /home/jon/ws01/install/base_demo/include/base_demo/base_demo/srv/detail/addints__rosidl_typesupport_fastrtps_c.h\n'}
[0.206512] (base_demo) StdoutLine: {'line': b'-- Up-to-date: /home/jon/ws01/install/base_demo/lib/libbase_demo__rosidl_typesupport_fastrtps_c.so\n'}
[0.206527] (base_demo) StdoutLine: {'line': b'-- Up-to-date: /home/jon/ws01/install/base_demo/include/base_demo/base_demo\n'}
[0.206544] (base_demo) StdoutLine: {'line': b'-- Up-to-date: /home/jon/ws01/install/base_demo/include/base_demo/base_demo/msg\n'}
[0.206560] (base_demo) StdoutLine: {'line': b'-- Up-to-date: /home/jon/ws01/install/base_demo/include/base_demo/base_demo/msg/detail\n'}
[0.206577] (base_demo) StdoutLine: {'line': b'-- Up-to-date: /home/jon/ws01/install/base_demo/include/base_demo/base_demo/msg/detail/student__rosidl_typesupport_introspection_c.h\n'}
[0.206593] (base_demo) StdoutLine: {'line': b'-- Up-to-date: /home/jon/ws01/install/base_demo/include/base_demo/base_demo/msg/detail/student__type_support.c\n'}
[0.206609] (base_demo) StdoutLine: {'line': b'-- Up-to-date: /home/jon/ws01/install/base_demo/include/base_demo/base_demo/msg/rosidl_typesupport_introspection_c__visibility_control.h\n'}
[0.206626] (base_demo) StdoutLine: {'line': b'-- Up-to-date: /home/jon/ws01/install/base_demo/include/base_demo/base_demo/action\n'}
[0.206642] (base_demo) StdoutLine: {'line': b'-- Up-to-date: /home/jon/ws01/install/base_demo/include/base_demo/base_demo/action/detail\n'}
[0.206657] (base_demo) StdoutLine: {'line': b'-- Up-to-date: /home/jon/ws01/install/base_demo/include/base_demo/base_demo/action/detail/progress__rosidl_typesupport_introspection_c.h\n'}
[0.206673] (base_demo) StdoutLine: {'line': b'-- Up-to-date: /home/jon/ws01/install/base_demo/include/base_demo/base_demo/action/detail/progress__type_support.c\n'}
[0.206689] (base_demo) StdoutLine: {'line': b'-- Up-to-date: /home/jon/ws01/install/base_demo/include/base_demo/base_demo/srv\n'}
[0.206705] (base_demo) StdoutLine: {'line': b'-- Up-to-date: /home/jon/ws01/install/base_demo/include/base_demo/base_demo/srv/detail\n'}
[0.206721] (base_demo) StdoutLine: {'line': b'-- Up-to-date: /home/jon/ws01/install/base_demo/include/base_demo/base_demo/srv/detail/addints__type_support.c\n'}
[0.206737] (base_demo) StdoutLine: {'line': b'-- Up-to-date: /home/jon/ws01/install/base_demo/include/base_demo/base_demo/srv/detail/addints__rosidl_typesupport_introspection_c.h\n'}
[0.206754] (base_demo) StdoutLine: {'line': b'-- Up-to-date: /home/jon/ws01/install/base_demo/lib/libbase_demo__rosidl_typesupport_introspection_c.so\n'}
[0.206771] (base_demo) StdoutLine: {'line': b'-- Up-to-date: /home/jon/ws01/install/base_demo/lib/libbase_demo__rosidl_typesupport_c.so\n'}
[0.206790] (base_demo) StdoutLine: {'line': b'-- Up-to-date: /home/jon/ws01/install/base_demo/include/base_demo/base_demo\n'}
[0.206809] (base_demo) StdoutLine: {'line': b'-- Up-to-date: /home/jon/ws01/install/base_demo/include/base_demo/base_demo/msg\n'}
[0.206827] (base_demo) StdoutLine: {'line': b'-- Up-to-date: /home/jon/ws01/install/base_demo/include/base_demo/base_demo/msg/student.hpp\n'}
[0.206843] (base_demo) StdoutLine: {'line': b'-- Up-to-date: /home/jon/ws01/install/base_demo/include/base_demo/base_demo/msg/detail\n'}
[0.206859] (base_demo) StdoutLine: {'line': b'-- Up-to-date: /home/jon/ws01/install/base_demo/include/base_demo/base_demo/msg/detail/student__type_support.hpp\n'}
[0.206875] (base_demo) StdoutLine: {'line': b'-- Up-to-date: /home/jon/ws01/install/base_demo/include/base_demo/base_demo/msg/detail/student__struct.hpp\n'}
[0.206892] (base_demo) StdoutLine: {'line': b'-- Up-to-date: /home/jon/ws01/install/base_demo/include/base_demo/base_demo/msg/detail/student__traits.hpp\n'}
[0.206908] (base_demo) StdoutLine: {'line': b'-- Up-to-date: /home/jon/ws01/install/base_demo/include/base_demo/base_demo/msg/detail/student__builder.hpp\n'}
[0.206925] (base_demo) StdoutLine: {'line': b'-- Up-to-date: /home/jon/ws01/install/base_demo/include/base_demo/base_demo/msg/rosidl_generator_cpp__visibility_control.hpp\n'}
[0.206942] (base_demo) StdoutLine: {'line': b'-- Up-to-date: /home/jon/ws01/install/base_demo/include/base_demo/base_demo/action\n'}
[0.206958] (base_demo) StdoutLine: {'line': b'-- Up-to-date: /home/jon/ws01/install/base_demo/include/base_demo/base_demo/action/progress.hpp\n'}
[0.206974] (base_demo) StdoutLine: {'line': b'-- Up-to-date: /home/jon/ws01/install/base_demo/include/base_demo/base_demo/action/detail\n'}
[0.206990] (base_demo) StdoutLine: {'line': b'-- Up-to-date: /home/jon/ws01/install/base_demo/include/base_demo/base_demo/action/detail/progress__type_support.hpp\n'}
[0.207006] (base_demo) StdoutLine: {'line': b'-- Up-to-date: /home/jon/ws01/install/base_demo/include/base_demo/base_demo/action/detail/progress__traits.hpp\n'}
[0.207021] (base_demo) StdoutLine: {'line': b'-- Up-to-date: /home/jon/ws01/install/base_demo/include/base_demo/base_demo/action/detail/progress__builder.hpp\n'}
[0.207040] (base_demo) StdoutLine: {'line': b'-- Up-to-date: /home/jon/ws01/install/base_demo/include/base_demo/base_demo/action/detail/progress__struct.hpp\n'}
[0.207060] (base_demo) StdoutLine: {'line': b'-- Up-to-date: /home/jon/ws01/install/base_demo/include/base_demo/base_demo/srv\n'}
[0.207079] (base_demo) StdoutLine: {'line': b'-- Up-to-date: /home/jon/ws01/install/base_demo/include/base_demo/base_demo/srv/addints.hpp\n'}
[0.207095] (base_demo) StdoutLine: {'line': b'-- Up-to-date: /home/jon/ws01/install/base_demo/include/base_demo/base_demo/srv/detail\n'}
[0.207111] (base_demo) StdoutLine: {'line': b'-- Up-to-date: /home/jon/ws01/install/base_demo/include/base_demo/base_demo/srv/detail/addints__traits.hpp\n'}
[0.207126] (base_demo) StdoutLine: {'line': b'-- Up-to-date: /home/jon/ws01/install/base_demo/include/base_demo/base_demo/srv/detail/addints__type_support.hpp\n'}
[0.207142] (base_demo) StdoutLine: {'line': b'-- Up-to-date: /home/jon/ws01/install/base_demo/include/base_demo/base_demo/srv/detail/addints__builder.hpp\n'}
[0.207158] (base_demo) StdoutLine: {'line': b'-- Up-to-date: /home/jon/ws01/install/base_demo/include/base_demo/base_demo/srv/detail/addints__struct.hpp\n'}
[0.207174] (base_demo) StdoutLine: {'line': b'-- Up-to-date: /home/jon/ws01/install/base_demo/include/base_demo/base_demo\n'}
[0.207191] (base_demo) StdoutLine: {'line': b'-- Up-to-date: /home/jon/ws01/install/base_demo/include/base_demo/base_demo/msg\n'}
[0.207208] (base_demo) StdoutLine: {'line': b'-- Up-to-date: /home/jon/ws01/install/base_demo/include/base_demo/base_demo/msg/rosidl_typesupport_fastrtps_cpp__visibility_control.h\n'}
[0.207226] (base_demo) StdoutLine: {'line': b'-- Up-to-date: /home/jon/ws01/install/base_demo/include/base_demo/base_demo/msg/detail\n'}
[0.207243] (base_demo) StdoutLine: {'line': b'-- Up-to-date: /home/jon/ws01/install/base_demo/include/base_demo/base_demo/msg/detail/dds_fastrtps\n'}
[0.207262] (base_demo) StdoutLine: {'line': b'-- Up-to-date: /home/jon/ws01/install/base_demo/include/base_demo/base_demo/msg/detail/student__rosidl_typesupport_fastrtps_cpp.hpp\n'}
[0.207281] (base_demo) StdoutLine: {'line': b'-- Up-to-date: /home/jon/ws01/install/base_demo/include/base_demo/base_demo/action\n'}
[0.207298] (base_demo) StdoutLine: {'line': b'-- Up-to-date: /home/jon/ws01/install/base_demo/include/base_demo/base_demo/action/detail\n'}
[0.207317] (base_demo) StdoutLine: {'line': b'-- Up-to-date: /home/jon/ws01/install/base_demo/include/base_demo/base_demo/action/detail/dds_fastrtps\n'}
[0.207334] (base_demo) StdoutLine: {'line': b'-- Up-to-date: /home/jon/ws01/install/base_demo/include/base_demo/base_demo/action/detail/progress__rosidl_typesupport_fastrtps_cpp.hpp\n'}
[0.207352] (base_demo) StdoutLine: {'line': b'-- Up-to-date: /home/jon/ws01/install/base_demo/include/base_demo/base_demo/srv\n'}
[0.207369] (base_demo) StdoutLine: {'line': b'-- Up-to-date: /home/jon/ws01/install/base_demo/include/base_demo/base_demo/srv/detail\n'}
[0.207387] (base_demo) StdoutLine: {'line': b'-- Up-to-date: /home/jon/ws01/install/base_demo/include/base_demo/base_demo/srv/detail/addints__rosidl_typesupport_fastrtps_cpp.hpp\n'}
[0.207404] (base_demo) StdoutLine: {'line': b'-- Up-to-date: /home/jon/ws01/install/base_demo/include/base_demo/base_demo/srv/detail/dds_fastrtps\n'}
[0.207422] (base_demo) StdoutLine: {'line': b'-- Up-to-date: /home/jon/ws01/install/base_demo/lib/libbase_demo__rosidl_typesupport_fastrtps_cpp.so\n'}
[0.207440] (base_demo) StdoutLine: {'line': b'-- Up-to-date: /home/jon/ws01/install/base_demo/include/base_demo/base_demo\n'}
[0.207459] (base_demo) StdoutLine: {'line': b'-- Up-to-date: /home/jon/ws01/install/base_demo/include/base_demo/base_demo/msg\n'}
[0.207479] (base_demo) StdoutLine: {'line': b'-- Up-to-date: /home/jon/ws01/install/base_demo/include/base_demo/base_demo/msg/detail\n'}
[0.207497] (base_demo) StdoutLine: {'line': b'-- Up-to-date: /home/jon/ws01/install/base_demo/include/base_demo/base_demo/msg/detail/student__rosidl_typesupport_introspection_cpp.hpp\n'}
[0.207515] (base_demo) StdoutLine: {'line': b'-- Up-to-date: /home/jon/ws01/install/base_demo/include/base_demo/base_demo/msg/detail/student__type_support.cpp\n'}
[0.207535] (base_demo) StdoutLine: {'line': b'-- Up-to-date: /home/jon/ws01/install/base_demo/include/base_demo/base_demo/action\n'}
[0.207552] (base_demo) StdoutLine: {'line': b'-- Up-to-date: /home/jon/ws01/install/base_demo/include/base_demo/base_demo/action/detail\n'}
[0.207570] (base_demo) StdoutLine: {'line': b'-- Up-to-date: /home/jon/ws01/install/base_demo/include/base_demo/base_demo/action/detail/progress__type_support.cpp\n'}
[0.207587] (base_demo) StdoutLine: {'line': b'-- Up-to-date: /home/jon/ws01/install/base_demo/include/base_demo/base_demo/action/detail/progress__rosidl_typesupport_introspection_cpp.hpp\n'}
[0.207606] (base_demo) StdoutLine: {'line': b'-- Up-to-date: /home/jon/ws01/install/base_demo/include/base_demo/base_demo/srv\n'}
[0.207623] (base_demo) StdoutLine: {'line': b'-- Up-to-date: /home/jon/ws01/install/base_demo/include/base_demo/base_demo/srv/detail\n'}
[0.207641] (base_demo) StdoutLine: {'line': b'-- Up-to-date: /home/jon/ws01/install/base_demo/include/base_demo/base_demo/srv/detail/addints__type_support.cpp\n'}
[0.207660] (base_demo) StdoutLine: {'line': b'-- Up-to-date: /home/jon/ws01/install/base_demo/include/base_demo/base_demo/srv/detail/addints__rosidl_typesupport_introspection_cpp.hpp\n'}
[0.207678] (base_demo) StdoutLine: {'line': b'-- Up-to-date: /home/jon/ws01/install/base_demo/lib/libbase_demo__rosidl_typesupport_introspection_cpp.so\n'}
[0.207696] (base_demo) StdoutLine: {'line': b'-- Up-to-date: /home/jon/ws01/install/base_demo/lib/libbase_demo__rosidl_typesupport_cpp.so\n'}
[0.207714] (base_demo) StdoutLine: {'line': b'-- Up-to-date: /home/jon/ws01/install/base_demo/share/base_demo/environment/pythonpath.sh\n'}
[0.207732] (base_demo) StdoutLine: {'line': b'-- Up-to-date: /home/jon/ws01/install/base_demo/share/base_demo/environment/pythonpath.dsv\n'}
[0.207754] (base_demo) StdoutLine: {'line': b'-- Up-to-date: /home/jon/ws01/install/base_demo/local/lib/python3.10/dist-packages/base_demo-0.0.0-py3.10.egg-info\n'}
[0.207771] (base_demo) StdoutLine: {'line': b'-- Installing: /home/jon/ws01/install/base_demo/local/lib/python3.10/dist-packages/base_demo-0.0.0-py3.10.egg-info/PKG-INFO\n'}
[0.207789] (base_demo) StdoutLine: {'line': b'-- Installing: /home/jon/ws01/install/base_demo/local/lib/python3.10/dist-packages/base_demo-0.0.0-py3.10.egg-info/SOURCES.txt\n'}
[0.207805] (base_demo) StdoutLine: {'line': b'-- Installing: /home/jon/ws01/install/base_demo/local/lib/python3.10/dist-packages/base_demo-0.0.0-py3.10.egg-info/dependency_links.txt\n'}
[0.207821] (base_demo) StdoutLine: {'line': b'-- Installing: /home/jon/ws01/install/base_demo/local/lib/python3.10/dist-packages/base_demo-0.0.0-py3.10.egg-info/top_level.txt\n'}
[0.207837] (base_demo) StdoutLine: {'line': b'-- Up-to-date: /home/jon/ws01/install/base_demo/local/lib/python3.10/dist-packages/base_demo\n'}
[0.207852] (base_demo) StdoutLine: {'line': b'-- Up-to-date: /home/jon/ws01/install/base_demo/local/lib/python3.10/dist-packages/base_demo/__init__.py\n'}
[0.207868] (base_demo) StdoutLine: {'line': b'-- Up-to-date: /home/jon/ws01/install/base_demo/local/lib/python3.10/dist-packages/base_demo/msg\n'}
[0.207884] (base_demo) StdoutLine: {'line': b'-- Up-to-date: /home/jon/ws01/install/base_demo/local/lib/python3.10/dist-packages/base_demo/msg/__init__.py\n'}
[0.207900] (base_demo) StdoutLine: {'line': b'-- Up-to-date: /home/jon/ws01/install/base_demo/local/lib/python3.10/dist-packages/base_demo/msg/_student.py\n'}
[0.207915] (base_demo) StdoutLine: {'line': b'-- Up-to-date: /home/jon/ws01/install/base_demo/local/lib/python3.10/dist-packages/base_demo/msg/_student_s.c\n'}
[0.207931] (base_demo) StdoutLine: {'line': b'-- Up-to-date: /home/jon/ws01/install/base_demo/local/lib/python3.10/dist-packages/base_demo/base_demo_s__rosidl_typesupport_introspection_c.cpython-310-x86_64-linux-gnu.so\n'}
[0.207947] (base_demo) StdoutLine: {'line': b'-- Up-to-date: /home/jon/ws01/install/base_demo/local/lib/python3.10/dist-packages/base_demo/base_demo_s__rosidl_typesupport_fastrtps_c.cpython-310-x86_64-linux-gnu.so\n'}
[0.207964] (base_demo) StdoutLine: {'line': b'-- Up-to-date: /home/jon/ws01/install/base_demo/local/lib/python3.10/dist-packages/base_demo/_base_demo_s.ep.rosidl_typesupport_c.c\n'}
[0.207980] (base_demo) StdoutLine: {'line': b'-- Up-to-date: /home/jon/ws01/install/base_demo/local/lib/python3.10/dist-packages/base_demo/_base_demo_s.ep.rosidl_typesupport_fastrtps_c.c\n'}
[0.207996] (base_demo) StdoutLine: {'line': b'-- Up-to-date: /home/jon/ws01/install/base_demo/local/lib/python3.10/dist-packages/base_demo/base_demo_s__rosidl_typesupport_c.cpython-310-x86_64-linux-gnu.so\n'}
[0.208013] (base_demo) StdoutLine: {'line': b'-- Up-to-date: /home/jon/ws01/install/base_demo/local/lib/python3.10/dist-packages/base_demo/_base_demo_s.ep.rosidl_typesupport_introspection_c.c\n'}
[0.208031] (base_demo) StdoutLine: {'line': b'-- Up-to-date: /home/jon/ws01/install/base_demo/local/lib/python3.10/dist-packages/base_demo/libbase_demo__rosidl_generator_py.so\n'}
[0.208047] (base_demo) StdoutLine: {'line': b'-- Up-to-date: /home/jon/ws01/install/base_demo/local/lib/python3.10/dist-packages/base_demo/action\n'}
[0.208066] (base_demo) StdoutLine: {'line': b'-- Up-to-date: /home/jon/ws01/install/base_demo/local/lib/python3.10/dist-packages/base_demo/action/__init__.py\n'}
[0.208083] (base_demo) StdoutLine: {'line': b'-- Up-to-date: /home/jon/ws01/install/base_demo/local/lib/python3.10/dist-packages/base_demo/action/_progress.py\n'}
[0.208099] (base_demo) StdoutLine: {'line': b'-- Up-to-date: /home/jon/ws01/install/base_demo/local/lib/python3.10/dist-packages/base_demo/action/_progress_s.c\n'}
[0.208115] (base_demo) StdoutLine: {'line': b'-- Up-to-date: /home/jon/ws01/install/base_demo/local/lib/python3.10/dist-packages/base_demo/srv\n'}
[0.208131] (base_demo) StdoutLine: {'line': b'-- Up-to-date: /home/jon/ws01/install/base_demo/local/lib/python3.10/dist-packages/base_demo/srv/__init__.py\n'}
[0.208149] (base_demo) StdoutLine: {'line': b'-- Up-to-date: /home/jon/ws01/install/base_demo/local/lib/python3.10/dist-packages/base_demo/srv/_addints.py\n'}
[0.208165] (base_demo) StdoutLine: {'line': b'-- Up-to-date: /home/jon/ws01/install/base_demo/local/lib/python3.10/dist-packages/base_demo/srv/_addints_s.c\n'}
[0.222372] (base_demo) StdoutLine: {'line': b"Listing '/home/jon/ws01/install/base_demo/local/lib/python3.10/dist-packages/base_demo'...\n"}
[0.222496] (base_demo) StdoutLine: {'line': b"Listing '/home/jon/ws01/install/base_demo/local/lib/python3.10/dist-packages/base_demo/action'...\n"}
[0.222527] (base_demo) StdoutLine: {'line': b"Listing '/home/jon/ws01/install/base_demo/local/lib/python3.10/dist-packages/base_demo/msg'...\n"}
[0.222552] (base_demo) StdoutLine: {'line': b"Listing '/home/jon/ws01/install/base_demo/local/lib/python3.10/dist-packages/base_demo/srv'...\n"}
[0.224282] (base_demo) StdoutLine: {'line': b'-- Up-to-date: /home/jon/ws01/install/base_demo/local/lib/python3.10/dist-packages/base_demo/base_demo_s__rosidl_typesupport_fastrtps_c.cpython-310-x86_64-linux-gnu.so\n'}
[0.224373] (base_demo) StdoutLine: {'line': b'-- Up-to-date: /home/jon/ws01/install/base_demo/local/lib/python3.10/dist-packages/base_demo/base_demo_s__rosidl_typesupport_introspection_c.cpython-310-x86_64-linux-gnu.so\n'}
[0.224474] (base_demo) StdoutLine: {'line': b'-- Up-to-date: /home/jon/ws01/install/base_demo/local/lib/python3.10/dist-packages/base_demo/base_demo_s__rosidl_typesupport_c.cpython-310-x86_64-linux-gnu.so\n'}
[0.224576] (base_demo) StdoutLine: {'line': b'-- Up-to-date: /home/jon/ws01/install/base_demo/lib/libbase_demo__rosidl_generator_py.so\n'}
[0.224637] (base_demo) StdoutLine: {'line': b'-- Up-to-date: /home/jon/ws01/install/base_demo/share/base_demo/rust\n'}
[0.224674] (base_demo) StdoutLine: {'line': b'-- Up-to-date: /home/jon/ws01/install/base_demo/share/base_demo/rust/Cargo.toml\n'}
[0.224731] (base_demo) StdoutLine: {'line': b'-- Up-to-date: /home/jon/ws01/install/base_demo/share/base_demo/rust/build.rs\n'}
[0.224755] (base_demo) StdoutLine: {'line': b'-- Up-to-date: /home/jon/ws01/install/base_demo/share/base_demo/rust/src\n'}
[0.224776] (base_demo) StdoutLine: {'line': b'-- Up-to-date: /home/jon/ws01/install/base_demo/share/base_demo/rust/src/msg\n'}
[0.224796] (base_demo) StdoutLine: {'line': b'-- Up-to-date: /home/jon/ws01/install/base_demo/share/base_demo/rust/src/msg/rmw.rs\n'}
[0.224815] (base_demo) StdoutLine: {'line': b'-- Up-to-date: /home/jon/ws01/install/base_demo/share/base_demo/rust/src/msg.rs\n'}
[0.224834] (base_demo) StdoutLine: {'line': b'-- Up-to-date: /home/jon/ws01/install/base_demo/share/base_demo/rust/src/action.rs\n'}
[0.224853] (base_demo) StdoutLine: {'line': b'-- Up-to-date: /home/jon/ws01/install/base_demo/share/base_demo/rust/src/lib.rs\n'}
[0.224871] (base_demo) StdoutLine: {'line': b'-- Up-to-date: /home/jon/ws01/install/base_demo/share/base_demo/rust/src/srv.rs\n'}
[0.224890] (base_demo) StdoutLine: {'line': b'-- Up-to-date: /home/jon/ws01/install/base_demo/share/base_demo/rust/src/action\n'}
[0.224930] (base_demo) StdoutLine: {'line': b'-- Up-to-date: /home/jon/ws01/install/base_demo/share/base_demo/rust/src/action/rmw.rs\n'}
[0.224978] (base_demo) StdoutLine: {'line': b'-- Up-to-date: /home/jon/ws01/install/base_demo/share/base_demo/rust/src/srv\n'}
[0.225017] (base_demo) StdoutLine: {'line': b'-- Up-to-date: /home/jon/ws01/install/base_demo/share/base_demo/rust/src/srv/rmw.rs\n'}
[0.225060] (base_demo) StdoutLine: {'line': b'-- Up-to-date: /home/jon/ws01/install/base_demo/share/base_demo/msg/Student.idl\n'}
[0.225090] (base_demo) StdoutLine: {'line': b'-- Up-to-date: /home/jon/ws01/install/base_demo/share/base_demo/srv/Addints.idl\n'}
[0.225111] (base_demo) StdoutLine: {'line': b'-- Up-to-date: /home/jon/ws01/install/base_demo/share/base_demo/action/Progress.idl\n'}
[0.225131] (base_demo) StdoutLine: {'line': b'-- Up-to-date: /home/jon/ws01/install/base_demo/share/base_demo/msg/Student.msg\n'}
[0.225153] (base_demo) StdoutLine: {'line': b'-- Up-to-date: /home/jon/ws01/install/base_demo/share/base_demo/srv/Addints.srv\n'}
[0.225183] (base_demo) StdoutLine: {'line': b'-- Up-to-date: /home/jon/ws01/install/base_demo/share/base_demo/srv/Addints_Request.msg\n'}
[0.225216] (base_demo) StdoutLine: {'line': b'-- Up-to-date: /home/jon/ws01/install/base_demo/share/base_demo/srv/Addints_Response.msg\n'}
[0.225243] (base_demo) StdoutLine: {'line': b'-- Up-to-date: /home/jon/ws01/install/base_demo/share/base_demo/action/Progress.action\n'}
[0.225282] (base_demo) StdoutLine: {'line': b'-- Up-to-date: /home/jon/ws01/install/base_demo/share/ament_index/resource_index/package_run_dependencies/base_demo\n'}
[0.225312] (base_demo) StdoutLine: {'line': b'-- Up-to-date: /home/jon/ws01/install/base_demo/share/ament_index/resource_index/parent_prefix_path/base_demo\n'}
[0.225343] (base_demo) StdoutLine: {'line': b'-- Up-to-date: /home/jon/ws01/install/base_demo/share/base_demo/environment/ament_prefix_path.sh\n'}
[0.225376] (base_demo) StdoutLine: {'line': b'-- Up-to-date: /home/jon/ws01/install/base_demo/share/base_demo/environment/ament_prefix_path.dsv\n'}
[0.225402] (base_demo) StdoutLine: {'line': b'-- Up-to-date: /home/jon/ws01/install/base_demo/share/base_demo/environment/path.sh\n'}
[0.225434] (base_demo) StdoutLine: {'line': b'-- Up-to-date: /home/jon/ws01/install/base_demo/share/base_demo/environment/path.dsv\n'}
[0.225459] (base_demo) StdoutLine: {'line': b'-- Up-to-date: /home/jon/ws01/install/base_demo/share/base_demo/local_setup.bash\n'}
[0.225492] (base_demo) StdoutLine: {'line': b'-- Up-to-date: /home/jon/ws01/install/base_demo/share/base_demo/local_setup.sh\n'}
[0.225523] (base_demo) StdoutLine: {'line': b'-- Up-to-date: /home/jon/ws01/install/base_demo/share/base_demo/local_setup.zsh\n'}
[0.225549] (base_demo) StdoutLine: {'line': b'-- Up-to-date: /home/jon/ws01/install/base_demo/share/base_demo/local_setup.dsv\n'}
[0.225580] (base_demo) StdoutLine: {'line': b'-- Installing: /home/jon/ws01/install/base_demo/share/base_demo/package.dsv\n'}
[0.225628] (base_demo) StdoutLine: {'line': b'-- Up-to-date: /home/jon/ws01/install/base_demo/share/ament_index/resource_index/packages/base_demo\n'}
[0.225664] (base_demo) StdoutLine: {'line': b'-- Up-to-date: /home/jon/ws01/install/base_demo/share/base_demo/cmake/export_base_demo__rosidl_generator_cExport.cmake\n'}
[0.225685] (base_demo) StdoutLine: {'line': b'-- Up-to-date: /home/jon/ws01/install/base_demo/share/base_demo/cmake/export_base_demo__rosidl_generator_cExport-noconfig.cmake\n'}
[0.225706] (base_demo) StdoutLine: {'line': b'-- Up-to-date: /home/jon/ws01/install/base_demo/share/base_demo/cmake/export_base_demo__rosidl_typesupport_fastrtps_cExport.cmake\n'}
[0.225725] (base_demo) StdoutLine: {'line': b'-- Up-to-date: /home/jon/ws01/install/base_demo/share/base_demo/cmake/export_base_demo__rosidl_typesupport_fastrtps_cExport-noconfig.cmake\n'}
[0.225744] (base_demo) StdoutLine: {'line': b'-- Up-to-date: /home/jon/ws01/install/base_demo/share/base_demo/cmake/base_demo__rosidl_typesupport_introspection_cExport.cmake\n'}
[0.225762] (base_demo) StdoutLine: {'line': b'-- Up-to-date: /home/jon/ws01/install/base_demo/share/base_demo/cmake/base_demo__rosidl_typesupport_introspection_cExport-noconfig.cmake\n'}
[0.225781] (base_demo) StdoutLine: {'line': b'-- Up-to-date: /home/jon/ws01/install/base_demo/share/base_demo/cmake/base_demo__rosidl_typesupport_cExport.cmake\n'}
[0.225800] (base_demo) StdoutLine: {'line': b'-- Up-to-date: /home/jon/ws01/install/base_demo/share/base_demo/cmake/base_demo__rosidl_typesupport_cExport-noconfig.cmake\n'}
[0.225819] (base_demo) StdoutLine: {'line': b'-- Up-to-date: /home/jon/ws01/install/base_demo/share/base_demo/cmake/export_base_demo__rosidl_generator_cppExport.cmake\n'}
[0.225836] (base_demo) StdoutLine: {'line': b'-- Up-to-date: /home/jon/ws01/install/base_demo/share/base_demo/cmake/export_base_demo__rosidl_typesupport_fastrtps_cppExport.cmake\n'}
[0.225857] (base_demo) StdoutLine: {'line': b'-- Up-to-date: /home/jon/ws01/install/base_demo/share/base_demo/cmake/export_base_demo__rosidl_typesupport_fastrtps_cppExport-noconfig.cmake\n'}
[0.225877] (base_demo) StdoutLine: {'line': b'-- Up-to-date: /home/jon/ws01/install/base_demo/share/base_demo/cmake/base_demo__rosidl_typesupport_introspection_cppExport.cmake\n'}
[0.225895] (base_demo) StdoutLine: {'line': b'-- Up-to-date: /home/jon/ws01/install/base_demo/share/base_demo/cmake/base_demo__rosidl_typesupport_introspection_cppExport-noconfig.cmake\n'}
[0.225913] (base_demo) StdoutLine: {'line': b'-- Up-to-date: /home/jon/ws01/install/base_demo/share/base_demo/cmake/base_demo__rosidl_typesupport_cppExport.cmake\n'}
[0.225931] (base_demo) StdoutLine: {'line': b'-- Up-to-date: /home/jon/ws01/install/base_demo/share/base_demo/cmake/base_demo__rosidl_typesupport_cppExport-noconfig.cmake\n'}
[0.225949] (base_demo) StdoutLine: {'line': b'-- Up-to-date: /home/jon/ws01/install/base_demo/share/base_demo/cmake/export_base_demo__rosidl_generator_pyExport.cmake\n'}
[0.225967] (base_demo) StdoutLine: {'line': b'-- Up-to-date: /home/jon/ws01/install/base_demo/share/base_demo/cmake/export_base_demo__rosidl_generator_pyExport-noconfig.cmake\n'}
[0.225985] (base_demo) StdoutLine: {'line': b'-- Up-to-date: /home/jon/ws01/install/base_demo/share/base_demo/cmake/rosidl_cmake-extras.cmake\n'}
[0.226004] (base_demo) StdoutLine: {'line': b'-- Up-to-date: /home/jon/ws01/install/base_demo/share/base_demo/cmake/ament_cmake_export_dependencies-extras.cmake\n'}
[0.226022] (base_demo) StdoutLine: {'line': b'-- Up-to-date: /home/jon/ws01/install/base_demo/share/base_demo/cmake/ament_cmake_export_include_directories-extras.cmake\n'}
[0.226041] (base_demo) StdoutLine: {'line': b'-- Up-to-date: /home/jon/ws01/install/base_demo/share/base_demo/cmake/ament_cmake_export_libraries-extras.cmake\n'}
[0.226062] (base_demo) StdoutLine: {'line': b'-- Up-to-date: /home/jon/ws01/install/base_demo/share/base_demo/cmake/ament_cmake_export_targets-extras.cmake\n'}
[0.226100] (base_demo) StdoutLine: {'line': b'-- Up-to-date: /home/jon/ws01/install/base_demo/share/base_demo/cmake/rosidl_cmake_export_typesupport_targets-extras.cmake\n'}
[0.226124] (base_demo) StdoutLine: {'line': b'-- Up-to-date: /home/jon/ws01/install/base_demo/share/base_demo/cmake/rosidl_cmake_export_typesupport_libraries-extras.cmake\n'}
[0.226145] (base_demo) StdoutLine: {'line': b'-- Up-to-date: /home/jon/ws01/install/base_demo/share/base_demo/cmake/rosidl_cmake_aggregate_target-extras.cmake\n'}
[0.226165] (base_demo) StdoutLine: {'line': b'-- Up-to-date: /home/jon/ws01/install/base_demo/share/base_demo/cmake/base_demoConfig.cmake\n'}
[0.226185] (base_demo) StdoutLine: {'line': b'-- Up-to-date: /home/jon/ws01/install/base_demo/share/base_demo/cmake/base_demoConfig-version.cmake\n'}
[0.226205] (base_demo) StdoutLine: {'line': b'-- Up-to-date: /home/jon/ws01/install/base_demo/share/base_demo/package.xml\n'}
[0.227564] (base_demo) CommandEnded: {'returncode': 0}
[0.244005] (base_demo) JobEnded: {'identifier': 'base_demo', 'rc': 0}
[0.245794] (cpp01_topic) JobStarted: {'identifier': 'cpp01_topic'}
[0.245867] (cpp02_service) JobStarted: {'identifier': 'cpp02_service'}
[0.247967] (cpp03_action) JobStarted: {'identifier': 'cpp03_action'}
[0.252224] (cpp01_topic) JobProgress: {'identifier': 'cpp01_topic', 'progress': 'cmake'}
[0.253049] (cpp01_topic) JobProgress: {'identifier': 'cpp01_topic', 'progress': 'build'}
[0.253702] (cpp01_topic) Command: {'cmd': ['/usr/bin/cmake', '--build', '/home/jon/ws01/build/cpp01_topic', '--', '-j24', '-l24'], 'cwd': '/home/jon/ws01/build/cpp01_topic', 'env': OrderedDict([('GJS_DEBUG_TOPICS', 'JS ERROR;JS LOG'), ('PYTHON_BASIC_REPL', '1'), ('LESSOPEN', '| /usr/bin/lesspipe %s'), ('HTTPS_PROXY', 'http://127.0.0.1:7890'), ('no_proxy', 'localhost,127.0.0.0/8,::1'), ('LANGUAGE', 'zh_CN:zh'), ('USER', 'jon'), ('all_proxy', 'socks5h://127.0.0.1:7890'), ('XDG_SESSION_TYPE', 'x11'), ('GIT_ASKPASS', '/usr/share/code/resources/app/extensions/git/dist/askpass.sh'), ('SHLVL', '1'), ('LD_LIBRARY_PATH', '/home/jon/ws01/install/base_demo/lib:/opt/ros/humble/opt/rviz_ogre_vendor/lib:/opt/ros/humble/lib/x86_64-linux-gnu:/opt/ros/humble/lib'), ('HOME', '/home/jon'), ('CHROME_DESKTOP', 'code.desktop'), ('TERM_PROGRAM_VERSION', '1.138.0'), ('DESKTOP_SESSION', 'ubuntu'), ('NO_PROXY', 'localhost,127.0.0.0/8,::1'), ('GIO_LAUNCHED_DESKTOP_FILE', '/usr/share/applications/code.desktop'), ('ROS_PYTHON_VERSION', '3'), ('GNOME_SHELL_SESSION_MODE', 'ubuntu'), ('GTK_MODULES', 'gail:atk-bridge'), ('VSCODE_GIT_ASKPASS_MAIN', '/usr/share/code/resources/app/extensions/git/dist/askpass-main.js'), ('VSCODE_GIT_ASKPASS_NODE', '/usr/share/code/code'), ('MANAGERPID', '2568'), ('PYDEVD_DISABLE_FILE_VALIDATION', '1'), ('SYSTEMD_EXEC_PID', '3026'), ('BUNDLED_DEBUGPY_PATH', '/home/jon/.vscode/extensions/ms-python.debugpy-2026.6.0-linux-x64/bundled/libs/debugpy'), ('VSCODE_PYTHON_AUTOACTIVATE_GUARD', '1'), ('DBUS_SESSION_BUS_ADDRESS', 'unix:path=/run/user/1000/bus'), ('COLORTERM', 'truecolor'), ('GIO_LAUNCHED_DESKTOP_FILE_PID', '3848'), ('https_proxy', 'http://127.0.0.1:7890'), ('COLCON_PREFIX_PATH', '/home/jon/ws01/install:/home/jon/ros2_ws/install'), ('ROS_DISTRO', 'humble'), ('GTK_IM_MODULE', 'ibus'), ('LOGNAME', 'jon'), ('ALL_PROXY', 'socks5h://127.0.0.1:7890'), ('http_proxy', 'http://127.0.0.1:7890'), ('JOURNAL_STREAM', '8:33814'), ('_', '/usr/bin/colcon'), ('ROS_VERSION', '2'), ('XDG_SESSION_CLASS', 'user'), ('USERNAME', 'jon'), ('TERM', 'xterm-256color'), ('GNOME_DESKTOP_SESSION_ID', 'this-is-deprecated'), ('FC_FONTATIONS', '1'), ('ROS_LOCALHOST_ONLY', '0'), ('WINDOWPATH', '2'), ('PATH', '/home/jon/.config/Code/User/globalStorage/github.copilot-chat/debugCommand:/home/jon/.config/Code/User/globalStorage/github.copilot-chat/copilotCli:/home/jon/.local/bin:/opt/ros/humble/bin:/home/jon/.local/bin:/usr/local/sbin:/usr/local/bin:/usr/sbin:/usr/bin:/sbin:/bin:/usr/games:/usr/local/games:/snap/bin:/snap/bin:/home/jon/.vscode/extensions/ms-python.debugpy-2026.6.0-linux-x64/bundled/scripts/noConfigScripts'), ('SESSION_MANAGER', 'local/WJ:@/tmp/.ICE-unix/3003,unix/WJ:/tmp/.ICE-unix/3003'), ('INVOCATION_ID', 'fb0f1f0f5f0247d4926696ef298ae583'), ('XDG_MENU_PREFIX', 'gnome-'), ('XDG_RUNTIME_DIR', '/run/user/1000'), ('GDK_BACKEND', 'x11'), ('DISPLAY', ':0'), ('VSCODE_DEBUGPY_ADAPTER_ENDPOINTS', '/home/jon/.vscode/extensions/ms-python.debugpy-2026.6.0-linux-x64/.noConfigDebugAdapterEndpoints/endpoint-a931eca1407cc38f.txt'), ('LANG', 'zh_CN.UTF-8'), ('XDG_CURRENT_DESKTOP', 'ubuntu:GNOME'), ('PYTHONSTARTUP', '/home/jon/.config/Code/User/workspaceStorage/1f60e15f81795b7429f56f0c0e99fe64/ms-python.python/pythonrc.py'), ('XMODIFIERS', '@im=ibus'), ('XDG_SESSION_DESKTOP', 'ubuntu'), ('XAUTHORITY', '/run/user/1000/gdm/Xauthority'), ('LS_COLORS', 'rs=0:di=01;34:ln=01;36:mh=00:pi=40;33:so=01;35:do=01;35:bd=40;33;01:cd=40;33;01:or=40;31;01:mi=00:su=37;41:sg=30;43:ca=30;41:tw=30;42:ow=34;42:st=37;44:ex=01;32:*.tar=01;31:*.tgz=01;31:*.arc=01;31:*.arj=01;31:*.taz=01;31:*.lha=01;31:*.lz4=01;31:*.lzh=01;31:*.lzma=01;31:*.tlz=01;31:*.txz=01;31:*.tzo=01;31:*.t7z=01;31:*.zip=01;31:*.z=01;31:*.dz=01;31:*.gz=01;31:*.lrz=01;31:*.lz=01;31:*.lzo=01;31:*.xz=01;31:*.zst=01;31:*.tzst=01;31:*.bz2=01;31:*.bz=01;31:*.tbz=01;31:*.tbz2=01;31:*.tz=01;31:*.deb=01;31:*.rpm=01;31:*.jar=01;31:*.war=01;31:*.ear=01;31:*.sar=01;31:*.rar=01;31:*.alz=01;31:*.ace=01;31:*.zoo=01;31:*.cpio=01;31:*.7z=01;31:*.rz=01;31:*.cab=01;31:*.wim=01;31:*.swm=01;31:*.dwm=01;31:*.esd=01;31:*.jpg=01;35:*.jpeg=01;35:*.mjpg=01;35:*.mjpeg=01;35:*.gif=01;35:*.bmp=01;35:*.pbm=01;35:*.pgm=01;35:*.ppm=01;35:*.tga=01;35:*.xbm=01;35:*.xpm=01;35:*.tif=01;35:*.tiff=01;35:*.png=01;35:*.svg=01;35:*.svgz=01;35:*.mng=01;35:*.pcx=01;35:*.mov=01;35:*.mpg=01;35:*.mpeg=01;35:*.m2v=01;35:*.mkv=01;35:*.webm=01;35:*.webp=01;35:*.ogm=01;35:*.mp4=01;35:*.m4v=01;35:*.mp4v=01;35:*.vob=01;35:*.qt=01;35:*.nuv=01;35:*.wmv=01;35:*.asf=01;35:*.rm=01;35:*.rmvb=01;35:*.flc=01;35:*.avi=01;35:*.fli=01;35:*.flv=01;35:*.gl=01;35:*.dl=01;35:*.xcf=01;35:*.xwd=01;35:*.yuv=01;35:*.cgm=01;35:*.emf=01;35:*.ogv=01;35:*.ogx=01;35:*.aac=00;36:*.au=00;36:*.flac=00;36:*.m4a=00;36:*.mid=00;36:*.midi=00;36:*.mka=00;36:*.mp3=00;36:*.mpc=00;36:*.ogg=00;36:*.ra=00;36:*.wav=00;36:*.oga=00;36:*.opus=00;36:*.spx=00;36:*.xspf=00;36:'), ('VSCODE_GIT_IPC_HANDLE', '/run/user/1000/vscode-git-81883a5c4f.sock'), ('TERM_PROGRAM', 'vscode'), ('SSH_AGENT_LAUNCHER', 'gnome-keyring'), ('SSH_AUTH_SOCK', '/run/user/1000/keyring/ssh'), ('AMENT_PREFIX_PATH', '/home/jon/ws01/install/cpp03_action:/home/jon/ws01/install/cpp02_service:/home/jon/ws01/install/cpp01_topic:/home/jon/ws01/install/base_demo:/home/jon/ros2_ws/install/hellovscode_cpp:/home/jon/ros2_ws/install/hello_cpp:/opt/ros/humble'), ('SHELL', '/bin/bash'), ('QT_ACCESSIBILITY', '1'), ('GDMSESSION', 'ubuntu'), ('LESSCLOSE', '/usr/bin/lesspipe %s %s'), ('GPG_AGENT_INFO', '/run/user/1000/gnupg/S.gpg-agent:0:1'), ('GJS_DEBUG_OUTPUT', 'stderr'), ('VSCODE_GIT_ASKPASS_EXTRA_ARGS', ''), ('QT_IM_MODULE', 'ibus'), ('PWD', '/home/jon/ws01/build/cpp01_topic'), ('XDG_CONFIG_DIRS', '/etc/xdg/xdg-ubuntu:/etc/xdg'), ('COPILOT_DEBUG_NONCE', '20fc3c0b33e88ebaf2914c4d51f59b28'), ('XDG_DATA_DIRS', '/usr/share/ubuntu:/usr/share/gnome:/usr/local/share/:/usr/share/:/var/lib/snapd/desktop'), ('PYTHONPATH', '/home/jon/ws01/install/base_demo/local/lib/python3.10/dist-packages:/opt/ros/humble/lib/python3.10/site-packages:/opt/ros/humble/local/lib/python3.10/dist-packages'), ('HTTP_PROXY', 'http://127.0.0.1:7890'), ('COLCON', '1'), ('CMAKE_PREFIX_PATH', '/home/jon/ws01/install/base_demo:/home/jon/ws01/install/cpp03_action:/home/jon/ws01/install/cpp02_service:/home/jon/ws01/install/cpp01_topic:/home/jon/ros2_ws/install/hellovscode_cpp:/home/jon/ros2_ws/install/hello_cpp:/opt/ros/humble')]), 'shell': False}
[0.254489] (cpp02_service) JobProgress: {'identifier': 'cpp02_service', 'progress': 'cmake'}
[0.254810] (cpp02_service) JobProgress: {'identifier': 'cpp02_service', 'progress': 'build'}
[0.255426] (cpp02_service) Command: {'cmd': ['/usr/bin/cmake', '--build', '/home/jon/ws01/build/cpp02_service', '--', '-j24', '-l24'], 'cwd': '/home/jon/ws01/build/cpp02_service', 'env': OrderedDict([('GJS_DEBUG_TOPICS', 'JS ERROR;JS LOG'), ('PYTHON_BASIC_REPL', '1'), ('LESSOPEN', '| /usr/bin/lesspipe %s'), ('HTTPS_PROXY', 'http://127.0.0.1:7890'), ('no_proxy', 'localhost,127.0.0.0/8,::1'), ('LANGUAGE', 'zh_CN:zh'), ('USER', 'jon'), ('all_proxy', 'socks5h://127.0.0.1:7890'), ('XDG_SESSION_TYPE', 'x11'), ('GIT_ASKPASS', '/usr/share/code/resources/app/extensions/git/dist/askpass.sh'), ('SHLVL', '1'), ('LD_LIBRARY_PATH', '/home/jon/ws01/install/base_demo/lib:/opt/ros/humble/opt/rviz_ogre_vendor/lib:/opt/ros/humble/lib/x86_64-linux-gnu:/opt/ros/humble/lib'), ('HOME', '/home/jon'), ('CHROME_DESKTOP', 'code.desktop'), ('TERM_PROGRAM_VERSION', '1.138.0'), ('DESKTOP_SESSION', 'ubuntu'), ('NO_PROXY', 'localhost,127.0.0.0/8,::1'), ('GIO_LAUNCHED_DESKTOP_FILE', '/usr/share/applications/code.desktop'), ('ROS_PYTHON_VERSION', '3'), ('GNOME_SHELL_SESSION_MODE', 'ubuntu'), ('GTK_MODULES', 'gail:atk-bridge'), ('VSCODE_GIT_ASKPASS_MAIN', '/usr/share/code/resources/app/extensions/git/dist/askpass-main.js'), ('VSCODE_GIT_ASKPASS_NODE', '/usr/share/code/code'), ('MANAGERPID', '2568'), ('PYDEVD_DISABLE_FILE_VALIDATION', '1'), ('SYSTEMD_EXEC_PID', '3026'), ('BUNDLED_DEBUGPY_PATH', '/home/jon/.vscode/extensions/ms-python.debugpy-2026.6.0-linux-x64/bundled/libs/debugpy'), ('VSCODE_PYTHON_AUTOACTIVATE_GUARD', '1'), ('DBUS_SESSION_BUS_ADDRESS', 'unix:path=/run/user/1000/bus'), ('COLORTERM', 'truecolor'), ('GIO_LAUNCHED_DESKTOP_FILE_PID', '3848'), ('https_proxy', 'http://127.0.0.1:7890'), ('COLCON_PREFIX_PATH', '/home/jon/ws01/install:/home/jon/ros2_ws/install'), ('ROS_DISTRO', 'humble'), ('GTK_IM_MODULE', 'ibus'), ('LOGNAME', 'jon'), ('ALL_PROXY', 'socks5h://127.0.0.1:7890'), ('http_proxy', 'http://127.0.0.1:7890'), ('JOURNAL_STREAM', '8:33814'), ('_', '/usr/bin/colcon'), ('ROS_VERSION', '2'), ('XDG_SESSION_CLASS', 'user'), ('USERNAME', 'jon'), ('TERM', 'xterm-256color'), ('GNOME_DESKTOP_SESSION_ID', 'this-is-deprecated'), ('FC_FONTATIONS', '1'), ('ROS_LOCALHOST_ONLY', '0'), ('WINDOWPATH', '2'), ('PATH', '/home/jon/.config/Code/User/globalStorage/github.copilot-chat/debugCommand:/home/jon/.config/Code/User/globalStorage/github.copilot-chat/copilotCli:/home/jon/.local/bin:/opt/ros/humble/bin:/home/jon/.local/bin:/usr/local/sbin:/usr/local/bin:/usr/sbin:/usr/bin:/sbin:/bin:/usr/games:/usr/local/games:/snap/bin:/snap/bin:/home/jon/.vscode/extensions/ms-python.debugpy-2026.6.0-linux-x64/bundled/scripts/noConfigScripts'), ('SESSION_MANAGER', 'local/WJ:@/tmp/.ICE-unix/3003,unix/WJ:/tmp/.ICE-unix/3003'), ('INVOCATION_ID', 'fb0f1f0f5f0247d4926696ef298ae583'), ('XDG_MENU_PREFIX', 'gnome-'), ('XDG_RUNTIME_DIR', '/run/user/1000'), ('GDK_BACKEND', 'x11'), ('DISPLAY', ':0'), ('VSCODE_DEBUGPY_ADAPTER_ENDPOINTS', '/home/jon/.vscode/extensions/ms-python.debugpy-2026.6.0-linux-x64/.noConfigDebugAdapterEndpoints/endpoint-a931eca1407cc38f.txt'), ('LANG', 'zh_CN.UTF-8'), ('XDG_CURRENT_DESKTOP', 'ubuntu:GNOME'), ('PYTHONSTARTUP', '/home/jon/.config/Code/User/workspaceStorage/1f60e15f81795b7429f56f0c0e99fe64/ms-python.python/pythonrc.py'), ('XMODIFIERS', '@im=ibus'), ('XDG_SESSION_DESKTOP', 'ubuntu'), ('XAUTHORITY', '/run/user/1000/gdm/Xauthority'), ('LS_COLORS', 'rs=0:di=01;34:ln=01;36:mh=00:pi=40;33:so=01;35:do=01;35:bd=40;33;01:cd=40;33;01:or=40;31;01:mi=00:su=37;41:sg=30;43:ca=30;41:tw=30;42:ow=34;42:st=37;44:ex=01;32:*.tar=01;31:*.tgz=01;31:*.arc=01;31:*.arj=01;31:*.taz=01;31:*.lha=01;31:*.lz4=01;31:*.lzh=01;31:*.lzma=01;31:*.tlz=01;31:*.txz=01;31:*.tzo=01;31:*.t7z=01;31:*.zip=01;31:*.z=01;31:*.dz=01;31:*.gz=01;31:*.lrz=01;31:*.lz=01;31:*.lzo=01;31:*.xz=01;31:*.zst=01;31:*.tzst=01;31:*.bz2=01;31:*.bz=01;31:*.tbz=01;31:*.tbz2=01;31:*.tz=01;31:*.deb=01;31:*.rpm=01;31:*.jar=01;31:*.war=01;31:*.ear=01;31:*.sar=01;31:*.rar=01;31:*.alz=01;31:*.ace=01;31:*.zoo=01;31:*.cpio=01;31:*.7z=01;31:*.rz=01;31:*.cab=01;31:*.wim=01;31:*.swm=01;31:*.dwm=01;31:*.esd=01;31:*.jpg=01;35:*.jpeg=01;35:*.mjpg=01;35:*.mjpeg=01;35:*.gif=01;35:*.bmp=01;35:*.pbm=01;35:*.pgm=01;35:*.ppm=01;35:*.tga=01;35:*.xbm=01;35:*.xpm=01;35:*.tif=01;35:*.tiff=01;35:*.png=01;35:*.svg=01;35:*.svgz=01;35:*.mng=01;35:*.pcx=01;35:*.mov=01;35:*.mpg=01;35:*.mpeg=01;35:*.m2v=01;35:*.mkv=01;35:*.webm=01;35:*.webp=01;35:*.ogm=01;35:*.mp4=01;35:*.m4v=01;35:*.mp4v=01;35:*.vob=01;35:*.qt=01;35:*.nuv=01;35:*.wmv=01;35:*.asf=01;35:*.rm=01;35:*.rmvb=01;35:*.flc=01;35:*.avi=01;35:*.fli=01;35:*.flv=01;35:*.gl=01;35:*.dl=01;35:*.xcf=01;35:*.xwd=01;35:*.yuv=01;35:*.cgm=01;35:*.emf=01;35:*.ogv=01;35:*.ogx=01;35:*.aac=00;36:*.au=00;36:*.flac=00;36:*.m4a=00;36:*.mid=00;36:*.midi=00;36:*.mka=00;36:*.mp3=00;36:*.mpc=00;36:*.ogg=00;36:*.ra=00;36:*.wav=00;36:*.oga=00;36:*.opus=00;36:*.spx=00;36:*.xspf=00;36:'), ('VSCODE_GIT_IPC_HANDLE', '/run/user/1000/vscode-git-81883a5c4f.sock'), ('TERM_PROGRAM', 'vscode'), ('SSH_AGENT_LAUNCHER', 'gnome-keyring'), ('SSH_AUTH_SOCK', '/run/user/1000/keyring/ssh'), ('AMENT_PREFIX_PATH', '/home/jon/ws01/install/cpp03_action:/home/jon/ws01/install/cpp02_service:/home/jon/ws01/install/cpp01_topic:/home/jon/ws01/install/base_demo:/home/jon/ros2_ws/install/hellovscode_cpp:/home/jon/ros2_ws/install/hello_cpp:/opt/ros/humble'), ('SHELL', '/bin/bash'), ('QT_ACCESSIBILITY', '1'), ('GDMSESSION', 'ubuntu'), ('LESSCLOSE', '/usr/bin/lesspipe %s %s'), ('GPG_AGENT_INFO', '/run/user/1000/gnupg/S.gpg-agent:0:1'), ('GJS_DEBUG_OUTPUT', 'stderr'), ('VSCODE_GIT_ASKPASS_EXTRA_ARGS', ''), ('QT_IM_MODULE', 'ibus'), ('PWD', '/home/jon/ws01/build/cpp02_service'), ('XDG_CONFIG_DIRS', '/etc/xdg/xdg-ubuntu:/etc/xdg'), ('COPILOT_DEBUG_NONCE', '20fc3c0b33e88ebaf2914c4d51f59b28'), ('XDG_DATA_DIRS', '/usr/share/ubuntu:/usr/share/gnome:/usr/local/share/:/usr/share/:/var/lib/snapd/desktop'), ('PYTHONPATH', '/home/jon/ws01/install/base_demo/local/lib/python3.10/dist-packages:/opt/ros/humble/lib/python3.10/site-packages:/opt/ros/humble/local/lib/python3.10/dist-packages'), ('HTTP_PROXY', 'http://127.0.0.1:7890'), ('COLCON', '1'), ('CMAKE_PREFIX_PATH', '/home/jon/ws01/install/base_demo:/home/jon/ws01/install/cpp03_action:/home/jon/ws01/install/cpp02_service:/home/jon/ws01/install/cpp01_topic:/home/jon/ros2_ws/install/hellovscode_cpp:/home/jon/ros2_ws/install/hello_cpp:/opt/ros/humble')]), 'shell': False}
[0.259230] (cpp03_action) JobProgress: {'identifier': 'cpp03_action', 'progress': 'cmake'}
[0.260424] (cpp03_action) JobProgress: {'identifier': 'cpp03_action', 'progress': 'build'}
[0.260589] (cpp03_action) Command: {'cmd': ['/usr/bin/cmake', '--build', '/home/jon/ws01/build/cpp03_action', '--', '-j24', '-l24'], 'cwd': '/home/jon/ws01/build/cpp03_action', 'env': OrderedDict([('GJS_DEBUG_TOPICS', 'JS ERROR;JS LOG'), ('PYTHON_BASIC_REPL', '1'), ('LESSOPEN', '| /usr/bin/lesspipe %s'), ('HTTPS_PROXY', 'http://127.0.0.1:7890'), ('no_proxy', 'localhost,127.0.0.0/8,::1'), ('LANGUAGE', 'zh_CN:zh'), ('USER', 'jon'), ('all_proxy', 'socks5h://127.0.0.1:7890'), ('XDG_SESSION_TYPE', 'x11'), ('GIT_ASKPASS', '/usr/share/code/resources/app/extensions/git/dist/askpass.sh'), ('SHLVL', '1'), ('LD_LIBRARY_PATH', '/home/jon/ws01/install/base_demo/lib:/opt/ros/humble/opt/rviz_ogre_vendor/lib:/opt/ros/humble/lib/x86_64-linux-gnu:/opt/ros/humble/lib'), ('HOME', '/home/jon'), ('CHROME_DESKTOP', 'code.desktop'), ('TERM_PROGRAM_VERSION', '1.138.0'), ('DESKTOP_SESSION', 'ubuntu'), ('NO_PROXY', 'localhost,127.0.0.0/8,::1'), ('GIO_LAUNCHED_DESKTOP_FILE', '/usr/share/applications/code.desktop'), ('ROS_PYTHON_VERSION', '3'), ('GNOME_SHELL_SESSION_MODE', 'ubuntu'), ('GTK_MODULES', 'gail:atk-bridge'), ('VSCODE_GIT_ASKPASS_MAIN', '/usr/share/code/resources/app/extensions/git/dist/askpass-main.js'), ('VSCODE_GIT_ASKPASS_NODE', '/usr/share/code/code'), ('MANAGERPID', '2568'), ('PYDEVD_DISABLE_FILE_VALIDATION', '1'), ('SYSTEMD_EXEC_PID', '3026'), ('BUNDLED_DEBUGPY_PATH', '/home/jon/.vscode/extensions/ms-python.debugpy-2026.6.0-linux-x64/bundled/libs/debugpy'), ('VSCODE_PYTHON_AUTOACTIVATE_GUARD', '1'), ('DBUS_SESSION_BUS_ADDRESS', 'unix:path=/run/user/1000/bus'), ('COLORTERM', 'truecolor'), ('GIO_LAUNCHED_DESKTOP_FILE_PID', '3848'), ('https_proxy', 'http://127.0.0.1:7890'), ('COLCON_PREFIX_PATH', '/home/jon/ws01/install:/home/jon/ros2_ws/install'), ('ROS_DISTRO', 'humble'), ('GTK_IM_MODULE', 'ibus'), ('LOGNAME', 'jon'), ('ALL_PROXY', 'socks5h://127.0.0.1:7890'), ('http_proxy', 'http://127.0.0.1:7890'), ('JOURNAL_STREAM', '8:33814'), ('_', '/usr/bin/colcon'), ('ROS_VERSION', '2'), ('XDG_SESSION_CLASS', 'user'), ('USERNAME', 'jon'), ('TERM', 'xterm-256color'), ('GNOME_DESKTOP_SESSION_ID', 'this-is-deprecated'), ('FC_FONTATIONS', '1'), ('ROS_LOCALHOST_ONLY', '0'), ('WINDOWPATH', '2'), ('PATH', '/home/jon/.config/Code/User/globalStorage/github.copilot-chat/debugCommand:/home/jon/.config/Code/User/globalStorage/github.copilot-chat/copilotCli:/home/jon/.local/bin:/opt/ros/humble/bin:/home/jon/.local/bin:/usr/local/sbin:/usr/local/bin:/usr/sbin:/usr/bin:/sbin:/bin:/usr/games:/usr/local/games:/snap/bin:/snap/bin:/home/jon/.vscode/extensions/ms-python.debugpy-2026.6.0-linux-x64/bundled/scripts/noConfigScripts'), ('SESSION_MANAGER', 'local/WJ:@/tmp/.ICE-unix/3003,unix/WJ:/tmp/.ICE-unix/3003'), ('INVOCATION_ID', 'fb0f1f0f5f0247d4926696ef298ae583'), ('XDG_MENU_PREFIX', 'gnome-'), ('XDG_RUNTIME_DIR', '/run/user/1000'), ('GDK_BACKEND', 'x11'), ('DISPLAY', ':0'), ('VSCODE_DEBUGPY_ADAPTER_ENDPOINTS', '/home/jon/.vscode/extensions/ms-python.debugpy-2026.6.0-linux-x64/.noConfigDebugAdapterEndpoints/endpoint-a931eca1407cc38f.txt'), ('LANG', 'zh_CN.UTF-8'), ('XDG_CURRENT_DESKTOP', 'ubuntu:GNOME'), ('PYTHONSTARTUP', '/home/jon/.config/Code/User/workspaceStorage/1f60e15f81795b7429f56f0c0e99fe64/ms-python.python/pythonrc.py'), ('XMODIFIERS', '@im=ibus'), ('XDG_SESSION_DESKTOP', 'ubuntu'), ('XAUTHORITY', '/run/user/1000/gdm/Xauthority'), ('LS_COLORS', 'rs=0:di=01;34:ln=01;36:mh=00:pi=40;33:so=01;35:do=01;35:bd=40;33;01:cd=40;33;01:or=40;31;01:mi=00:su=37;41:sg=30;43:ca=30;41:tw=30;42:ow=34;42:st=37;44:ex=01;32:*.tar=01;31:*.tgz=01;31:*.arc=01;31:*.arj=01;31:*.taz=01;31:*.lha=01;31:*.lz4=01;31:*.lzh=01;31:*.lzma=01;31:*.tlz=01;31:*.txz=01;31:*.tzo=01;31:*.t7z=01;31:*.zip=01;31:*.z=01;31:*.dz=01;31:*.gz=01;31:*.lrz=01;31:*.lz=01;31:*.lzo=01;31:*.xz=01;31:*.zst=01;31:*.tzst=01;31:*.bz2=01;31:*.bz=01;31:*.tbz=01;31:*.tbz2=01;31:*.tz=01;31:*.deb=01;31:*.rpm=01;31:*.jar=01;31:*.war=01;31:*.ear=01;31:*.sar=01;31:*.rar=01;31:*.alz=01;31:*.ace=01;31:*.zoo=01;31:*.cpio=01;31:*.7z=01;31:*.rz=01;31:*.cab=01;31:*.wim=01;31:*.swm=01;31:*.dwm=01;31:*.esd=01;31:*.jpg=01;35:*.jpeg=01;35:*.mjpg=01;35:*.mjpeg=01;35:*.gif=01;35:*.bmp=01;35:*.pbm=01;35:*.pgm=01;35:*.ppm=01;35:*.tga=01;35:*.xbm=01;35:*.xpm=01;35:*.tif=01;35:*.tiff=01;35:*.png=01;35:*.svg=01;35:*.svgz=01;35:*.mng=01;35:*.pcx=01;35:*.mov=01;35:*.mpg=01;35:*.mpeg=01;35:*.m2v=01;35:*.mkv=01;35:*.webm=01;35:*.webp=01;35:*.ogm=01;35:*.mp4=01;35:*.m4v=01;35:*.mp4v=01;35:*.vob=01;35:*.qt=01;35:*.nuv=01;35:*.wmv=01;35:*.asf=01;35:*.rm=01;35:*.rmvb=01;35:*.flc=01;35:*.avi=01;35:*.fli=01;35:*.flv=01;35:*.gl=01;35:*.dl=01;35:*.xcf=01;35:*.xwd=01;35:*.yuv=01;35:*.cgm=01;35:*.emf=01;35:*.ogv=01;35:*.ogx=01;35:*.aac=00;36:*.au=00;36:*.flac=00;36:*.m4a=00;36:*.mid=00;36:*.midi=00;36:*.mka=00;36:*.mp3=00;36:*.mpc=00;36:*.ogg=00;36:*.ra=00;36:*.wav=00;36:*.oga=00;36:*.opus=00;36:*.spx=00;36:*.xspf=00;36:'), ('VSCODE_GIT_IPC_HANDLE', '/run/user/1000/vscode-git-81883a5c4f.sock'), ('TERM_PROGRAM', 'vscode'), ('SSH_AGENT_LAUNCHER', 'gnome-keyring'), ('SSH_AUTH_SOCK', '/run/user/1000/keyring/ssh'), ('AMENT_PREFIX_PATH', '/home/jon/ws01/install/cpp03_action:/home/jon/ws01/install/cpp02_service:/home/jon/ws01/install/cpp01_topic:/home/jon/ws01/install/base_demo:/home/jon/ros2_ws/install/hellovscode_cpp:/home/jon/ros2_ws/install/hello_cpp:/opt/ros/humble'), ('SHELL', '/bin/bash'), ('QT_ACCESSIBILITY', '1'), ('GDMSESSION', 'ubuntu'), ('LESSCLOSE', '/usr/bin/lesspipe %s %s'), ('GPG_AGENT_INFO', '/run/user/1000/gnupg/S.gpg-agent:0:1'), ('GJS_DEBUG_OUTPUT', 'stderr'), ('VSCODE_GIT_ASKPASS_EXTRA_ARGS', ''), ('QT_IM_MODULE', 'ibus'), ('PWD', '/home/jon/ws01/build/cpp03_action'), ('XDG_CONFIG_DIRS', '/etc/xdg/xdg-ubuntu:/etc/xdg'), ('COPILOT_DEBUG_NONCE', '20fc3c0b33e88ebaf2914c4d51f59b28'), ('XDG_DATA_DIRS', '/usr/share/ubuntu:/usr/share/gnome:/usr/local/share/:/usr/share/:/var/lib/snapd/desktop'), ('PYTHONPATH', '/home/jon/ws01/install/base_demo/local/lib/python3.10/dist-packages:/opt/ros/humble/lib/python3.10/site-packages:/opt/ros/humble/local/lib/python3.10/dist-packages'), ('HTTP_PROXY', 'http://127.0.0.1:7890'), ('COLCON', '1'), ('CMAKE_PREFIX_PATH', '/home/jon/ws01/install/base_demo:/home/jon/ws01/install/cpp03_action:/home/jon/ws01/install/cpp02_service:/home/jon/ws01/install/cpp01_topic:/home/jon/ros2_ws/install/hellovscode_cpp:/home/jon/ros2_ws/install/hello_cpp:/opt/ros/humble')]), 'shell': False}
[0.296739] (cpp03_action) StdoutLine: {'line': b'\x1b[35m\x1b[1mConsolidate compiler generated dependencies of target demo02_client\x1b[0m\n'}
[0.296907] (cpp02_service) StdoutLine: {'line': b'[ 50%] Built target demo01_server\n'}
[0.297575] (cpp01_topic) StdoutLine: {'line': b'[ 25%] Built target demo01_talker\n'}
[0.297695] (cpp01_topic) StdoutLine: {'line': b'[ 50%] Built target demo02_listener\n'}
[0.297786] (cpp01_topic) StdoutLine: {'line': b'[ 75%] Built target demo04_listener\n'}
[0.297873] (cpp02_service) StdoutLine: {'line': b'[100%] Built target demo02_client\n'}
[0.299549] (-) TimerEvent: {}
[0.300689] (cpp01_topic) StdoutLine: {'line': b'[100%] Built target demo03_talker\n'}
[0.304068] (cpp02_service) CommandEnded: {'returncode': 0}
[0.304427] (cpp03_action) StdoutLine: {'line': b'[ 50%] Built target demo01_server\n'}
[0.304766] (cpp02_service) JobProgress: {'identifier': 'cpp02_service', 'progress': 'install'}
[0.305324] (cpp02_service) Command: {'cmd': ['/usr/bin/cmake', '--install', '/home/jon/ws01/build/cpp02_service'], 'cwd': '/home/jon/ws01/build/cpp02_service', 'env': OrderedDict([('GJS_DEBUG_TOPICS', 'JS ERROR;JS LOG'), ('PYTHON_BASIC_REPL', '1'), ('LESSOPEN', '| /usr/bin/lesspipe %s'), ('HTTPS_PROXY', 'http://127.0.0.1:7890'), ('no_proxy', 'localhost,127.0.0.0/8,::1'), ('LANGUAGE', 'zh_CN:zh'), ('USER', 'jon'), ('all_proxy', 'socks5h://127.0.0.1:7890'), ('XDG_SESSION_TYPE', 'x11'), ('GIT_ASKPASS', '/usr/share/code/resources/app/extensions/git/dist/askpass.sh'), ('SHLVL', '1'), ('LD_LIBRARY_PATH', '/home/jon/ws01/install/base_demo/lib:/opt/ros/humble/opt/rviz_ogre_vendor/lib:/opt/ros/humble/lib/x86_64-linux-gnu:/opt/ros/humble/lib'), ('HOME', '/home/jon'), ('CHROME_DESKTOP', 'code.desktop'), ('TERM_PROGRAM_VERSION', '1.138.0'), ('DESKTOP_SESSION', 'ubuntu'), ('NO_PROXY', 'localhost,127.0.0.0/8,::1'), ('GIO_LAUNCHED_DESKTOP_FILE', '/usr/share/applications/code.desktop'), ('ROS_PYTHON_VERSION', '3'), ('GNOME_SHELL_SESSION_MODE', 'ubuntu'), ('GTK_MODULES', 'gail:atk-bridge'), ('VSCODE_GIT_ASKPASS_MAIN', '/usr/share/code/resources/app/extensions/git/dist/askpass-main.js'), ('VSCODE_GIT_ASKPASS_NODE', '/usr/share/code/code'), ('MANAGERPID', '2568'), ('PYDEVD_DISABLE_FILE_VALIDATION', '1'), ('SYSTEMD_EXEC_PID', '3026'), ('BUNDLED_DEBUGPY_PATH', '/home/jon/.vscode/extensions/ms-python.debugpy-2026.6.0-linux-x64/bundled/libs/debugpy'), ('VSCODE_PYTHON_AUTOACTIVATE_GUARD', '1'), ('DBUS_SESSION_BUS_ADDRESS', 'unix:path=/run/user/1000/bus'), ('COLORTERM', 'truecolor'), ('GIO_LAUNCHED_DESKTOP_FILE_PID', '3848'), ('https_proxy', 'http://127.0.0.1:7890'), ('COLCON_PREFIX_PATH', '/home/jon/ws01/install:/home/jon/ros2_ws/install'), ('ROS_DISTRO', 'humble'), ('GTK_IM_MODULE', 'ibus'), ('LOGNAME', 'jon'), ('ALL_PROXY', 'socks5h://127.0.0.1:7890'), ('http_proxy', 'http://127.0.0.1:7890'), ('JOURNAL_STREAM', '8:33814'), ('_', '/usr/bin/colcon'), ('ROS_VERSION', '2'), ('XDG_SESSION_CLASS', 'user'), ('USERNAME', 'jon'), ('TERM', 'xterm-256color'), ('GNOME_DESKTOP_SESSION_ID', 'this-is-deprecated'), ('FC_FONTATIONS', '1'), ('ROS_LOCALHOST_ONLY', '0'), ('WINDOWPATH', '2'), ('PATH', '/home/jon/.config/Code/User/globalStorage/github.copilot-chat/debugCommand:/home/jon/.config/Code/User/globalStorage/github.copilot-chat/copilotCli:/home/jon/.local/bin:/opt/ros/humble/bin:/home/jon/.local/bin:/usr/local/sbin:/usr/local/bin:/usr/sbin:/usr/bin:/sbin:/bin:/usr/games:/usr/local/games:/snap/bin:/snap/bin:/home/jon/.vscode/extensions/ms-python.debugpy-2026.6.0-linux-x64/bundled/scripts/noConfigScripts'), ('SESSION_MANAGER', 'local/WJ:@/tmp/.ICE-unix/3003,unix/WJ:/tmp/.ICE-unix/3003'), ('INVOCATION_ID', 'fb0f1f0f5f0247d4926696ef298ae583'), ('XDG_MENU_PREFIX', 'gnome-'), ('XDG_RUNTIME_DIR', '/run/user/1000'), ('GDK_BACKEND', 'x11'), ('DISPLAY', ':0'), ('VSCODE_DEBUGPY_ADAPTER_ENDPOINTS', '/home/jon/.vscode/extensions/ms-python.debugpy-2026.6.0-linux-x64/.noConfigDebugAdapterEndpoints/endpoint-a931eca1407cc38f.txt'), ('LANG', 'zh_CN.UTF-8'), ('XDG_CURRENT_DESKTOP', 'ubuntu:GNOME'), ('PYTHONSTARTUP', '/home/jon/.config/Code/User/workspaceStorage/1f60e15f81795b7429f56f0c0e99fe64/ms-python.python/pythonrc.py'), ('XMODIFIERS', '@im=ibus'), ('XDG_SESSION_DESKTOP', 'ubuntu'), ('XAUTHORITY', '/run/user/1000/gdm/Xauthority'), ('LS_COLORS', 'rs=0:di=01;34:ln=01;36:mh=00:pi=40;33:so=01;35:do=01;35:bd=40;33;01:cd=40;33;01:or=40;31;01:mi=00:su=37;41:sg=30;43:ca=30;41:tw=30;42:ow=34;42:st=37;44:ex=01;32:*.tar=01;31:*.tgz=01;31:*.arc=01;31:*.arj=01;31:*.taz=01;31:*.lha=01;31:*.lz4=01;31:*.lzh=01;31:*.lzma=01;31:*.tlz=01;31:*.txz=01;31:*.tzo=01;31:*.t7z=01;31:*.zip=01;31:*.z=01;31:*.dz=01;31:*.gz=01;31:*.lrz=01;31:*.lz=01;31:*.lzo=01;31:*.xz=01;31:*.zst=01;31:*.tzst=01;31:*.bz2=01;31:*.bz=01;31:*.tbz=01;31:*.tbz2=01;31:*.tz=01;31:*.deb=01;31:*.rpm=01;31:*.jar=01;31:*.war=01;31:*.ear=01;31:*.sar=01;31:*.rar=01;31:*.alz=01;31:*.ace=01;31:*.zoo=01;31:*.cpio=01;31:*.7z=01;31:*.rz=01;31:*.cab=01;31:*.wim=01;31:*.swm=01;31:*.dwm=01;31:*.esd=01;31:*.jpg=01;35:*.jpeg=01;35:*.mjpg=01;35:*.mjpeg=01;35:*.gif=01;35:*.bmp=01;35:*.pbm=01;35:*.pgm=01;35:*.ppm=01;35:*.tga=01;35:*.xbm=01;35:*.xpm=01;35:*.tif=01;35:*.tiff=01;35:*.png=01;35:*.svg=01;35:*.svgz=01;35:*.mng=01;35:*.pcx=01;35:*.mov=01;35:*.mpg=01;35:*.mpeg=01;35:*.m2v=01;35:*.mkv=01;35:*.webm=01;35:*.webp=01;35:*.ogm=01;35:*.mp4=01;35:*.m4v=01;35:*.mp4v=01;35:*.vob=01;35:*.qt=01;35:*.nuv=01;35:*.wmv=01;35:*.asf=01;35:*.rm=01;35:*.rmvb=01;35:*.flc=01;35:*.avi=01;35:*.fli=01;35:*.flv=01;35:*.gl=01;35:*.dl=01;35:*.xcf=01;35:*.xwd=01;35:*.yuv=01;35:*.cgm=01;35:*.emf=01;35:*.ogv=01;35:*.ogx=01;35:*.aac=00;36:*.au=00;36:*.flac=00;36:*.m4a=00;36:*.mid=00;36:*.midi=00;36:*.mka=00;36:*.mp3=00;36:*.mpc=00;36:*.ogg=00;36:*.ra=00;36:*.wav=00;36:*.oga=00;36:*.opus=00;36:*.spx=00;36:*.xspf=00;36:'), ('VSCODE_GIT_IPC_HANDLE', '/run/user/1000/vscode-git-81883a5c4f.sock'), ('TERM_PROGRAM', 'vscode'), ('SSH_AGENT_LAUNCHER', 'gnome-keyring'), ('SSH_AUTH_SOCK', '/run/user/1000/keyring/ssh'), ('AMENT_PREFIX_PATH', '/home/jon/ws01/install/cpp03_action:/home/jon/ws01/install/cpp02_service:/home/jon/ws01/install/cpp01_topic:/home/jon/ws01/install/base_demo:/home/jon/ros2_ws/install/hellovscode_cpp:/home/jon/ros2_ws/install/hello_cpp:/opt/ros/humble'), ('SHELL', '/bin/bash'), ('QT_ACCESSIBILITY', '1'), ('GDMSESSION', 'ubuntu'), ('LESSCLOSE', '/usr/bin/lesspipe %s %s'), ('GPG_AGENT_INFO', '/run/user/1000/gnupg/S.gpg-agent:0:1'), ('GJS_DEBUG_OUTPUT', 'stderr'), ('VSCODE_GIT_ASKPASS_EXTRA_ARGS', ''), ('QT_IM_MODULE', 'ibus'), ('PWD', '/home/jon/ws01/build/cpp02_service'), ('XDG_CONFIG_DIRS', '/etc/xdg/xdg-ubuntu:/etc/xdg'), ('COPILOT_DEBUG_NONCE', '20fc3c0b33e88ebaf2914c4d51f59b28'), ('XDG_DATA_DIRS', '/usr/share/ubuntu:/usr/share/gnome:/usr/local/share/:/usr/share/:/var/lib/snapd/desktop'), ('PYTHONPATH', '/home/jon/ws01/install/base_demo/local/lib/python3.10/dist-packages:/opt/ros/humble/lib/python3.10/site-packages:/opt/ros/humble/local/lib/python3.10/dist-packages'), ('HTTP_PROXY', 'http://127.0.0.1:7890'), ('COLCON', '1'), ('CMAKE_PREFIX_PATH', '/home/jon/ws01/install/base_demo:/home/jon/ws01/install/cpp03_action:/home/jon/ws01/install/cpp02_service:/home/jon/ws01/install/cpp01_topic:/home/jon/ros2_ws/install/hellovscode_cpp:/home/jon/ros2_ws/install/hello_cpp:/opt/ros/humble')]), 'shell': False}
[0.305791] (cpp03_action) StdoutLine: {'line': b'[ 75%] \x1b[32mBuilding CXX object CMakeFiles/demo02_client.dir/src/demo02_client.cpp.o\x1b[0m\n'}
[0.308661] (cpp01_topic) CommandEnded: {'returncode': 0}
[0.309421] (cpp01_topic) JobProgress: {'identifier': 'cpp01_topic', 'progress': 'install'}
[0.309837] (cpp01_topic) Command: {'cmd': ['/usr/bin/cmake', '--install', '/home/jon/ws01/build/cpp01_topic'], 'cwd': '/home/jon/ws01/build/cpp01_topic', 'env': OrderedDict([('GJS_DEBUG_TOPICS', 'JS ERROR;JS LOG'), ('PYTHON_BASIC_REPL', '1'), ('LESSOPEN', '| /usr/bin/lesspipe %s'), ('HTTPS_PROXY', 'http://127.0.0.1:7890'), ('no_proxy', 'localhost,127.0.0.0/8,::1'), ('LANGUAGE', 'zh_CN:zh'), ('USER', 'jon'), ('all_proxy', 'socks5h://127.0.0.1:7890'), ('XDG_SESSION_TYPE', 'x11'), ('GIT_ASKPASS', '/usr/share/code/resources/app/extensions/git/dist/askpass.sh'), ('SHLVL', '1'), ('LD_LIBRARY_PATH', '/home/jon/ws01/install/base_demo/lib:/opt/ros/humble/opt/rviz_ogre_vendor/lib:/opt/ros/humble/lib/x86_64-linux-gnu:/opt/ros/humble/lib'), ('HOME', '/home/jon'), ('CHROME_DESKTOP', 'code.desktop'), ('TERM_PROGRAM_VERSION', '1.138.0'), ('DESKTOP_SESSION', 'ubuntu'), ('NO_PROXY', 'localhost,127.0.0.0/8,::1'), ('GIO_LAUNCHED_DESKTOP_FILE', '/usr/share/applications/code.desktop'), ('ROS_PYTHON_VERSION', '3'), ('GNOME_SHELL_SESSION_MODE', 'ubuntu'), ('GTK_MODULES', 'gail:atk-bridge'), ('VSCODE_GIT_ASKPASS_MAIN', '/usr/share/code/resources/app/extensions/git/dist/askpass-main.js'), ('VSCODE_GIT_ASKPASS_NODE', '/usr/share/code/code'), ('MANAGERPID', '2568'), ('PYDEVD_DISABLE_FILE_VALIDATION', '1'), ('SYSTEMD_EXEC_PID', '3026'), ('BUNDLED_DEBUGPY_PATH', '/home/jon/.vscode/extensions/ms-python.debugpy-2026.6.0-linux-x64/bundled/libs/debugpy'), ('VSCODE_PYTHON_AUTOACTIVATE_GUARD', '1'), ('DBUS_SESSION_BUS_ADDRESS', 'unix:path=/run/user/1000/bus'), ('COLORTERM', 'truecolor'), ('GIO_LAUNCHED_DESKTOP_FILE_PID', '3848'), ('https_proxy', 'http://127.0.0.1:7890'), ('COLCON_PREFIX_PATH', '/home/jon/ws01/install:/home/jon/ros2_ws/install'), ('ROS_DISTRO', 'humble'), ('GTK_IM_MODULE', 'ibus'), ('LOGNAME', 'jon'), ('ALL_PROXY', 'socks5h://127.0.0.1:7890'), ('http_proxy', 'http://127.0.0.1:7890'), ('JOURNAL_STREAM', '8:33814'), ('_', '/usr/bin/colcon'), ('ROS_VERSION', '2'), ('XDG_SESSION_CLASS', 'user'), ('USERNAME', 'jon'), ('TERM', 'xterm-256color'), ('GNOME_DESKTOP_SESSION_ID', 'this-is-deprecated'), ('FC_FONTATIONS', '1'), ('ROS_LOCALHOST_ONLY', '0'), ('WINDOWPATH', '2'), ('PATH', '/home/jon/.config/Code/User/globalStorage/github.copilot-chat/debugCommand:/home/jon/.config/Code/User/globalStorage/github.copilot-chat/copilotCli:/home/jon/.local/bin:/opt/ros/humble/bin:/home/jon/.local/bin:/usr/local/sbin:/usr/local/bin:/usr/sbin:/usr/bin:/sbin:/bin:/usr/games:/usr/local/games:/snap/bin:/snap/bin:/home/jon/.vscode/extensions/ms-python.debugpy-2026.6.0-linux-x64/bundled/scripts/noConfigScripts'), ('SESSION_MANAGER', 'local/WJ:@/tmp/.ICE-unix/3003,unix/WJ:/tmp/.ICE-unix/3003'), ('INVOCATION_ID', 'fb0f1f0f5f0247d4926696ef298ae583'), ('XDG_MENU_PREFIX', 'gnome-'), ('XDG_RUNTIME_DIR', '/run/user/1000'), ('GDK_BACKEND', 'x11'), ('DISPLAY', ':0'), ('VSCODE_DEBUGPY_ADAPTER_ENDPOINTS', '/home/jon/.vscode/extensions/ms-python.debugpy-2026.6.0-linux-x64/.noConfigDebugAdapterEndpoints/endpoint-a931eca1407cc38f.txt'), ('LANG', 'zh_CN.UTF-8'), ('XDG_CURRENT_DESKTOP', 'ubuntu:GNOME'), ('PYTHONSTARTUP', '/home/jon/.config/Code/User/workspaceStorage/1f60e15f81795b7429f56f0c0e99fe64/ms-python.python/pythonrc.py'), ('XMODIFIERS', '@im=ibus'), ('XDG_SESSION_DESKTOP', 'ubuntu'), ('XAUTHORITY', '/run/user/1000/gdm/Xauthority'), ('LS_COLORS', 'rs=0:di=01;34:ln=01;36:mh=00:pi=40;33:so=01;35:do=01;35:bd=40;33;01:cd=40;33;01:or=40;31;01:mi=00:su=37;41:sg=30;43:ca=30;41:tw=30;42:ow=34;42:st=37;44:ex=01;32:*.tar=01;31:*.tgz=01;31:*.arc=01;31:*.arj=01;31:*.taz=01;31:*.lha=01;31:*.lz4=01;31:*.lzh=01;31:*.lzma=01;31:*.tlz=01;31:*.txz=01;31:*.tzo=01;31:*.t7z=01;31:*.zip=01;31:*.z=01;31:*.dz=01;31:*.gz=01;31:*.lrz=01;31:*.lz=01;31:*.lzo=01;31:*.xz=01;31:*.zst=01;31:*.tzst=01;31:*.bz2=01;31:*.bz=01;31:*.tbz=01;31:*.tbz2=01;31:*.tz=01;31:*.deb=01;31:*.rpm=01;31:*.jar=01;31:*.war=01;31:*.ear=01;31:*.sar=01;31:*.rar=01;31:*.alz=01;31:*.ace=01;31:*.zoo=01;31:*.cpio=01;31:*.7z=01;31:*.rz=01;31:*.cab=01;31:*.wim=01;31:*.swm=01;31:*.dwm=01;31:*.esd=01;31:*.jpg=01;35:*.jpeg=01;35:*.mjpg=01;35:*.mjpeg=01;35:*.gif=01;35:*.bmp=01;35:*.pbm=01;35:*.pgm=01;35:*.ppm=01;35:*.tga=01;35:*.xbm=01;35:*.xpm=01;35:*.tif=01;35:*.tiff=01;35:*.png=01;35:*.svg=01;35:*.svgz=01;35:*.mng=01;35:*.pcx=01;35:*.mov=01;35:*.mpg=01;35:*.mpeg=01;35:*.m2v=01;35:*.mkv=01;35:*.webm=01;35:*.webp=01;35:*.ogm=01;35:*.mp4=01;35:*.m4v=01;35:*.mp4v=01;35:*.vob=01;35:*.qt=01;35:*.nuv=01;35:*.wmv=01;35:*.asf=01;35:*.rm=01;35:*.rmvb=01;35:*.flc=01;35:*.avi=01;35:*.fli=01;35:*.flv=01;35:*.gl=01;35:*.dl=01;35:*.xcf=01;35:*.xwd=01;35:*.yuv=01;35:*.cgm=01;35:*.emf=01;35:*.ogv=01;35:*.ogx=01;35:*.aac=00;36:*.au=00;36:*.flac=00;36:*.m4a=00;36:*.mid=00;36:*.midi=00;36:*.mka=00;36:*.mp3=00;36:*.mpc=00;36:*.ogg=00;36:*.ra=00;36:*.wav=00;36:*.oga=00;36:*.opus=00;36:*.spx=00;36:*.xspf=00;36:'), ('VSCODE_GIT_IPC_HANDLE', '/run/user/1000/vscode-git-81883a5c4f.sock'), ('TERM_PROGRAM', 'vscode'), ('SSH_AGENT_LAUNCHER', 'gnome-keyring'), ('SSH_AUTH_SOCK', '/run/user/1000/keyring/ssh'), ('AMENT_PREFIX_PATH', '/home/jon/ws01/install/cpp03_action:/home/jon/ws01/install/cpp02_service:/home/jon/ws01/install/cpp01_topic:/home/jon/ws01/install/base_demo:/home/jon/ros2_ws/install/hellovscode_cpp:/home/jon/ros2_ws/install/hello_cpp:/opt/ros/humble'), ('SHELL', '/bin/bash'), ('QT_ACCESSIBILITY', '1'), ('GDMSESSION', 'ubuntu'), ('LESSCLOSE', '/usr/bin/lesspipe %s %s'), ('GPG_AGENT_INFO', '/run/user/1000/gnupg/S.gpg-agent:0:1'), ('GJS_DEBUG_OUTPUT', 'stderr'), ('VSCODE_GIT_ASKPASS_EXTRA_ARGS', ''), ('QT_IM_MODULE', 'ibus'), ('PWD', '/home/jon/ws01/build/cpp01_topic'), ('XDG_CONFIG_DIRS', '/etc/xdg/xdg-ubuntu:/etc/xdg'), ('COPILOT_DEBUG_NONCE', '20fc3c0b33e88ebaf2914c4d51f59b28'), ('XDG_DATA_DIRS', '/usr/share/ubuntu:/usr/share/gnome:/usr/local/share/:/usr/share/:/var/lib/snapd/desktop'), ('PYTHONPATH', '/home/jon/ws01/install/base_demo/local/lib/python3.10/dist-packages:/opt/ros/humble/lib/python3.10/site-packages:/opt/ros/humble/local/lib/python3.10/dist-packages'), ('HTTP_PROXY', 'http://127.0.0.1:7890'), ('COLCON', '1'), ('CMAKE_PREFIX_PATH', '/home/jon/ws01/install/base_demo:/home/jon/ws01/install/cpp03_action:/home/jon/ws01/install/cpp02_service:/home/jon/ws01/install/cpp01_topic:/home/jon/ros2_ws/install/hellovscode_cpp:/home/jon/ros2_ws/install/hello_cpp:/opt/ros/humble')]), 'shell': False}
[0.310719] (cpp02_service) StdoutLine: {'line': b'-- Install configuration: ""\n'}
[0.312715] (cpp02_service) StdoutLine: {'line': b'-- Up-to-date: /home/jon/ws01/install/cpp02_service/lib/cpp02_service/demo01_server\n'}
[0.312934] (cpp02_service) StdoutLine: {'line': b'-- Up-to-date: /home/jon/ws01/install/cpp02_service/lib/cpp02_service/demo02_client\n'}
[0.313418] (cpp02_service) StdoutLine: {'line': b'-- Up-to-date: /home/jon/ws01/install/cpp02_service/share/ament_index/resource_index/package_run_dependencies/cpp02_service\n'}
[0.313828] (cpp02_service) StdoutLine: {'line': b'-- Up-to-date: /home/jon/ws01/install/cpp02_service/share/ament_index/resource_index/parent_prefix_path/cpp02_service\n'}
[0.313883] (cpp02_service) StdoutLine: {'line': b'-- Up-to-date: /home/jon/ws01/install/cpp02_service/share/cpp02_service/environment/ament_prefix_path.sh\n'}
[0.313922] (cpp02_service) StdoutLine: {'line': b'-- Up-to-date: /home/jon/ws01/install/cpp02_service/share/cpp02_service/environment/ament_prefix_path.dsv\n'}
[0.313989] (cpp02_service) StdoutLine: {'line': b'-- Up-to-date: /home/jon/ws01/install/cpp02_service/share/cpp02_service/environment/path.sh\n'}
[0.314030] (cpp02_service) StdoutLine: {'line': b'-- Up-to-date: /home/jon/ws01/install/cpp02_service/share/cpp02_service/environment/path.dsv\n'}
[0.314069] (cpp02_service) StdoutLine: {'line': b'-- Up-to-date: /home/jon/ws01/install/cpp02_service/share/cpp02_service/local_setup.bash\n'}
[0.314147] (cpp02_service) StdoutLine: {'line': b'-- Up-to-date: /home/jon/ws01/install/cpp02_service/share/cpp02_service/local_setup.sh\n'}
[0.314251] (cpp02_service) StdoutLine: {'line': b'-- Up-to-date: /home/jon/ws01/install/cpp02_service/share/cpp02_service/local_setup.zsh\n'}
[0.314303] (cpp02_service) StdoutLine: {'line': b'-- Up-to-date: /home/jon/ws01/install/cpp02_service/share/cpp02_service/local_setup.dsv\n'}
[0.314337] (cpp02_service) StdoutLine: {'line': b'-- Installing: /home/jon/ws01/install/cpp02_service/share/cpp02_service/package.dsv\n'}
[0.314653] (cpp02_service) StdoutLine: {'line': b'-- Up-to-date: /home/jon/ws01/install/cpp02_service/share/ament_index/resource_index/packages/cpp02_service\n'}
[0.314706] (cpp02_service) StdoutLine: {'line': b'-- Up-to-date: /home/jon/ws01/install/cpp02_service/share/cpp02_service/cmake/cpp02_serviceConfig.cmake\n'}
[0.314737] (cpp02_service) StdoutLine: {'line': b'-- Up-to-date: /home/jon/ws01/install/cpp02_service/share/cpp02_service/cmake/cpp02_serviceConfig-version.cmake\n'}
[0.314793] (cpp02_service) StdoutLine: {'line': b'-- Up-to-date: /home/jon/ws01/install/cpp02_service/share/cpp02_service/package.xml\n'}
[0.314821] (cpp02_service) CommandEnded: {'returncode': 0}
[0.315735] (cpp01_topic) StdoutLine: {'line': b'-- Install configuration: ""\n'}
[0.315882] (cpp01_topic) StdoutLine: {'line': b'-- Up-to-date: /home/jon/ws01/install/cpp01_topic/lib/cpp01_topic/demo01_talker\n'}
[0.315916] (cpp01_topic) StdoutLine: {'line': b'-- Up-to-date: /home/jon/ws01/install/cpp01_topic/lib/cpp01_topic/demo02_listener\n'}
[0.315946] (cpp01_topic) StdoutLine: {'line': b'-- Up-to-date: /home/jon/ws01/install/cpp01_topic/lib/cpp01_topic/demo03_talker\n'}
[0.315973] (cpp01_topic) StdoutLine: {'line': b'-- Up-to-date: /home/jon/ws01/install/cpp01_topic/lib/cpp01_topic/demo04_listener\n'}
[0.315998] (cpp01_topic) StdoutLine: {'line': b'-- Up-to-date: /home/jon/ws01/install/cpp01_topic/share/ament_index/resource_index/package_run_dependencies/cpp01_topic\n'}
[0.316024] (cpp01_topic) StdoutLine: {'line': b'-- Up-to-date: /home/jon/ws01/install/cpp01_topic/share/ament_index/resource_index/parent_prefix_path/cpp01_topic\n'}
[0.316048] (cpp01_topic) StdoutLine: {'line': b'-- Up-to-date: /home/jon/ws01/install/cpp01_topic/share/cpp01_topic/environment/ament_prefix_path.sh\n'}
[0.316079] (cpp01_topic) StdoutLine: {'line': b'-- Up-to-date: /home/jon/ws01/install/cpp01_topic/share/cpp01_topic/environment/ament_prefix_path.dsv\n'}
[0.316116] (cpp01_topic) StdoutLine: {'line': b'-- Up-to-date: /home/jon/ws01/install/cpp01_topic/share/cpp01_topic/environment/path.sh\n'}
[0.316164] (cpp01_topic) StdoutLine: {'line': b'-- Up-to-date: /home/jon/ws01/install/cpp01_topic/share/cpp01_topic/environment/path.dsv\n'}
[0.316191] (cpp01_topic) StdoutLine: {'line': b'-- Up-to-date: /home/jon/ws01/install/cpp01_topic/share/cpp01_topic/local_setup.bash\n'}
[0.316217] (cpp01_topic) StdoutLine: {'line': b'-- Up-to-date: /home/jon/ws01/install/cpp01_topic/share/cpp01_topic/local_setup.sh\n'}
[0.316242] (cpp01_topic) StdoutLine: {'line': b'-- Up-to-date: /home/jon/ws01/install/cpp01_topic/share/cpp01_topic/local_setup.zsh\n'}
[0.316266] (cpp01_topic) StdoutLine: {'line': b'-- Up-to-date: /home/jon/ws01/install/cpp01_topic/share/cpp01_topic/local_setup.dsv\n'}
[0.316290] (cpp01_topic) StdoutLine: {'line': b'-- Installing: /home/jon/ws01/install/cpp01_topic/share/cpp01_topic/package.dsv\n'}
[0.316315] (cpp01_topic) StdoutLine: {'line': b'-- Up-to-date: /home/jon/ws01/install/cpp01_topic/share/ament_index/resource_index/packages/cpp01_topic\n'}
[0.316339] (cpp01_topic) StdoutLine: {'line': b'-- Up-to-date: /home/jon/ws01/install/cpp01_topic/share/cpp01_topic/cmake/cpp01_topicConfig.cmake\n'}
[0.316364] (cpp01_topic) StdoutLine: {'line': b'-- Up-to-date: /home/jon/ws01/install/cpp01_topic/share/cpp01_topic/cmake/cpp01_topicConfig-version.cmake\n'}
[0.316388] (cpp01_topic) StdoutLine: {'line': b'-- Up-to-date: /home/jon/ws01/install/cpp01_topic/share/cpp01_topic/package.xml\n'}
[0.323331] (cpp02_service) JobEnded: {'identifier': 'cpp02_service', 'rc': 0}
[0.323942] (cpp01_topic) CommandEnded: {'returncode': 0}
[0.329601] (cpp01_topic) JobEnded: {'identifier': 'cpp01_topic', 'rc': 0}
[0.399674] (-) TimerEvent: {}
[0.500094] (-) TimerEvent: {}
[0.600515] (-) TimerEvent: {}
[0.700883] (-) TimerEvent: {}
[0.801210] (-) TimerEvent: {}
[0.901562] (-) TimerEvent: {}
[1.001876] (-) TimerEvent: {}
[1.102274] (-) TimerEvent: {}
[1.202520] (-) TimerEvent: {}
[1.302884] (-) TimerEvent: {}
[1.403265] (-) TimerEvent: {}
[1.435463] (cpp03_action) StderrLine: {'line': b'\x1b[01m\x1b[K/home/jon/ws01/src/cpp03_action/src/demo02_client.cpp:\x1b[m\x1b[K In member function \xe2\x80\x98\x1b[01m\x1b[Kvoid ProgressActionClient::feedback_callback(rclcpp_action::ClientGoalHandle<base_demo::action::Progress>::SharedPtr, std::shared_ptr<const base_demo::action::Progress_Feedback_<std::allocator<void> > >)\x1b[m\x1b[K\xe2\x80\x99:\n'}
[1.435627] (cpp03_action) StderrLine: {'line': b'\x1b[01m\x1b[K/home/jon/ws01/src/cpp03_action/src/demo02_client.cpp:62:81:\x1b[m\x1b[K \x1b[01;35m\x1b[Kwarning: \x1b[m\x1b[Kunused parameter \xe2\x80\x98\x1b[01m\x1b[Kgoal_handle\x1b[m\x1b[K\xe2\x80\x99 [\x1b[01;35m\x1b[K\x1b]8;;https://gcc.gnu.org/onlinedocs/gcc/Warning-Options.html#index-Wunused-parameter\x07-Wunused-parameter\x1b]8;;\x07\x1b[m\x1b[K]\n'}
[1.435703] (cpp03_action) StderrLine: {'line': b'   62 |     void feedback_callback(\x1b[01;35m\x1b[Krclcpp_action::ClientGoalHandle<Progress>::SharedPtr goal_handle\x1b[m\x1b[K,const std::shared_ptr<const Progress::Feedback> feadback){\n'}
[1.435737] (cpp03_action) StderrLine: {'line': b'      |                            \x1b[01;35m\x1b[K~~~~~~~~~~~~~~~~~~~~~~~~~~~~~~~~~~~~~~~~~~~~~~~~~~~~~^~~~~~~~~~~\x1b[m\x1b[K\n'}
[1.435761] (cpp03_action) StderrLine: {'line': b'\x1b[01m\x1b[K/home/jon/ws01/src/cpp03_action/src/demo02_client.cpp:62:141:\x1b[m\x1b[K \x1b[01;35m\x1b[Kwarning: \x1b[m\x1b[Kunused parameter \xe2\x80\x98\x1b[01m\x1b[Kfeadback\x1b[m\x1b[K\xe2\x80\x99 [\x1b[01;35m\x1b[K\x1b]8;;https://gcc.gnu.org/onlinedocs/gcc/Warning-Options.html#index-Wunused-parameter\x07-Wunused-parameter\x1b]8;;\x07\x1b[m\x1b[K]\n'}
[1.435784] (cpp03_action) StderrLine: {'line': b'   62 |     void feedback_callback(rclcpp_action::ClientGoalHandle<Progress>::SharedPtr goal_handle,\x1b[01;35m\x1b[Kconst std::shared_ptr<const Progress::Feedback> feadback\x1b[m\x1b[K){\n'}
[1.435805] (cpp03_action) StderrLine: {'line': b'      |                                                                                             \x1b[01;35m\x1b[K~~~~~~~~~~~~~~~~~~~~~~~~~~~~~~~~~~~~~~~~~~~~~~~~^~~~~~~~\x1b[m\x1b[K\n'}
[1.435828] (cpp03_action) StderrLine: {'line': b'\x1b[01m\x1b[K/home/jon/ws01/src/cpp03_action/src/demo02_client.cpp:\x1b[m\x1b[K In member function \xe2\x80\x98\x1b[01m\x1b[Kvoid ProgressActionClient::result_callback(const rclcpp_action::ClientGoalHandle<base_demo::action::Progress>::WrappedResult&)\x1b[m\x1b[K\xe2\x80\x99:\n'}
[1.435849] (cpp03_action) StderrLine: {'line': b'\x1b[01m\x1b[K/home/jon/ws01/src/cpp03_action/src/demo02_client.cpp:66:91:\x1b[m\x1b[K \x1b[01;35m\x1b[Kwarning: \x1b[m\x1b[Kunused parameter \xe2\x80\x98\x1b[01m\x1b[Kresult\x1b[m\x1b[K\xe2\x80\x99 [\x1b[01;35m\x1b[K\x1b]8;;https://gcc.gnu.org/onlinedocs/gcc/Warning-Options.html#index-Wunused-parameter\x07-Wunused-parameter\x1b]8;;\x07\x1b[m\x1b[K]\n'}
[1.435868] (cpp03_action) StderrLine: {'line': b'   66 |     void result_callback(\x1b[01;35m\x1b[Kconst rclcpp_action::ClientGoalHandle<Progress>::WrappedResult & result\x1b[m\x1b[K){\n'}
[1.435887] (cpp03_action) StderrLine: {'line': b'      |                          \x1b[01;35m\x1b[K~~~~~~~~~~~~~~~~~~~~~~~~~~~~~~~~~~~~~~~~~~~~~~~~~~~~~~~~~~~~~~~~~^~~~~~\x1b[m\x1b[K\n'}
[1.503356] (-) TimerEvent: {}
[1.603595] (-) TimerEvent: {}
[1.703930] (-) TimerEvent: {}
[1.804198] (-) TimerEvent: {}
[1.905998] (-) TimerEvent: {}
[2.006236] (-) TimerEvent: {}
[2.106484] (-) TimerEvent: {}
[2.111188] (cpp03_action) StdoutLine: {'line': b'[100%] \x1b[32m\x1b[1mLinking CXX executable demo02_client\x1b[0m\n'}
[2.195792] (cpp03_action) StdoutLine: {'line': b'[100%] Built target demo02_client\n'}
[2.204004] (cpp03_action) CommandEnded: {'returncode': 0}
[2.204383] (cpp03_action) JobProgress: {'identifier': 'cpp03_action', 'progress': 'install'}
[2.204481] (cpp03_action) Command: {'cmd': ['/usr/bin/cmake', '--install', '/home/jon/ws01/build/cpp03_action'], 'cwd': '/home/jon/ws01/build/cpp03_action', 'env': OrderedDict([('GJS_DEBUG_TOPICS', 'JS ERROR;JS LOG'), ('PYTHON_BASIC_REPL', '1'), ('LESSOPEN', '| /usr/bin/lesspipe %s'), ('HTTPS_PROXY', 'http://127.0.0.1:7890'), ('no_proxy', 'localhost,127.0.0.0/8,::1'), ('LANGUAGE', 'zh_CN:zh'), ('USER', 'jon'), ('all_proxy', 'socks5h://127.0.0.1:7890'), ('XDG_SESSION_TYPE', 'x11'), ('GIT_ASKPASS', '/usr/share/code/resources/app/extensions/git/dist/askpass.sh'), ('SHLVL', '1'), ('LD_LIBRARY_PATH', '/home/jon/ws01/install/base_demo/lib:/opt/ros/humble/opt/rviz_ogre_vendor/lib:/opt/ros/humble/lib/x86_64-linux-gnu:/opt/ros/humble/lib'), ('HOME', '/home/jon'), ('CHROME_DESKTOP', 'code.desktop'), ('TERM_PROGRAM_VERSION', '1.138.0'), ('DESKTOP_SESSION', 'ubuntu'), ('NO_PROXY', 'localhost,127.0.0.0/8,::1'), ('GIO_LAUNCHED_DESKTOP_FILE', '/usr/share/applications/code.desktop'), ('ROS_PYTHON_VERSION', '3'), ('GNOME_SHELL_SESSION_MODE', 'ubuntu'), ('GTK_MODULES', 'gail:atk-bridge'), ('VSCODE_GIT_ASKPASS_MAIN', '/usr/share/code/resources/app/extensions/git/dist/askpass-main.js'), ('VSCODE_GIT_ASKPASS_NODE', '/usr/share/code/code'), ('MANAGERPID', '2568'), ('PYDEVD_DISABLE_FILE_VALIDATION', '1'), ('SYSTEMD_EXEC_PID', '3026'), ('BUNDLED_DEBUGPY_PATH', '/home/jon/.vscode/extensions/ms-python.debugpy-2026.6.0-linux-x64/bundled/libs/debugpy'), ('VSCODE_PYTHON_AUTOACTIVATE_GUARD', '1'), ('DBUS_SESSION_BUS_ADDRESS', 'unix:path=/run/user/1000/bus'), ('COLORTERM', 'truecolor'), ('GIO_LAUNCHED_DESKTOP_FILE_PID', '3848'), ('https_proxy', 'http://127.0.0.1:7890'), ('COLCON_PREFIX_PATH', '/home/jon/ws01/install:/home/jon/ros2_ws/install'), ('ROS_DISTRO', 'humble'), ('GTK_IM_MODULE', 'ibus'), ('LOGNAME', 'jon'), ('ALL_PROXY', 'socks5h://127.0.0.1:7890'), ('http_proxy', 'http://127.0.0.1:7890'), ('JOURNAL_STREAM', '8:33814'), ('_', '/usr/bin/colcon'), ('ROS_VERSION', '2'), ('XDG_SESSION_CLASS', 'user'), ('USERNAME', 'jon'), ('TERM', 'xterm-256color'), ('GNOME_DESKTOP_SESSION_ID', 'this-is-deprecated'), ('FC_FONTATIONS', '1'), ('ROS_LOCALHOST_ONLY', '0'), ('WINDOWPATH', '2'), ('PATH', '/home/jon/.config/Code/User/globalStorage/github.copilot-chat/debugCommand:/home/jon/.config/Code/User/globalStorage/github.copilot-chat/copilotCli:/home/jon/.local/bin:/opt/ros/humble/bin:/home/jon/.local/bin:/usr/local/sbin:/usr/local/bin:/usr/sbin:/usr/bin:/sbin:/bin:/usr/games:/usr/local/games:/snap/bin:/snap/bin:/home/jon/.vscode/extensions/ms-python.debugpy-2026.6.0-linux-x64/bundled/scripts/noConfigScripts'), ('SESSION_MANAGER', 'local/WJ:@/tmp/.ICE-unix/3003,unix/WJ:/tmp/.ICE-unix/3003'), ('INVOCATION_ID', 'fb0f1f0f5f0247d4926696ef298ae583'), ('XDG_MENU_PREFIX', 'gnome-'), ('XDG_RUNTIME_DIR', '/run/user/1000'), ('GDK_BACKEND', 'x11'), ('DISPLAY', ':0'), ('VSCODE_DEBUGPY_ADAPTER_ENDPOINTS', '/home/jon/.vscode/extensions/ms-python.debugpy-2026.6.0-linux-x64/.noConfigDebugAdapterEndpoints/endpoint-a931eca1407cc38f.txt'), ('LANG', 'zh_CN.UTF-8'), ('XDG_CURRENT_DESKTOP', 'ubuntu:GNOME'), ('PYTHONSTARTUP', '/home/jon/.config/Code/User/workspaceStorage/1f60e15f81795b7429f56f0c0e99fe64/ms-python.python/pythonrc.py'), ('XMODIFIERS', '@im=ibus'), ('XDG_SESSION_DESKTOP', 'ubuntu'), ('XAUTHORITY', '/run/user/1000/gdm/Xauthority'), ('LS_COLORS', 'rs=0:di=01;34:ln=01;36:mh=00:pi=40;33:so=01;35:do=01;35:bd=40;33;01:cd=40;33;01:or=40;31;01:mi=00:su=37;41:sg=30;43:ca=30;41:tw=30;42:ow=34;42:st=37;44:ex=01;32:*.tar=01;31:*.tgz=01;31:*.arc=01;31:*.arj=01;31:*.taz=01;31:*.lha=01;31:*.lz4=01;31:*.lzh=01;31:*.lzma=01;31:*.tlz=01;31:*.txz=01;31:*.tzo=01;31:*.t7z=01;31:*.zip=01;31:*.z=01;31:*.dz=01;31:*.gz=01;31:*.lrz=01;31:*.lz=01;31:*.lzo=01;31:*.xz=01;31:*.zst=01;31:*.tzst=01;31:*.bz2=01;31:*.bz=01;31:*.tbz=01;31:*.tbz2=01;31:*.tz=01;31:*.deb=01;31:*.rpm=01;31:*.jar=01;31:*.war=01;31:*.ear=01;31:*.sar=01;31:*.rar=01;31:*.alz=01;31:*.ace=01;31:*.zoo=01;31:*.cpio=01;31:*.7z=01;31:*.rz=01;31:*.cab=01;31:*.wim=01;31:*.swm=01;31:*.dwm=01;31:*.esd=01;31:*.jpg=01;35:*.jpeg=01;35:*.mjpg=01;35:*.mjpeg=01;35:*.gif=01;35:*.bmp=01;35:*.pbm=01;35:*.pgm=01;35:*.ppm=01;35:*.tga=01;35:*.xbm=01;35:*.xpm=01;35:*.tif=01;35:*.tiff=01;35:*.png=01;35:*.svg=01;35:*.svgz=01;35:*.mng=01;35:*.pcx=01;35:*.mov=01;35:*.mpg=01;35:*.mpeg=01;35:*.m2v=01;35:*.mkv=01;35:*.webm=01;35:*.webp=01;35:*.ogm=01;35:*.mp4=01;35:*.m4v=01;35:*.mp4v=01;35:*.vob=01;35:*.qt=01;35:*.nuv=01;35:*.wmv=01;35:*.asf=01;35:*.rm=01;35:*.rmvb=01;35:*.flc=01;35:*.avi=01;35:*.fli=01;35:*.flv=01;35:*.gl=01;35:*.dl=01;35:*.xcf=01;35:*.xwd=01;35:*.yuv=01;35:*.cgm=01;35:*.emf=01;35:*.ogv=01;35:*.ogx=01;35:*.aac=00;36:*.au=00;36:*.flac=00;36:*.m4a=00;36:*.mid=00;36:*.midi=00;36:*.mka=00;36:*.mp3=00;36:*.mpc=00;36:*.ogg=00;36:*.ra=00;36:*.wav=00;36:*.oga=00;36:*.opus=00;36:*.spx=00;36:*.xspf=00;36:'), ('VSCODE_GIT_IPC_HANDLE', '/run/user/1000/vscode-git-81883a5c4f.sock'), ('TERM_PROGRAM', 'vscode'), ('SSH_AGENT_LAUNCHER', 'gnome-keyring'), ('SSH_AUTH_SOCK', '/run/user/1000/keyring/ssh'), ('AMENT_PREFIX_PATH', '/home/jon/ws01/install/cpp03_action:/home/jon/ws01/install/cpp02_service:/home/jon/ws01/install/cpp01_topic:/home/jon/ws01/install/base_demo:/home/jon/ros2_ws/install/hellovscode_cpp:/home/jon/ros2_ws/install/hello_cpp:/opt/ros/humble'), ('SHELL', '/bin/bash'), ('QT_ACCESSIBILITY', '1'), ('GDMSESSION', 'ubuntu'), ('LESSCLOSE', '/usr/bin/lesspipe %s %s'), ('GPG_AGENT_INFO', '/run/user/1000/gnupg/S.gpg-agent:0:1'), ('GJS_DEBUG_OUTPUT', 'stderr'), ('VSCODE_GIT_ASKPASS_EXTRA_ARGS', ''), ('QT_IM_MODULE', 'ibus'), ('PWD', '/home/jon/ws01/build/cpp03_action'), ('XDG_CONFIG_DIRS', '/etc/xdg/xdg-ubuntu:/etc/xdg'), ('COPILOT_DEBUG_NONCE', '20fc3c0b33e88ebaf2914c4d51f59b28'), ('XDG_DATA_DIRS', '/usr/share/ubuntu:/usr/share/gnome:/usr/local/share/:/usr/share/:/var/lib/snapd/desktop'), ('PYTHONPATH', '/home/jon/ws01/install/base_demo/local/lib/python3.10/dist-packages:/opt/ros/humble/lib/python3.10/site-packages:/opt/ros/humble/local/lib/python3.10/dist-packages'), ('HTTP_PROXY', 'http://127.0.0.1:7890'), ('COLCON', '1'), ('CMAKE_PREFIX_PATH', '/home/jon/ws01/install/base_demo:/home/jon/ws01/install/cpp03_action:/home/jon/ws01/install/cpp02_service:/home/jon/ws01/install/cpp01_topic:/home/jon/ros2_ws/install/hellovscode_cpp:/home/jon/ros2_ws/install/hello_cpp:/opt/ros/humble')]), 'shell': False}
[2.206533] (-) TimerEvent: {}
[2.210188] (cpp03_action) StdoutLine: {'line': b'-- Install configuration: ""\n'}
[2.210374] (cpp03_action) StdoutLine: {'line': b'-- Up-to-date: /home/jon/ws01/install/cpp03_action/lib/cpp03_action/demo01_server\n'}
[2.210402] (cpp03_action) StdoutLine: {'line': b'-- Installing: /home/jon/ws01/install/cpp03_action/lib/cpp03_action/demo02_client\n'}
[2.210501] (cpp03_action) StdoutLine: {'line': b'-- Set runtime path of "/home/jon/ws01/install/cpp03_action/lib/cpp03_action/demo02_client" to ""\n'}
[2.210545] (cpp03_action) StdoutLine: {'line': b'-- Up-to-date: /home/jon/ws01/install/cpp03_action/share/ament_index/resource_index/package_run_dependencies/cpp03_action\n'}
[2.210567] (cpp03_action) StdoutLine: {'line': b'-- Up-to-date: /home/jon/ws01/install/cpp03_action/share/ament_index/resource_index/parent_prefix_path/cpp03_action\n'}
[2.210586] (cpp03_action) StdoutLine: {'line': b'-- Up-to-date: /home/jon/ws01/install/cpp03_action/share/cpp03_action/environment/ament_prefix_path.sh\n'}
[2.210605] (cpp03_action) StdoutLine: {'line': b'-- Up-to-date: /home/jon/ws01/install/cpp03_action/share/cpp03_action/environment/ament_prefix_path.dsv\n'}
[2.210622] (cpp03_action) StdoutLine: {'line': b'-- Up-to-date: /home/jon/ws01/install/cpp03_action/share/cpp03_action/environment/path.sh\n'}
[2.210640] (cpp03_action) StdoutLine: {'line': b'-- Up-to-date: /home/jon/ws01/install/cpp03_action/share/cpp03_action/environment/path.dsv\n'}
[2.210658] (cpp03_action) StdoutLine: {'line': b'-- Up-to-date: /home/jon/ws01/install/cpp03_action/share/cpp03_action/local_setup.bash\n'}
[2.210674] (cpp03_action) StdoutLine: {'line': b'-- Up-to-date: /home/jon/ws01/install/cpp03_action/share/cpp03_action/local_setup.sh\n'}
[2.210691] (cpp03_action) StdoutLine: {'line': b'-- Up-to-date: /home/jon/ws01/install/cpp03_action/share/cpp03_action/local_setup.zsh\n'}
[2.210708] (cpp03_action) StdoutLine: {'line': b'-- Up-to-date: /home/jon/ws01/install/cpp03_action/share/cpp03_action/local_setup.dsv\n'}
[2.210725] (cpp03_action) StdoutLine: {'line': b'-- Installing: /home/jon/ws01/install/cpp03_action/share/cpp03_action/package.dsv\n'}
[2.210741] (cpp03_action) StdoutLine: {'line': b'-- Up-to-date: /home/jon/ws01/install/cpp03_action/share/ament_index/resource_index/packages/cpp03_action\n'}
[2.210758] (cpp03_action) StdoutLine: {'line': b'-- Up-to-date: /home/jon/ws01/install/cpp03_action/share/cpp03_action/cmake/cpp03_actionConfig.cmake\n'}
[2.210777] (cpp03_action) StdoutLine: {'line': b'-- Up-to-date: /home/jon/ws01/install/cpp03_action/share/cpp03_action/cmake/cpp03_actionConfig-version.cmake\n'}
[2.210794] (cpp03_action) StdoutLine: {'line': b'-- Up-to-date: /home/jon/ws01/install/cpp03_action/share/cpp03_action/package.xml\n'}
[2.211573] (cpp03_action) CommandEnded: {'returncode': 0}
[2.217234] (cpp03_action) JobEnded: {'identifier': 'cpp03_action', 'rc': 0}
[2.217491] (-) EventReactorShutdown: {}
