[0.000000] (-) TimerEvent: {}
[0.002175] (base_demo) JobQueued: {'identifier': 'base_demo', 'dependencies': OrderedDict()}
[0.002228] (cpp01_topic) JobQueued: {'identifier': 'cpp01_topic', 'dependencies': OrderedDict([('base_demo', '/home/jon/ws01/src/install/base_demo')])}
[0.002241] (cpp02_service) JobQueued: {'identifier': 'cpp02_service', 'dependencies': OrderedDict([('base_demo', '/home/jon/ws01/src/install/base_demo')])}
[0.002249] (cpp03_action) JobQueued: {'identifier': 'cpp03_action', 'dependencies': OrderedDict([('base_demo', '/home/jon/ws01/src/install/base_demo')])}
[0.002257] (base_demo) JobStarted: {'identifier': 'base_demo'}
[0.004367] (base_demo) JobProgress: {'identifier': 'base_demo', 'progress': 'cmake'}
[0.004960] (base_demo) JobProgress: {'identifier': 'base_demo', 'progress': 'build'}
[0.005033] (base_demo) Command: {'cmd': ['/usr/bin/cmake', '--build', '/home/jon/ws01/src/build/base_demo', '--', '-j24', '-l24'], 'cwd': '/home/jon/ws01/src/build/base_demo', 'env': OrderedDict([('GJS_DEBUG_TOPICS', 'JS ERROR;JS LOG'), ('PYTHON_BASIC_REPL', '1'), ('LESSOPEN', '| /usr/bin/lesspipe %s'), ('HTTPS_PROXY', 'http://127.0.0.1:7890'), ('no_proxy', 'localhost,127.0.0.0/8,::1'), ('LANGUAGE', 'zh_CN:zh'), ('USER', 'jon'), ('all_proxy', 'socks5h://127.0.0.1:7890'), ('XDG_SESSION_TYPE', 'x11'), ('GIT_ASKPASS', '/usr/share/code/resources/app/extensions/git/dist/askpass.sh'), ('SHLVL', '1'), ('LD_LIBRARY_PATH', '/home/jon/ws01/src/install/base_demo/lib:/opt/ros/humble/opt/rviz_ogre_vendor/lib:/opt/ros/humble/lib/x86_64-linux-gnu:/opt/ros/humble/lib'), ('HOME', '/home/jon'), ('CHROME_DESKTOP', 'code.desktop'), ('OLDPWD', '/home/jon/ws01'), ('TERM_PROGRAM_VERSION', '1.138.0'), ('DESKTOP_SESSION', 'ubuntu'), ('NO_PROXY', 'localhost,127.0.0.0/8,::1'), ('GIO_LAUNCHED_DESKTOP_FILE', '/usr/share/applications/code.desktop'), ('ROS_PYTHON_VERSION', '3'), ('GNOME_SHELL_SESSION_MODE', 'ubuntu'), ('GTK_MODULES', 'gail:atk-bridge'), ('VSCODE_GIT_ASKPASS_MAIN', '/usr/share/code/resources/app/extensions/git/dist/askpass-main.js'), ('VSCODE_GIT_ASKPASS_NODE', '/usr/share/code/code'), ('MANAGERPID', '1319'), ('PYDEVD_DISABLE_FILE_VALIDATION', '1'), ('SYSTEMD_EXEC_PID', '2502'), ('BUNDLED_DEBUGPY_PATH', '/home/jon/.vscode/extensions/ms-python.debugpy-2026.6.0-linux-x64/bundled/libs/debugpy'), ('VSCODE_PYTHON_AUTOACTIVATE_GUARD', '1'), ('DBUS_SESSION_BUS_ADDRESS', 'unix:path=/run/user/1000/bus'), ('COLORTERM', 'truecolor'), ('GIO_LAUNCHED_DESKTOP_FILE_PID', '6071'), ('IM_CONFIG_PHASE', '1'), ('https_proxy', 'http://127.0.0.1:7890'), ('COLCON_PREFIX_PATH', '/home/jon/ws01/src/install:/home/jon/ros2_ws/install'), ('ROS_DISTRO', 'humble'), ('LOGNAME', 'jon'), ('ALL_PROXY', 'socks5h://127.0.0.1:7890'), ('http_proxy', 'http://127.0.0.1:7890'), ('JOURNAL_STREAM', '8:32782'), ('_', '/usr/bin/colcon'), ('ROS_VERSION', '2'), ('XDG_SESSION_CLASS', 'user'), ('USERNAME', 'jon'), ('TERM', 'xterm-256color'), ('GNOME_DESKTOP_SESSION_ID', 'this-is-deprecated'), ('FC_FONTATIONS', '1'), ('ROS_LOCALHOST_ONLY', '0'), ('WINDOWPATH', '2'), ('PATH', '/home/jon/.config/Code/User/globalStorage/github.copilot-chat/debugCommand:/home/jon/.config/Code/User/globalStorage/github.copilot-chat/copilotCli:/home/jon/.local/bin:/opt/ros/humble/bin:/home/jon/.local/bin:/home/jon/.local/bin:/usr/local/sbin:/usr/local/bin:/usr/sbin:/usr/bin:/sbin:/bin:/usr/games:/usr/local/games:/snap/bin:/snap/bin:/home/jon/.vscode/extensions/ms-python.debugpy-2026.6.0-linux-x64/bundled/scripts/noConfigScripts'), ('SESSION_MANAGER', 'local/WJ:@/tmp/.ICE-unix/2480,unix/WJ:/tmp/.ICE-unix/2480'), ('INVOCATION_ID', '7147c2f4d17845b5b9c7aefa481e394c'), ('XDG_MENU_PREFIX', 'gnome-'), ('XDG_RUNTIME_DIR', '/run/user/1000'), ('GDK_BACKEND', 'x11'), ('DISPLAY', ':0'), ('VSCODE_DEBUGPY_ADAPTER_ENDPOINTS', '/home/jon/.vscode/extensions/ms-python.debugpy-2026.6.0-linux-x64/.noConfigDebugAdapterEndpoints/endpoint-b8a5c5d86f95c8fb.txt'), ('LANG', 'zh_CN.UTF-8'), ('XDG_CURRENT_DESKTOP', 'ubuntu:GNOME'), ('PYTHONSTARTUP', '/home/jon/.config/Code/User/workspaceStorage/1f60e15f81795b7429f56f0c0e99fe64/ms-python.python/pythonrc.py'), ('XMODIFIERS', '@im=ibus'), ('XDG_SESSION_DESKTOP', 'ubuntu'), ('XAUTHORITY', '/run/user/1000/gdm/Xauthority'), ('LS_COLORS', 'rs=0:di=01;34:ln=01;36:mh=00:pi=40;33:so=01;35:do=01;35:bd=40;33;01:cd=40;33;01:or=40;31;01:mi=00:su=37;41:sg=30;43:ca=30;41:tw=30;42:ow=34;42:st=37;44:ex=01;32:*.tar=01;31:*.tgz=01;31:*.arc=01;31:*.arj=01;31:*.taz=01;31:*.lha=01;31:*.lz4=01;31:*.lzh=01;31:*.lzma=01;31:*.tlz=01;31:*.txz=01;31:*.tzo=01;31:*.t7z=01;31:*.zip=01;31:*.z=01;31:*.dz=01;31:*.gz=01;31:*.lrz=01;31:*.lz=01;31:*.lzo=01;31:*.xz=01;31:*.zst=01;31:*.tzst=01;31:*.bz2=01;31:*.bz=01;31:*.tbz=01;31:*.tbz2=01;31:*.tz=01;31:*.deb=01;31:*.rpm=01;31:*.jar=01;31:*.war=01;31:*.ear=01;31:*.sar=01;31:*.rar=01;31:*.alz=01;31:*.ace=01;31:*.zoo=01;31:*.cpio=01;31:*.7z=01;31:*.rz=01;31:*.cab=01;31:*.wim=01;31:*.swm=01;31:*.dwm=01;31:*.esd=01;31:*.jpg=01;35:*.jpeg=01;35:*.mjpg=01;35:*.mjpeg=01;35:*.gif=01;35:*.bmp=01;35:*.pbm=01;35:*.pgm=01;35:*.ppm=01;35:*.tga=01;35:*.xbm=01;35:*.xpm=01;35:*.tif=01;35:*.tiff=01;35:*.png=01;35:*.svg=01;35:*.svgz=01;35:*.mng=01;35:*.pcx=01;35:*.mov=01;35:*.mpg=01;35:*.mpeg=01;35:*.m2v=01;35:*.mkv=01;35:*.webm=01;35:*.webp=01;35:*.ogm=01;35:*.mp4=01;35:*.m4v=01;35:*.mp4v=01;35:*.vob=01;35:*.qt=01;35:*.nuv=01;35:*.wmv=01;35:*.asf=01;35:*.rm=01;35:*.rmvb=01;35:*.flc=01;35:*.avi=01;35:*.fli=01;35:*.flv=01;35:*.gl=01;35:*.dl=01;35:*.xcf=01;35:*.xwd=01;35:*.yuv=01;35:*.cgm=01;35:*.emf=01;35:*.ogv=01;35:*.ogx=01;35:*.aac=00;36:*.au=00;36:*.flac=00;36:*.m4a=00;36:*.mid=00;36:*.midi=00;36:*.mka=00;36:*.mp3=00;36:*.mpc=00;36:*.ogg=00;36:*.ra=00;36:*.wav=00;36:*.oga=00;36:*.opus=00;36:*.spx=00;36:*.xspf=00;36:'), ('VSCODE_GIT_IPC_HANDLE', '/run/user/1000/vscode-git-81883a5c4f.sock'), ('TERM_PROGRAM', 'vscode'), ('SSH_AGENT_LAUNCHER', 'gnome-keyring'), ('SSH_AUTH_SOCK', '/run/user/1000/keyring/ssh'), ('AMENT_PREFIX_PATH', '/home/jon/ws01/src/install/cpp03_action:/home/jon/ws01/src/install/cpp02_service:/home/jon/ws01/src/install/cpp01_topic:/home/jon/ws01/src/install/base_demo:/home/jon/ros2_ws/install/hellovscode_cpp:/home/jon/ros2_ws/install/hello_cpp:/opt/ros/humble'), ('SHELL', '/bin/bash'), ('QT_ACCESSIBILITY', '1'), ('GDMSESSION', 'ubuntu'), ('LESSCLOSE', '/usr/bin/lesspipe %s %s'), ('GPG_AGENT_INFO', '/run/user/1000/gnupg/S.gpg-agent:0:1'), ('GJS_DEBUG_OUTPUT', 'stderr'), ('VSCODE_GIT_ASKPASS_EXTRA_ARGS', ''), ('QT_IM_MODULE', 'ibus'), ('PWD', '/home/jon/ws01/src/build/base_demo'), ('XDG_CONFIG_DIRS', '/etc/xdg/xdg-ubuntu:/etc/xdg'), ('COPILOT_DEBUG_NONCE', '20fc3c0b33e88ebaf2914c4d51f59b28'), ('XDG_DATA_DIRS', '/usr/share/gnome:/usr/share/ubuntu:/usr/local/share/:/usr/share/:/var/lib/snapd/desktop'), ('PYTHONPATH', '/home/jon/ws01/src/install/base_demo/local/lib/python3.10/dist-packages:/opt/ros/humble/lib/python3.10/site-packages:/opt/ros/humble/local/lib/python3.10/dist-packages'), ('HTTP_PROXY', 'http://127.0.0.1:7890'), ('COLCON', '1'), ('CMAKE_PREFIX_PATH', '/home/jon/ws01/src/install/cpp03_action:/home/jon/ws01/src/install/cpp02_service:/home/jon/ws01/src/install/cpp01_topic:/home/jon/ws01/src/install/base_demo:/home/jon/ros2_ws/install/hellovscode_cpp:/home/jon/ros2_ws/install/hello_cpp:/opt/ros/humble')]), 'shell': False}
[0.047641] (base_demo) StdoutLine: {'line': b'[  2%] Built target base_demo__rs\n'}
[0.048743] (base_demo) StdoutLine: {'line': b'[ 12%] Built target base_demo__rosidl_generator_c\n'}
[0.054593] (base_demo) StdoutLine: {'line': b'[ 14%] Built target ament_cmake_python_copy_base_demo\n'}
[0.056056] (base_demo) StdoutLine: {'line': b'[ 14%] Built target base_demo__cpp\n'}
[0.061233] (base_demo) StdoutLine: {'line': b'[ 25%] Built target base_demo__rosidl_typesupport_introspection_c\n'}
[0.065978] (base_demo) StdoutLine: {'line': b'[ 35%] Built target base_demo__rosidl_typesupport_fastrtps_c\n'}
[0.066106] (base_demo) StdoutLine: {'line': b'[ 45%] Built target base_demo__rosidl_typesupport_c\n'}
[0.070641] (base_demo) StdoutLine: {'line': b'[ 56%] Built target base_demo__rosidl_typesupport_introspection_cpp\n'}
[0.070759] (base_demo) StdoutLine: {'line': b'[ 66%] Built target base_demo__rosidl_typesupport_cpp\n'}
[0.074340] (base_demo) StdoutLine: {'line': b'[ 77%] Built target base_demo__rosidl_typesupport_fastrtps_cpp\n'}
[0.088236] (base_demo) StdoutLine: {'line': b'[ 77%] Built target base_demo\n'}
[0.099821] (-) TimerEvent: {}
[0.110549] (base_demo) StdoutLine: {'line': b'[ 79%] Built target base_demo__py\n'}
[0.130237] (base_demo) StdoutLine: {'line': b'[ 87%] Built target base_demo__rosidl_generator_py\n'}
[0.144427] (base_demo) StdoutLine: {'line': b'[ 91%] Built target base_demo__rosidl_typesupport_c__pyext\n'}
[0.145623] (base_demo) StdoutLine: {'line': b'[ 95%] Built target base_demo__rosidl_typesupport_fastrtps_c__pyext\n'}
[0.146935] (base_demo) StdoutLine: {'line': b'[100%] Built target base_demo__rosidl_typesupport_introspection_c__pyext\n'}
[0.167324] (base_demo) StdoutLine: {'line': b'running egg_info\n'}
[0.167401] (base_demo) StdoutLine: {'line': b'writing base_demo.egg-info/PKG-INFO\n'}
[0.167434] (base_demo) StdoutLine: {'line': b'writing dependency_links to base_demo.egg-info/dependency_links.txt\n'}
[0.167463] (base_demo) StdoutLine: {'line': b'writing top-level names to base_demo.egg-info/top_level.txt\n'}
[0.168831] (base_demo) StdoutLine: {'line': b"reading manifest file 'base_demo.egg-info/SOURCES.txt'\n"}
[0.168893] (base_demo) StdoutLine: {'line': b"writing manifest file 'base_demo.egg-info/SOURCES.txt'\n"}
[0.181617] (base_demo) StdoutLine: {'line': b'[100%] Built target ament_cmake_python_build_base_demo_egg\n'}
[0.187681] (base_demo) CommandEnded: {'returncode': 0}
[0.188383] (base_demo) JobProgress: {'identifier': 'base_demo', 'progress': 'install'}
[0.193286] (base_demo) Command: {'cmd': ['/usr/bin/cmake', '--install', '/home/jon/ws01/src/build/base_demo'], 'cwd': '/home/jon/ws01/src/build/base_demo', 'env': OrderedDict([('GJS_DEBUG_TOPICS', 'JS ERROR;JS LOG'), ('PYTHON_BASIC_REPL', '1'), ('LESSOPEN', '| /usr/bin/lesspipe %s'), ('HTTPS_PROXY', 'http://127.0.0.1:7890'), ('no_proxy', 'localhost,127.0.0.0/8,::1'), ('LANGUAGE', 'zh_CN:zh'), ('USER', 'jon'), ('all_proxy', 'socks5h://127.0.0.1:7890'), ('XDG_SESSION_TYPE', 'x11'), ('GIT_ASKPASS', '/usr/share/code/resources/app/extensions/git/dist/askpass.sh'), ('SHLVL', '1'), ('LD_LIBRARY_PATH', '/home/jon/ws01/src/install/base_demo/lib:/opt/ros/humble/opt/rviz_ogre_vendor/lib:/opt/ros/humble/lib/x86_64-linux-gnu:/opt/ros/humble/lib'), ('HOME', '/home/jon'), ('CHROME_DESKTOP', 'code.desktop'), ('OLDPWD', '/home/jon/ws01'), ('TERM_PROGRAM_VERSION', '1.138.0'), ('DESKTOP_SESSION', 'ubuntu'), ('NO_PROXY', 'localhost,127.0.0.0/8,::1'), ('GIO_LAUNCHED_DESKTOP_FILE', '/usr/share/applications/code.desktop'), ('ROS_PYTHON_VERSION', '3'), ('GNOME_SHELL_SESSION_MODE', 'ubuntu'), ('GTK_MODULES', 'gail:atk-bridge'), ('VSCODE_GIT_ASKPASS_MAIN', '/usr/share/code/resources/app/extensions/git/dist/askpass-main.js'), ('VSCODE_GIT_ASKPASS_NODE', '/usr/share/code/code'), ('MANAGERPID', '1319'), ('PYDEVD_DISABLE_FILE_VALIDATION', '1'), ('SYSTEMD_EXEC_PID', '2502'), ('BUNDLED_DEBUGPY_PATH', '/home/jon/.vscode/extensions/ms-python.debugpy-2026.6.0-linux-x64/bundled/libs/debugpy'), ('VSCODE_PYTHON_AUTOACTIVATE_GUARD', '1'), ('DBUS_SESSION_BUS_ADDRESS', 'unix:path=/run/user/1000/bus'), ('COLORTERM', 'truecolor'), ('GIO_LAUNCHED_DESKTOP_FILE_PID', '6071'), ('IM_CONFIG_PHASE', '1'), ('https_proxy', 'http://127.0.0.1:7890'), ('COLCON_PREFIX_PATH', '/home/jon/ws01/src/install:/home/jon/ros2_ws/install'), ('ROS_DISTRO', 'humble'), ('LOGNAME', 'jon'), ('ALL_PROXY', 'socks5h://127.0.0.1:7890'), ('http_proxy', 'http://127.0.0.1:7890'), ('JOURNAL_STREAM', '8:32782'), ('_', '/usr/bin/colcon'), ('ROS_VERSION', '2'), ('XDG_SESSION_CLASS', 'user'), ('USERNAME', 'jon'), ('TERM', 'xterm-256color'), ('GNOME_DESKTOP_SESSION_ID', 'this-is-deprecated'), ('FC_FONTATIONS', '1'), ('ROS_LOCALHOST_ONLY', '0'), ('WINDOWPATH', '2'), ('PATH', '/home/jon/.config/Code/User/globalStorage/github.copilot-chat/debugCommand:/home/jon/.config/Code/User/globalStorage/github.copilot-chat/copilotCli:/home/jon/.local/bin:/opt/ros/humble/bin:/home/jon/.local/bin:/home/jon/.local/bin:/usr/local/sbin:/usr/local/bin:/usr/sbin:/usr/bin:/sbin:/bin:/usr/games:/usr/local/games:/snap/bin:/snap/bin:/home/jon/.vscode/extensions/ms-python.debugpy-2026.6.0-linux-x64/bundled/scripts/noConfigScripts'), ('SESSION_MANAGER', 'local/WJ:@/tmp/.ICE-unix/2480,unix/WJ:/tmp/.ICE-unix/2480'), ('INVOCATION_ID', '7147c2f4d17845b5b9c7aefa481e394c'), ('XDG_MENU_PREFIX', 'gnome-'), ('XDG_RUNTIME_DIR', '/run/user/1000'), ('GDK_BACKEND', 'x11'), ('DISPLAY', ':0'), ('VSCODE_DEBUGPY_ADAPTER_ENDPOINTS', '/home/jon/.vscode/extensions/ms-python.debugpy-2026.6.0-linux-x64/.noConfigDebugAdapterEndpoints/endpoint-b8a5c5d86f95c8fb.txt'), ('LANG', 'zh_CN.UTF-8'), ('XDG_CURRENT_DESKTOP', 'ubuntu:GNOME'), ('PYTHONSTARTUP', '/home/jon/.config/Code/User/workspaceStorage/1f60e15f81795b7429f56f0c0e99fe64/ms-python.python/pythonrc.py'), ('XMODIFIERS', '@im=ibus'), ('XDG_SESSION_DESKTOP', 'ubuntu'), ('XAUTHORITY', '/run/user/1000/gdm/Xauthority'), ('LS_COLORS', 'rs=0:di=01;34:ln=01;36:mh=00:pi=40;33:so=01;35:do=01;35:bd=40;33;01:cd=40;33;01:or=40;31;01:mi=00:su=37;41:sg=30;43:ca=30;41:tw=30;42:ow=34;42:st=37;44:ex=01;32:*.tar=01;31:*.tgz=01;31:*.arc=01;31:*.arj=01;31:*.taz=01;31:*.lha=01;31:*.lz4=01;31:*.lzh=01;31:*.lzma=01;31:*.tlz=01;31:*.txz=01;31:*.tzo=01;31:*.t7z=01;31:*.zip=01;31:*.z=01;31:*.dz=01;31:*.gz=01;31:*.lrz=01;31:*.lz=01;31:*.lzo=01;31:*.xz=01;31:*.zst=01;31:*.tzst=01;31:*.bz2=01;31:*.bz=01;31:*.tbz=01;31:*.tbz2=01;31:*.tz=01;31:*.deb=01;31:*.rpm=01;31:*.jar=01;31:*.war=01;31:*.ear=01;31:*.sar=01;31:*.rar=01;31:*.alz=01;31:*.ace=01;31:*.zoo=01;31:*.cpio=01;31:*.7z=01;31:*.rz=01;31:*.cab=01;31:*.wim=01;31:*.swm=01;31:*.dwm=01;31:*.esd=01;31:*.jpg=01;35:*.jpeg=01;35:*.mjpg=01;35:*.mjpeg=01;35:*.gif=01;35:*.bmp=01;35:*.pbm=01;35:*.pgm=01;35:*.ppm=01;35:*.tga=01;35:*.xbm=01;35:*.xpm=01;35:*.tif=01;35:*.tiff=01;35:*.png=01;35:*.svg=01;35:*.svgz=01;35:*.mng=01;35:*.pcx=01;35:*.mov=01;35:*.mpg=01;35:*.mpeg=01;35:*.m2v=01;35:*.mkv=01;35:*.webm=01;35:*.webp=01;35:*.ogm=01;35:*.mp4=01;35:*.m4v=01;35:*.mp4v=01;35:*.vob=01;35:*.qt=01;35:*.nuv=01;35:*.wmv=01;35:*.asf=01;35:*.rm=01;35:*.rmvb=01;35:*.flc=01;35:*.avi=01;35:*.fli=01;35:*.flv=01;35:*.gl=01;35:*.dl=01;35:*.xcf=01;35:*.xwd=01;35:*.yuv=01;35:*.cgm=01;35:*.emf=01;35:*.ogv=01;35:*.ogx=01;35:*.aac=00;36:*.au=00;36:*.flac=00;36:*.m4a=00;36:*.mid=00;36:*.midi=00;36:*.mka=00;36:*.mp3=00;36:*.mpc=00;36:*.ogg=00;36:*.ra=00;36:*.wav=00;36:*.oga=00;36:*.opus=00;36:*.spx=00;36:*.xspf=00;36:'), ('VSCODE_GIT_IPC_HANDLE', '/run/user/1000/vscode-git-81883a5c4f.sock'), ('TERM_PROGRAM', 'vscode'), ('SSH_AGENT_LAUNCHER', 'gnome-keyring'), ('SSH_AUTH_SOCK', '/run/user/1000/keyring/ssh'), ('AMENT_PREFIX_PATH', '/home/jon/ws01/src/install/cpp03_action:/home/jon/ws01/src/install/cpp02_service:/home/jon/ws01/src/install/cpp01_topic:/home/jon/ws01/src/install/base_demo:/home/jon/ros2_ws/install/hellovscode_cpp:/home/jon/ros2_ws/install/hello_cpp:/opt/ros/humble'), ('SHELL', '/bin/bash'), ('QT_ACCESSIBILITY', '1'), ('GDMSESSION', 'ubuntu'), ('LESSCLOSE', '/usr/bin/lesspipe %s %s'), ('GPG_AGENT_INFO', '/run/user/1000/gnupg/S.gpg-agent:0:1'), ('GJS_DEBUG_OUTPUT', 'stderr'), ('VSCODE_GIT_ASKPASS_EXTRA_ARGS', ''), ('QT_IM_MODULE', 'ibus'), ('PWD', '/home/jon/ws01/src/build/base_demo'), ('XDG_CONFIG_DIRS', '/etc/xdg/xdg-ubuntu:/etc/xdg'), ('COPILOT_DEBUG_NONCE', '20fc3c0b33e88ebaf2914c4d51f59b28'), ('XDG_DATA_DIRS', '/usr/share/gnome:/usr/share/ubuntu:/usr/local/share/:/usr/share/:/var/lib/snapd/desktop'), ('PYTHONPATH', '/home/jon/ws01/src/install/base_demo/local/lib/python3.10/dist-packages:/opt/ros/humble/lib/python3.10/site-packages:/opt/ros/humble/local/lib/python3.10/dist-packages'), ('HTTP_PROXY', 'http://127.0.0.1:7890'), ('COLCON', '1'), ('CMAKE_PREFIX_PATH', '/home/jon/ws01/src/install/cpp03_action:/home/jon/ws01/src/install/cpp02_service:/home/jon/ws01/src/install/cpp01_topic:/home/jon/ws01/src/install/base_demo:/home/jon/ros2_ws/install/hellovscode_cpp:/home/jon/ros2_ws/install/hello_cpp:/opt/ros/humble')]), 'shell': False}
[0.196640] (base_demo) StdoutLine: {'line': b'-- Install configuration: ""\n'}
[0.196701] (base_demo) StdoutLine: {'line': b'-- Up-to-date: /home/jon/ws01/src/install/base_demo/share/ament_index/resource_index/rosidl_interfaces/base_demo\n'}
[0.196733] (base_demo) StdoutLine: {'line': b'-- Up-to-date: /home/jon/ws01/src/install/base_demo/include/base_demo/base_demo\n'}
[0.196761] (base_demo) StdoutLine: {'line': b'-- Up-to-date: /home/jon/ws01/src/install/base_demo/include/base_demo/base_demo/msg\n'}
[0.196788] (base_demo) StdoutLine: {'line': b'-- Up-to-date: /home/jon/ws01/src/install/base_demo/include/base_demo/base_demo/msg/student.h\n'}
[0.196814] (base_demo) StdoutLine: {'line': b'-- Up-to-date: /home/jon/ws01/src/install/base_demo/include/base_demo/base_demo/msg/detail\n'}
[0.196839] (base_demo) StdoutLine: {'line': b'-- Up-to-date: /home/jon/ws01/src/install/base_demo/include/base_demo/base_demo/msg/detail/student__struct.h\n'}
[0.196865] (base_demo) StdoutLine: {'line': b'-- Up-to-date: /home/jon/ws01/src/install/base_demo/include/base_demo/base_demo/msg/detail/student__functions.c\n'}
[0.197601] (base_demo) StdoutLine: {'line': b'-- Up-to-date: /home/jon/ws01/src/install/base_demo/include/base_demo/base_demo/msg/detail/student__functions.h\n'}
[0.197660] (base_demo) StdoutLine: {'line': b'-- Up-to-date: /home/jon/ws01/src/install/base_demo/include/base_demo/base_demo/msg/detail/student__type_support.h\n'}
[0.197755] (base_demo) StdoutLine: {'line': b'-- Up-to-date: /home/jon/ws01/src/install/base_demo/include/base_demo/base_demo/msg/rosidl_generator_c__visibility_control.h\n'}
[0.197783] (base_demo) StdoutLine: {'line': b'-- Up-to-date: /home/jon/ws01/src/install/base_demo/include/base_demo/base_demo/action\n'}
[0.197807] (base_demo) StdoutLine: {'line': b'-- Up-to-date: /home/jon/ws01/src/install/base_demo/include/base_demo/base_demo/action/progress.h\n'}
[0.197831] (base_demo) StdoutLine: {'line': b'-- Up-to-date: /home/jon/ws01/src/install/base_demo/include/base_demo/base_demo/action/detail\n'}
[0.197853] (base_demo) StdoutLine: {'line': b'-- Up-to-date: /home/jon/ws01/src/install/base_demo/include/base_demo/base_demo/action/detail/progress__functions.h\n'}
[0.197931] (base_demo) StdoutLine: {'line': b'-- Up-to-date: /home/jon/ws01/src/install/base_demo/include/base_demo/base_demo/action/detail/progress__functions.c\n'}
[0.197962] (base_demo) StdoutLine: {'line': b'-- Up-to-date: /home/jon/ws01/src/install/base_demo/include/base_demo/base_demo/action/detail/progress__struct.h\n'}
[0.197985] (base_demo) StdoutLine: {'line': b'-- Up-to-date: /home/jon/ws01/src/install/base_demo/include/base_demo/base_demo/action/detail/progress__type_support.h\n'}
[0.198007] (base_demo) StdoutLine: {'line': b'-- Up-to-date: /home/jon/ws01/src/install/base_demo/include/base_demo/base_demo/srv\n'}
[0.198029] (base_demo) StdoutLine: {'line': b'-- Up-to-date: /home/jon/ws01/src/install/base_demo/include/base_demo/base_demo/srv/addints.h\n'}
[0.198054] (base_demo) StdoutLine: {'line': b'-- Up-to-date: /home/jon/ws01/src/install/base_demo/include/base_demo/base_demo/srv/detail\n'}
[0.198074] (base_demo) StdoutLine: {'line': b'-- Up-to-date: /home/jon/ws01/src/install/base_demo/include/base_demo/base_demo/srv/detail/addints__type_support.h\n'}
[0.198093] (base_demo) StdoutLine: {'line': b'-- Up-to-date: /home/jon/ws01/src/install/base_demo/include/base_demo/base_demo/srv/detail/addints__functions.h\n'}
[0.198111] (base_demo) StdoutLine: {'line': b'-- Up-to-date: /home/jon/ws01/src/install/base_demo/include/base_demo/base_demo/srv/detail/addints__struct.h\n'}
[0.198130] (base_demo) StdoutLine: {'line': b'-- Up-to-date: /home/jon/ws01/src/install/base_demo/include/base_demo/base_demo/srv/detail/addints__functions.c\n'}
[0.198147] (base_demo) StdoutLine: {'line': b'-- Up-to-date: /home/jon/ws01/src/install/base_demo/share/base_demo/environment/library_path.sh\n'}
[0.198165] (base_demo) StdoutLine: {'line': b'-- Up-to-date: /home/jon/ws01/src/install/base_demo/share/base_demo/environment/library_path.dsv\n'}
[0.198184] (base_demo) StdoutLine: {'line': b'-- Up-to-date: /home/jon/ws01/src/install/base_demo/lib/libbase_demo__rosidl_generator_c.so\n'}
[0.198205] (base_demo) StdoutLine: {'line': b'-- Up-to-date: /home/jon/ws01/src/install/base_demo/include/base_demo/base_demo\n'}
[0.198223] (base_demo) StdoutLine: {'line': b'-- Up-to-date: /home/jon/ws01/src/install/base_demo/include/base_demo/base_demo/msg\n'}
[0.198244] (base_demo) StdoutLine: {'line': b'-- Up-to-date: /home/jon/ws01/src/install/base_demo/include/base_demo/base_demo/msg/rosidl_typesupport_fastrtps_c__visibility_control.h\n'}
[0.198262] (base_demo) StdoutLine: {'line': b'-- Up-to-date: /home/jon/ws01/src/install/base_demo/include/base_demo/base_demo/msg/detail\n'}
[0.198280] (base_demo) StdoutLine: {'line': b'-- Up-to-date: /home/jon/ws01/src/install/base_demo/include/base_demo/base_demo/msg/detail/student__rosidl_typesupport_fastrtps_c.h\n'}
[0.198297] (base_demo) StdoutLine: {'line': b'-- Up-to-date: /home/jon/ws01/src/install/base_demo/include/base_demo/base_demo/action\n'}
[0.198314] (base_demo) StdoutLine: {'line': b'-- Up-to-date: /home/jon/ws01/src/install/base_demo/include/base_demo/base_demo/action/detail\n'}
[0.198331] (base_demo) StdoutLine: {'line': b'-- Up-to-date: /home/jon/ws01/src/install/base_demo/include/base_demo/base_demo/action/detail/progress__rosidl_typesupport_fastrtps_c.h\n'}
[0.198348] (base_demo) StdoutLine: {'line': b'-- Up-to-date: /home/jon/ws01/src/install/base_demo/include/base_demo/base_demo/srv\n'}
[0.198364] (base_demo) StdoutLine: {'line': b'-- Up-to-date: /home/jon/ws01/src/install/base_demo/include/base_demo/base_demo/srv/detail\n'}
[0.198381] (base_demo) StdoutLine: {'line': b'-- Up-to-date: /home/jon/ws01/src/install/base_demo/include/base_demo/base_demo/srv/detail/addints__rosidl_typesupport_fastrtps_c.h\n'}
[0.198397] (base_demo) StdoutLine: {'line': b'-- Up-to-date: /home/jon/ws01/src/install/base_demo/lib/libbase_demo__rosidl_typesupport_fastrtps_c.so\n'}
[0.198413] (base_demo) StdoutLine: {'line': b'-- Up-to-date: /home/jon/ws01/src/install/base_demo/include/base_demo/base_demo\n'}
[0.198430] (base_demo) StdoutLine: {'line': b'-- Up-to-date: /home/jon/ws01/src/install/base_demo/include/base_demo/base_demo/msg\n'}
[0.198446] (base_demo) StdoutLine: {'line': b'-- Up-to-date: /home/jon/ws01/src/install/base_demo/include/base_demo/base_demo/msg/detail\n'}
[0.198462] (base_demo) StdoutLine: {'line': b'-- Up-to-date: /home/jon/ws01/src/install/base_demo/include/base_demo/base_demo/msg/detail/student__rosidl_typesupport_introspection_c.h\n'}
[0.198478] (base_demo) StdoutLine: {'line': b'-- Up-to-date: /home/jon/ws01/src/install/base_demo/include/base_demo/base_demo/msg/detail/student__type_support.c\n'}
[0.198495] (base_demo) StdoutLine: {'line': b'-- Up-to-date: /home/jon/ws01/src/install/base_demo/include/base_demo/base_demo/msg/rosidl_typesupport_introspection_c__visibility_control.h\n'}
[0.198659] (base_demo) StdoutLine: {'line': b'-- Up-to-date: /home/jon/ws01/src/install/base_demo/include/base_demo/base_demo/action\n'}
[0.198690] (base_demo) StdoutLine: {'line': b'-- Up-to-date: /home/jon/ws01/src/install/base_demo/include/base_demo/base_demo/action/detail\n'}
[0.198712] (base_demo) StdoutLine: {'line': b'-- Up-to-date: /home/jon/ws01/src/install/base_demo/include/base_demo/base_demo/action/detail/progress__rosidl_typesupport_introspection_c.h\n'}
[0.198731] (base_demo) StdoutLine: {'line': b'-- Up-to-date: /home/jon/ws01/src/install/base_demo/include/base_demo/base_demo/action/detail/progress__type_support.c\n'}
[0.198750] (base_demo) StdoutLine: {'line': b'-- Up-to-date: /home/jon/ws01/src/install/base_demo/include/base_demo/base_demo/srv\n'}
[0.198768] (base_demo) StdoutLine: {'line': b'-- Up-to-date: /home/jon/ws01/src/install/base_demo/include/base_demo/base_demo/srv/detail\n'}
[0.198786] (base_demo) StdoutLine: {'line': b'-- Up-to-date: /home/jon/ws01/src/install/base_demo/include/base_demo/base_demo/srv/detail/addints__type_support.c\n'}
[0.198802] (base_demo) StdoutLine: {'line': b'-- Up-to-date: /home/jon/ws01/src/install/base_demo/include/base_demo/base_demo/srv/detail/addints__rosidl_typesupport_introspection_c.h\n'}
[0.198821] (base_demo) StdoutLine: {'line': b'-- Up-to-date: /home/jon/ws01/src/install/base_demo/lib/libbase_demo__rosidl_typesupport_introspection_c.so\n'}
[0.198838] (base_demo) StdoutLine: {'line': b'-- Up-to-date: /home/jon/ws01/src/install/base_demo/lib/libbase_demo__rosidl_typesupport_c.so\n'}
[0.198855] (base_demo) StdoutLine: {'line': b'-- Up-to-date: /home/jon/ws01/src/install/base_demo/include/base_demo/base_demo\n'}
[0.198871] (base_demo) StdoutLine: {'line': b'-- Up-to-date: /home/jon/ws01/src/install/base_demo/include/base_demo/base_demo/msg\n'}
[0.198887] (base_demo) StdoutLine: {'line': b'-- Up-to-date: /home/jon/ws01/src/install/base_demo/include/base_demo/base_demo/msg/student.hpp\n'}
[0.198903] (base_demo) StdoutLine: {'line': b'-- Up-to-date: /home/jon/ws01/src/install/base_demo/include/base_demo/base_demo/msg/detail\n'}
[0.198919] (base_demo) StdoutLine: {'line': b'-- Up-to-date: /home/jon/ws01/src/install/base_demo/include/base_demo/base_demo/msg/detail/student__type_support.hpp\n'}
[0.198935] (base_demo) StdoutLine: {'line': b'-- Up-to-date: /home/jon/ws01/src/install/base_demo/include/base_demo/base_demo/msg/detail/student__struct.hpp\n'}
[0.198950] (base_demo) StdoutLine: {'line': b'-- Up-to-date: /home/jon/ws01/src/install/base_demo/include/base_demo/base_demo/msg/detail/student__traits.hpp\n'}
[0.198966] (base_demo) StdoutLine: {'line': b'-- Up-to-date: /home/jon/ws01/src/install/base_demo/include/base_demo/base_demo/msg/detail/student__builder.hpp\n'}
[0.198981] (base_demo) StdoutLine: {'line': b'-- Up-to-date: /home/jon/ws01/src/install/base_demo/include/base_demo/base_demo/msg/rosidl_generator_cpp__visibility_control.hpp\n'}
[0.198997] (base_demo) StdoutLine: {'line': b'-- Up-to-date: /home/jon/ws01/src/install/base_demo/include/base_demo/base_demo/action\n'}
[0.199013] (base_demo) StdoutLine: {'line': b'-- Up-to-date: /home/jon/ws01/src/install/base_demo/include/base_demo/base_demo/action/progress.hpp\n'}
[0.199029] (base_demo) StdoutLine: {'line': b'-- Up-to-date: /home/jon/ws01/src/install/base_demo/include/base_demo/base_demo/action/detail\n'}
[0.199044] (base_demo) StdoutLine: {'line': b'-- Up-to-date: /home/jon/ws01/src/install/base_demo/include/base_demo/base_demo/action/detail/progress__type_support.hpp\n'}
[0.199062] (base_demo) StdoutLine: {'line': b'-- Up-to-date: /home/jon/ws01/src/install/base_demo/include/base_demo/base_demo/action/detail/progress__traits.hpp\n'}
[0.199078] (base_demo) StdoutLine: {'line': b'-- Up-to-date: /home/jon/ws01/src/install/base_demo/include/base_demo/base_demo/action/detail/progress__builder.hpp\n'}
[0.199095] (base_demo) StdoutLine: {'line': b'-- Up-to-date: /home/jon/ws01/src/install/base_demo/include/base_demo/base_demo/action/detail/progress__struct.hpp\n'}
[0.199112] (base_demo) StdoutLine: {'line': b'-- Up-to-date: /home/jon/ws01/src/install/base_demo/include/base_demo/base_demo/srv\n'}
[0.199130] (base_demo) StdoutLine: {'line': b'-- Up-to-date: /home/jon/ws01/src/install/base_demo/include/base_demo/base_demo/srv/addints.hpp\n'}
[0.199147] (base_demo) StdoutLine: {'line': b'-- Up-to-date: /home/jon/ws01/src/install/base_demo/include/base_demo/base_demo/srv/detail\n'}
[0.199164] (base_demo) StdoutLine: {'line': b'-- Up-to-date: /home/jon/ws01/src/install/base_demo/include/base_demo/base_demo/srv/detail/addints__traits.hpp\n'}
[0.199180] (base_demo) StdoutLine: {'line': b'-- Up-to-date: /home/jon/ws01/src/install/base_demo/include/base_demo/base_demo/srv/detail/addints__type_support.hpp\n'}
[0.199197] (base_demo) StdoutLine: {'line': b'-- Up-to-date: /home/jon/ws01/src/install/base_demo/include/base_demo/base_demo/srv/detail/addints__builder.hpp\n'}
[0.199213] (base_demo) StdoutLine: {'line': b'-- Up-to-date: /home/jon/ws01/src/install/base_demo/include/base_demo/base_demo/srv/detail/addints__struct.hpp\n'}
[0.199230] (base_demo) StdoutLine: {'line': b'-- Up-to-date: /home/jon/ws01/src/install/base_demo/include/base_demo/base_demo\n'}
[0.199246] (base_demo) StdoutLine: {'line': b'-- Up-to-date: /home/jon/ws01/src/install/base_demo/include/base_demo/base_demo/msg\n'}
[0.199263] (base_demo) StdoutLine: {'line': b'-- Up-to-date: /home/jon/ws01/src/install/base_demo/include/base_demo/base_demo/msg/rosidl_typesupport_fastrtps_cpp__visibility_control.h\n'}
[0.199280] (base_demo) StdoutLine: {'line': b'-- Up-to-date: /home/jon/ws01/src/install/base_demo/include/base_demo/base_demo/msg/detail\n'}
[0.199296] (base_demo) StdoutLine: {'line': b'-- Up-to-date: /home/jon/ws01/src/install/base_demo/include/base_demo/base_demo/msg/detail/dds_fastrtps\n'}
[0.199312] (base_demo) StdoutLine: {'line': b'-- Up-to-date: /home/jon/ws01/src/install/base_demo/include/base_demo/base_demo/msg/detail/student__rosidl_typesupport_fastrtps_cpp.hpp\n'}
[0.199328] (base_demo) StdoutLine: {'line': b'-- Up-to-date: /home/jon/ws01/src/install/base_demo/include/base_demo/base_demo/action\n'}
[0.199345] (base_demo) StdoutLine: {'line': b'-- Up-to-date: /home/jon/ws01/src/install/base_demo/include/base_demo/base_demo/action/detail\n'}
[0.199361] (base_demo) StdoutLine: {'line': b'-- Up-to-date: /home/jon/ws01/src/install/base_demo/include/base_demo/base_demo/action/detail/dds_fastrtps\n'}
[0.199378] (base_demo) StdoutLine: {'line': b'-- Up-to-date: /home/jon/ws01/src/install/base_demo/include/base_demo/base_demo/action/detail/progress__rosidl_typesupport_fastrtps_cpp.hpp\n'}
[0.199394] (base_demo) StdoutLine: {'line': b'-- Up-to-date: /home/jon/ws01/src/install/base_demo/include/base_demo/base_demo/srv\n'}
[0.199410] (base_demo) StdoutLine: {'line': b'-- Up-to-date: /home/jon/ws01/src/install/base_demo/include/base_demo/base_demo/srv/detail\n'}
[0.199426] (base_demo) StdoutLine: {'line': b'-- Up-to-date: /home/jon/ws01/src/install/base_demo/include/base_demo/base_demo/srv/detail/addints__rosidl_typesupport_fastrtps_cpp.hpp\n'}
[0.199449] (base_demo) StdoutLine: {'line': b'-- Up-to-date: /home/jon/ws01/src/install/base_demo/include/base_demo/base_demo/srv/detail/dds_fastrtps\n'}
[0.199466] (base_demo) StdoutLine: {'line': b'-- Up-to-date: /home/jon/ws01/src/install/base_demo/lib/libbase_demo__rosidl_typesupport_fastrtps_cpp.so\n'}
[0.199483] (base_demo) StdoutLine: {'line': b'-- Up-to-date: /home/jon/ws01/src/install/base_demo/include/base_demo/base_demo\n'}
[0.199499] (base_demo) StdoutLine: {'line': b'-- Up-to-date: /home/jon/ws01/src/install/base_demo/include/base_demo/base_demo/msg\n'}
[0.199516] (base_demo) StdoutLine: {'line': b'-- Up-to-date: /home/jon/ws01/src/install/base_demo/include/base_demo/base_demo/msg/detail\n'}
[0.199533] (base_demo) StdoutLine: {'line': b'-- Up-to-date: /home/jon/ws01/src/install/base_demo/include/base_demo/base_demo/msg/detail/student__rosidl_typesupport_introspection_cpp.hpp\n'}
[0.199552] (base_demo) StdoutLine: {'line': b'-- Up-to-date: /home/jon/ws01/src/install/base_demo/include/base_demo/base_demo/msg/detail/student__type_support.cpp\n'}
[0.199570] (base_demo) StdoutLine: {'line': b'-- Up-to-date: /home/jon/ws01/src/install/base_demo/include/base_demo/base_demo/action\n'}
[0.199587] (base_demo) StdoutLine: {'line': b'-- Up-to-date: /home/jon/ws01/src/install/base_demo/include/base_demo/base_demo/action/detail\n'}
[0.199603] (base_demo) StdoutLine: {'line': b'-- Up-to-date: /home/jon/ws01/src/install/base_demo/include/base_demo/base_demo/action/detail/progress__type_support.cpp\n'}
[0.199620] (base_demo) StdoutLine: {'line': b'-- Up-to-date: /home/jon/ws01/src/install/base_demo/include/base_demo/base_demo/action/detail/progress__rosidl_typesupport_introspection_cpp.hpp\n'}
[0.199637] (base_demo) StdoutLine: {'line': b'-- Up-to-date: /home/jon/ws01/src/install/base_demo/include/base_demo/base_demo/srv\n'}
[0.199653] (base_demo) StdoutLine: {'line': b'-- Up-to-date: /home/jon/ws01/src/install/base_demo/include/base_demo/base_demo/srv/detail\n'}
[0.199670] (base_demo) StdoutLine: {'line': b'-- Up-to-date: /home/jon/ws01/src/install/base_demo/include/base_demo/base_demo/srv/detail/addints__type_support.cpp\n'}
[0.199687] (base_demo) StdoutLine: {'line': b'-- Up-to-date: /home/jon/ws01/src/install/base_demo/include/base_demo/base_demo/srv/detail/addints__rosidl_typesupport_introspection_cpp.hpp\n'}
[0.199710] (base_demo) StdoutLine: {'line': b'-- Up-to-date: /home/jon/ws01/src/install/base_demo/lib/libbase_demo__rosidl_typesupport_introspection_cpp.so\n'}
[0.199726] (base_demo) StdoutLine: {'line': b'-- Up-to-date: /home/jon/ws01/src/install/base_demo/lib/libbase_demo__rosidl_typesupport_cpp.so\n'}
[0.199742] (base_demo) StdoutLine: {'line': b'-- Up-to-date: /home/jon/ws01/src/install/base_demo/share/base_demo/environment/pythonpath.sh\n'}
[0.199759] (base_demo) StdoutLine: {'line': b'-- Up-to-date: /home/jon/ws01/src/install/base_demo/share/base_demo/environment/pythonpath.dsv\n'}
[0.199774] (base_demo) StdoutLine: {'line': b'-- Up-to-date: /home/jon/ws01/src/install/base_demo/local/lib/python3.10/dist-packages/base_demo-0.0.0-py3.10.egg-info\n'}
[0.199790] (base_demo) StdoutLine: {'line': b'-- Installing: /home/jon/ws01/src/install/base_demo/local/lib/python3.10/dist-packages/base_demo-0.0.0-py3.10.egg-info/PKG-INFO\n'}
[0.199807] (base_demo) StdoutLine: {'line': b'-- Installing: /home/jon/ws01/src/install/base_demo/local/lib/python3.10/dist-packages/base_demo-0.0.0-py3.10.egg-info/SOURCES.txt\n'}
[0.199823] (-) TimerEvent: {}
[0.199876] (base_demo) StdoutLine: {'line': b'-- Installing: /home/jon/ws01/src/install/base_demo/local/lib/python3.10/dist-packages/base_demo-0.0.0-py3.10.egg-info/dependency_links.txt\n'}
[0.199900] (base_demo) StdoutLine: {'line': b'-- Installing: /home/jon/ws01/src/install/base_demo/local/lib/python3.10/dist-packages/base_demo-0.0.0-py3.10.egg-info/top_level.txt\n'}
[0.199920] (base_demo) StdoutLine: {'line': b'-- Up-to-date: /home/jon/ws01/src/install/base_demo/local/lib/python3.10/dist-packages/base_demo\n'}
[0.199937] (base_demo) StdoutLine: {'line': b'-- Up-to-date: /home/jon/ws01/src/install/base_demo/local/lib/python3.10/dist-packages/base_demo/__init__.py\n'}
[0.199957] (base_demo) StdoutLine: {'line': b'-- Up-to-date: /home/jon/ws01/src/install/base_demo/local/lib/python3.10/dist-packages/base_demo/msg\n'}
[0.199975] (base_demo) StdoutLine: {'line': b'-- Up-to-date: /home/jon/ws01/src/install/base_demo/local/lib/python3.10/dist-packages/base_demo/msg/__init__.py\n'}
[0.199992] (base_demo) StdoutLine: {'line': b'-- Up-to-date: /home/jon/ws01/src/install/base_demo/local/lib/python3.10/dist-packages/base_demo/msg/_student.py\n'}
[0.200008] (base_demo) StdoutLine: {'line': b'-- Up-to-date: /home/jon/ws01/src/install/base_demo/local/lib/python3.10/dist-packages/base_demo/msg/_student_s.c\n'}
[0.200024] (base_demo) StdoutLine: {'line': b'-- Up-to-date: /home/jon/ws01/src/install/base_demo/local/lib/python3.10/dist-packages/base_demo/base_demo_s__rosidl_typesupport_introspection_c.cpython-310-x86_64-linux-gnu.so\n'}
[0.200041] (base_demo) StdoutLine: {'line': b'-- Up-to-date: /home/jon/ws01/src/install/base_demo/local/lib/python3.10/dist-packages/base_demo/base_demo_s__rosidl_typesupport_fastrtps_c.cpython-310-x86_64-linux-gnu.so\n'}
[0.200058] (base_demo) StdoutLine: {'line': b'-- Up-to-date: /home/jon/ws01/src/install/base_demo/local/lib/python3.10/dist-packages/base_demo/_base_demo_s.ep.rosidl_typesupport_c.c\n'}
[0.200076] (base_demo) StdoutLine: {'line': b'-- Up-to-date: /home/jon/ws01/src/install/base_demo/local/lib/python3.10/dist-packages/base_demo/_base_demo_s.ep.rosidl_typesupport_fastrtps_c.c\n'}
[0.200093] (base_demo) StdoutLine: {'line': b'-- Up-to-date: /home/jon/ws01/src/install/base_demo/local/lib/python3.10/dist-packages/base_demo/base_demo_s__rosidl_typesupport_c.cpython-310-x86_64-linux-gnu.so\n'}
[0.200110] (base_demo) StdoutLine: {'line': b'-- Up-to-date: /home/jon/ws01/src/install/base_demo/local/lib/python3.10/dist-packages/base_demo/_base_demo_s.ep.rosidl_typesupport_introspection_c.c\n'}
[0.200128] (base_demo) StdoutLine: {'line': b'-- Up-to-date: /home/jon/ws01/src/install/base_demo/local/lib/python3.10/dist-packages/base_demo/libbase_demo__rosidl_generator_py.so\n'}
[0.200145] (base_demo) StdoutLine: {'line': b'-- Up-to-date: /home/jon/ws01/src/install/base_demo/local/lib/python3.10/dist-packages/base_demo/action\n'}
[0.200163] (base_demo) StdoutLine: {'line': b'-- Up-to-date: /home/jon/ws01/src/install/base_demo/local/lib/python3.10/dist-packages/base_demo/action/__init__.py\n'}
[0.200180] (base_demo) StdoutLine: {'line': b'-- Up-to-date: /home/jon/ws01/src/install/base_demo/local/lib/python3.10/dist-packages/base_demo/action/_progress.py\n'}
[0.200196] (base_demo) StdoutLine: {'line': b'-- Up-to-date: /home/jon/ws01/src/install/base_demo/local/lib/python3.10/dist-packages/base_demo/action/_progress_s.c\n'}
[0.200212] (base_demo) StdoutLine: {'line': b'-- Up-to-date: /home/jon/ws01/src/install/base_demo/local/lib/python3.10/dist-packages/base_demo/srv\n'}
[0.200227] (base_demo) StdoutLine: {'line': b'-- Up-to-date: /home/jon/ws01/src/install/base_demo/local/lib/python3.10/dist-packages/base_demo/srv/__init__.py\n'}
[0.200243] (base_demo) StdoutLine: {'line': b'-- Up-to-date: /home/jon/ws01/src/install/base_demo/local/lib/python3.10/dist-packages/base_demo/srv/_addints.py\n'}
[0.200258] (base_demo) StdoutLine: {'line': b'-- Up-to-date: /home/jon/ws01/src/install/base_demo/local/lib/python3.10/dist-packages/base_demo/srv/_addints_s.c\n'}
[0.212876] (base_demo) StdoutLine: {'line': b"Listing '/home/jon/ws01/src/install/base_demo/local/lib/python3.10/dist-packages/base_demo'...\n"}
[0.212973] (base_demo) StdoutLine: {'line': b"Listing '/home/jon/ws01/src/install/base_demo/local/lib/python3.10/dist-packages/base_demo/action'...\n"}
[0.213000] (base_demo) StdoutLine: {'line': b"Listing '/home/jon/ws01/src/install/base_demo/local/lib/python3.10/dist-packages/base_demo/msg'...\n"}
[0.213022] (base_demo) StdoutLine: {'line': b"Listing '/home/jon/ws01/src/install/base_demo/local/lib/python3.10/dist-packages/base_demo/srv'...\n"}
[0.214876] (base_demo) StdoutLine: {'line': b'-- Up-to-date: /home/jon/ws01/src/install/base_demo/local/lib/python3.10/dist-packages/base_demo/base_demo_s__rosidl_typesupport_fastrtps_c.cpython-310-x86_64-linux-gnu.so\n'}
[0.215958] (base_demo) StdoutLine: {'line': b'-- Up-to-date: /home/jon/ws01/src/install/base_demo/local/lib/python3.10/dist-packages/base_demo/base_demo_s__rosidl_typesupport_introspection_c.cpython-310-x86_64-linux-gnu.so\n'}
[0.216092] (base_demo) StdoutLine: {'line': b'-- Up-to-date: /home/jon/ws01/src/install/base_demo/local/lib/python3.10/dist-packages/base_demo/base_demo_s__rosidl_typesupport_c.cpython-310-x86_64-linux-gnu.so\n'}
[0.216122] (base_demo) StdoutLine: {'line': b'-- Up-to-date: /home/jon/ws01/src/install/base_demo/lib/libbase_demo__rosidl_generator_py.so\n'}
[0.216147] (base_demo) StdoutLine: {'line': b'-- Up-to-date: /home/jon/ws01/src/install/base_demo/share/base_demo/rust\n'}
[0.216168] (base_demo) StdoutLine: {'line': b'-- Up-to-date: /home/jon/ws01/src/install/base_demo/share/base_demo/rust/Cargo.toml\n'}
[0.216190] (base_demo) StdoutLine: {'line': b'-- Up-to-date: /home/jon/ws01/src/install/base_demo/share/base_demo/rust/build.rs\n'}
[0.216209] (base_demo) StdoutLine: {'line': b'-- Up-to-date: /home/jon/ws01/src/install/base_demo/share/base_demo/rust/src\n'}
[0.216227] (base_demo) StdoutLine: {'line': b'-- Up-to-date: /home/jon/ws01/src/install/base_demo/share/base_demo/rust/src/msg\n'}
[0.216245] (base_demo) StdoutLine: {'line': b'-- Up-to-date: /home/jon/ws01/src/install/base_demo/share/base_demo/rust/src/msg/rmw.rs\n'}
[0.216263] (base_demo) StdoutLine: {'line': b'-- Up-to-date: /home/jon/ws01/src/install/base_demo/share/base_demo/rust/src/msg.rs\n'}
[0.216279] (base_demo) StdoutLine: {'line': b'-- Up-to-date: /home/jon/ws01/src/install/base_demo/share/base_demo/rust/src/action.rs\n'}
[0.216296] (base_demo) StdoutLine: {'line': b'-- Up-to-date: /home/jon/ws01/src/install/base_demo/share/base_demo/rust/src/lib.rs\n'}
[0.216313] (base_demo) StdoutLine: {'line': b'-- Up-to-date: /home/jon/ws01/src/install/base_demo/share/base_demo/rust/src/srv.rs\n'}
[0.216330] (base_demo) StdoutLine: {'line': b'-- Up-to-date: /home/jon/ws01/src/install/base_demo/share/base_demo/rust/src/action\n'}
[0.216347] (base_demo) StdoutLine: {'line': b'-- Up-to-date: /home/jon/ws01/src/install/base_demo/share/base_demo/rust/src/action/rmw.rs\n'}
[0.216369] (base_demo) StdoutLine: {'line': b'-- Up-to-date: /home/jon/ws01/src/install/base_demo/share/base_demo/rust/src/srv\n'}
[0.216385] (base_demo) StdoutLine: {'line': b'-- Up-to-date: /home/jon/ws01/src/install/base_demo/share/base_demo/rust/src/srv/rmw.rs\n'}
[0.216402] (base_demo) StdoutLine: {'line': b'-- Up-to-date: /home/jon/ws01/src/install/base_demo/share/base_demo/msg/Student.idl\n'}
[0.216419] (base_demo) StdoutLine: {'line': b'-- Up-to-date: /home/jon/ws01/src/install/base_demo/share/base_demo/srv/Addints.idl\n'}
[0.216435] (base_demo) StdoutLine: {'line': b'-- Up-to-date: /home/jon/ws01/src/install/base_demo/share/base_demo/action/Progress.idl\n'}
[0.216450] (base_demo) StdoutLine: {'line': b'-- Up-to-date: /home/jon/ws01/src/install/base_demo/share/base_demo/msg/Student.msg\n'}
[0.216466] (base_demo) StdoutLine: {'line': b'-- Up-to-date: /home/jon/ws01/src/install/base_demo/share/base_demo/srv/Addints.srv\n'}
[0.216482] (base_demo) StdoutLine: {'line': b'-- Up-to-date: /home/jon/ws01/src/install/base_demo/share/base_demo/srv/Addints_Request.msg\n'}
[0.216498] (base_demo) StdoutLine: {'line': b'-- Up-to-date: /home/jon/ws01/src/install/base_demo/share/base_demo/srv/Addints_Response.msg\n'}
[0.216514] (base_demo) StdoutLine: {'line': b'-- Up-to-date: /home/jon/ws01/src/install/base_demo/share/base_demo/action/Progress.action\n'}
[0.216530] (base_demo) StdoutLine: {'line': b'-- Up-to-date: /home/jon/ws01/src/install/base_demo/share/ament_index/resource_index/package_run_dependencies/base_demo\n'}
[0.216546] (base_demo) StdoutLine: {'line': b'-- Up-to-date: /home/jon/ws01/src/install/base_demo/share/ament_index/resource_index/parent_prefix_path/base_demo\n'}
[0.216568] (base_demo) StdoutLine: {'line': b'-- Up-to-date: /home/jon/ws01/src/install/base_demo/share/base_demo/environment/ament_prefix_path.sh\n'}
[0.216586] (base_demo) StdoutLine: {'line': b'-- Up-to-date: /home/jon/ws01/src/install/base_demo/share/base_demo/environment/ament_prefix_path.dsv\n'}
[0.216603] (base_demo) StdoutLine: {'line': b'-- Up-to-date: /home/jon/ws01/src/install/base_demo/share/base_demo/environment/path.sh\n'}
[0.216622] (base_demo) StdoutLine: {'line': b'-- Up-to-date: /home/jon/ws01/src/install/base_demo/share/base_demo/environment/path.dsv\n'}
[0.216639] (base_demo) StdoutLine: {'line': b'-- Up-to-date: /home/jon/ws01/src/install/base_demo/share/base_demo/local_setup.bash\n'}
[0.216654] (base_demo) StdoutLine: {'line': b'-- Up-to-date: /home/jon/ws01/src/install/base_demo/share/base_demo/local_setup.sh\n'}
[0.216670] (base_demo) StdoutLine: {'line': b'-- Up-to-date: /home/jon/ws01/src/install/base_demo/share/base_demo/local_setup.zsh\n'}
[0.216687] (base_demo) StdoutLine: {'line': b'-- Up-to-date: /home/jon/ws01/src/install/base_demo/share/base_demo/local_setup.dsv\n'}
[0.216705] (base_demo) StdoutLine: {'line': b'-- Installing: /home/jon/ws01/src/install/base_demo/share/base_demo/package.dsv\n'}
[0.216778] (base_demo) StdoutLine: {'line': b'-- Up-to-date: /home/jon/ws01/src/install/base_demo/share/ament_index/resource_index/packages/base_demo\n'}
[0.216798] (base_demo) StdoutLine: {'line': b'-- Up-to-date: /home/jon/ws01/src/install/base_demo/share/base_demo/cmake/export_base_demo__rosidl_generator_cExport.cmake\n'}
[0.216817] (base_demo) StdoutLine: {'line': b'-- Up-to-date: /home/jon/ws01/src/install/base_demo/share/base_demo/cmake/export_base_demo__rosidl_generator_cExport-noconfig.cmake\n'}
[0.216879] (base_demo) StdoutLine: {'line': b'-- Up-to-date: /home/jon/ws01/src/install/base_demo/share/base_demo/cmake/export_base_demo__rosidl_typesupport_fastrtps_cExport.cmake\n'}
[0.216920] (base_demo) StdoutLine: {'line': b'-- Up-to-date: /home/jon/ws01/src/install/base_demo/share/base_demo/cmake/export_base_demo__rosidl_typesupport_fastrtps_cExport-noconfig.cmake\n'}
[0.216964] (base_demo) StdoutLine: {'line': b'-- Up-to-date: /home/jon/ws01/src/install/base_demo/share/base_demo/cmake/base_demo__rosidl_typesupport_introspection_cExport.cmake\n'}
[0.216982] (base_demo) StdoutLine: {'line': b'-- Up-to-date: /home/jon/ws01/src/install/base_demo/share/base_demo/cmake/base_demo__rosidl_typesupport_introspection_cExport-noconfig.cmake\n'}
[0.216999] (base_demo) StdoutLine: {'line': b'-- Up-to-date: /home/jon/ws01/src/install/base_demo/share/base_demo/cmake/base_demo__rosidl_typesupport_cExport.cmake\n'}
[0.217016] (base_demo) StdoutLine: {'line': b'-- Up-to-date: /home/jon/ws01/src/install/base_demo/share/base_demo/cmake/base_demo__rosidl_typesupport_cExport-noconfig.cmake\n'}
[0.217032] (base_demo) StdoutLine: {'line': b'-- Up-to-date: /home/jon/ws01/src/install/base_demo/share/base_demo/cmake/export_base_demo__rosidl_generator_cppExport.cmake\n'}
[0.217048] (base_demo) StdoutLine: {'line': b'-- Up-to-date: /home/jon/ws01/src/install/base_demo/share/base_demo/cmake/export_base_demo__rosidl_typesupport_fastrtps_cppExport.cmake\n'}
[0.217063] (base_demo) StdoutLine: {'line': b'-- Up-to-date: /home/jon/ws01/src/install/base_demo/share/base_demo/cmake/export_base_demo__rosidl_typesupport_fastrtps_cppExport-noconfig.cmake\n'}
[0.217079] (base_demo) StdoutLine: {'line': b'-- Up-to-date: /home/jon/ws01/src/install/base_demo/share/base_demo/cmake/base_demo__rosidl_typesupport_introspection_cppExport.cmake\n'}
[0.217094] (base_demo) StdoutLine: {'line': b'-- Up-to-date: /home/jon/ws01/src/install/base_demo/share/base_demo/cmake/base_demo__rosidl_typesupport_introspection_cppExport-noconfig.cmake\n'}
[0.217110] (base_demo) StdoutLine: {'line': b'-- Up-to-date: /home/jon/ws01/src/install/base_demo/share/base_demo/cmake/base_demo__rosidl_typesupport_cppExport.cmake\n'}
[0.217125] (base_demo) StdoutLine: {'line': b'-- Up-to-date: /home/jon/ws01/src/install/base_demo/share/base_demo/cmake/base_demo__rosidl_typesupport_cppExport-noconfig.cmake\n'}
[0.217140] (base_demo) StdoutLine: {'line': b'-- Up-to-date: /home/jon/ws01/src/install/base_demo/share/base_demo/cmake/export_base_demo__rosidl_generator_pyExport.cmake\n'}
[0.217156] (base_demo) StdoutLine: {'line': b'-- Up-to-date: /home/jon/ws01/src/install/base_demo/share/base_demo/cmake/export_base_demo__rosidl_generator_pyExport-noconfig.cmake\n'}
[0.217171] (base_demo) StdoutLine: {'line': b'-- Up-to-date: /home/jon/ws01/src/install/base_demo/share/base_demo/cmake/rosidl_cmake-extras.cmake\n'}
[0.217187] (base_demo) StdoutLine: {'line': b'-- Up-to-date: /home/jon/ws01/src/install/base_demo/share/base_demo/cmake/ament_cmake_export_dependencies-extras.cmake\n'}
[0.217203] (base_demo) StdoutLine: {'line': b'-- Up-to-date: /home/jon/ws01/src/install/base_demo/share/base_demo/cmake/ament_cmake_export_include_directories-extras.cmake\n'}
[0.217390] (base_demo) StdoutLine: {'line': b'-- Up-to-date: /home/jon/ws01/src/install/base_demo/share/base_demo/cmake/ament_cmake_export_libraries-extras.cmake\n'}
[0.217527] (base_demo) StdoutLine: {'line': b'-- Up-to-date: /home/jon/ws01/src/install/base_demo/share/base_demo/cmake/ament_cmake_export_targets-extras.cmake\n'}
[0.217555] (base_demo) StdoutLine: {'line': b'-- Up-to-date: /home/jon/ws01/src/install/base_demo/share/base_demo/cmake/rosidl_cmake_export_typesupport_targets-extras.cmake\n'}
[0.217576] (base_demo) StdoutLine: {'line': b'-- Up-to-date: /home/jon/ws01/src/install/base_demo/share/base_demo/cmake/rosidl_cmake_export_typesupport_libraries-extras.cmake\n'}
[0.217594] (base_demo) StdoutLine: {'line': b'-- Up-to-date: /home/jon/ws01/src/install/base_demo/share/base_demo/cmake/rosidl_cmake_aggregate_target-extras.cmake\n'}
[0.217612] (base_demo) StdoutLine: {'line': b'-- Up-to-date: /home/jon/ws01/src/install/base_demo/share/base_demo/cmake/base_demoConfig.cmake\n'}
[0.217632] (base_demo) StdoutLine: {'line': b'-- Up-to-date: /home/jon/ws01/src/install/base_demo/share/base_demo/cmake/base_demoConfig-version.cmake\n'}
[0.217790] (base_demo) StdoutLine: {'line': b'-- Up-to-date: /home/jon/ws01/src/install/base_demo/share/base_demo/package.xml\n'}
[0.218870] (base_demo) CommandEnded: {'returncode': 0}
[0.228414] (base_demo) JobEnded: {'identifier': 'base_demo', 'rc': 0}
[0.228812] (cpp01_topic) JobStarted: {'identifier': 'cpp01_topic'}
[0.230295] (cpp02_service) JobStarted: {'identifier': 'cpp02_service'}
[0.232302] (cpp03_action) JobStarted: {'identifier': 'cpp03_action'}
[0.234958] (cpp01_topic) JobProgress: {'identifier': 'cpp01_topic', 'progress': 'cmake'}
[0.235474] (cpp01_topic) JobProgress: {'identifier': 'cpp01_topic', 'progress': 'build'}
[0.235515] (cpp01_topic) Command: {'cmd': ['/usr/bin/cmake', '--build', '/home/jon/ws01/src/build/cpp01_topic', '--', '-j24', '-l24'], 'cwd': '/home/jon/ws01/src/build/cpp01_topic', 'env': OrderedDict([('GJS_DEBUG_TOPICS', 'JS ERROR;JS LOG'), ('PYTHON_BASIC_REPL', '1'), ('LESSOPEN', '| /usr/bin/lesspipe %s'), ('HTTPS_PROXY', 'http://127.0.0.1:7890'), ('no_proxy', 'localhost,127.0.0.0/8,::1'), ('LANGUAGE', 'zh_CN:zh'), ('USER', 'jon'), ('all_proxy', 'socks5h://127.0.0.1:7890'), ('XDG_SESSION_TYPE', 'x11'), ('GIT_ASKPASS', '/usr/share/code/resources/app/extensions/git/dist/askpass.sh'), ('SHLVL', '1'), ('LD_LIBRARY_PATH', '/home/jon/ws01/src/install/base_demo/lib:/opt/ros/humble/opt/rviz_ogre_vendor/lib:/opt/ros/humble/lib/x86_64-linux-gnu:/opt/ros/humble/lib'), ('HOME', '/home/jon'), ('CHROME_DESKTOP', 'code.desktop'), ('OLDPWD', '/home/jon/ws01'), ('TERM_PROGRAM_VERSION', '1.138.0'), ('DESKTOP_SESSION', 'ubuntu'), ('NO_PROXY', 'localhost,127.0.0.0/8,::1'), ('GIO_LAUNCHED_DESKTOP_FILE', '/usr/share/applications/code.desktop'), ('ROS_PYTHON_VERSION', '3'), ('GNOME_SHELL_SESSION_MODE', 'ubuntu'), ('GTK_MODULES', 'gail:atk-bridge'), ('VSCODE_GIT_ASKPASS_MAIN', '/usr/share/code/resources/app/extensions/git/dist/askpass-main.js'), ('VSCODE_GIT_ASKPASS_NODE', '/usr/share/code/code'), ('MANAGERPID', '1319'), ('PYDEVD_DISABLE_FILE_VALIDATION', '1'), ('SYSTEMD_EXEC_PID', '2502'), ('BUNDLED_DEBUGPY_PATH', '/home/jon/.vscode/extensions/ms-python.debugpy-2026.6.0-linux-x64/bundled/libs/debugpy'), ('VSCODE_PYTHON_AUTOACTIVATE_GUARD', '1'), ('DBUS_SESSION_BUS_ADDRESS', 'unix:path=/run/user/1000/bus'), ('COLORTERM', 'truecolor'), ('GIO_LAUNCHED_DESKTOP_FILE_PID', '6071'), ('IM_CONFIG_PHASE', '1'), ('https_proxy', 'http://127.0.0.1:7890'), ('COLCON_PREFIX_PATH', '/home/jon/ws01/src/install:/home/jon/ros2_ws/install'), ('ROS_DISTRO', 'humble'), ('LOGNAME', 'jon'), ('ALL_PROXY', 'socks5h://127.0.0.1:7890'), ('http_proxy', 'http://127.0.0.1:7890'), ('JOURNAL_STREAM', '8:32782'), ('_', '/usr/bin/colcon'), ('ROS_VERSION', '2'), ('XDG_SESSION_CLASS', 'user'), ('USERNAME', 'jon'), ('TERM', 'xterm-256color'), ('GNOME_DESKTOP_SESSION_ID', 'this-is-deprecated'), ('FC_FONTATIONS', '1'), ('ROS_LOCALHOST_ONLY', '0'), ('WINDOWPATH', '2'), ('PATH', '/home/jon/.config/Code/User/globalStorage/github.copilot-chat/debugCommand:/home/jon/.config/Code/User/globalStorage/github.copilot-chat/copilotCli:/home/jon/.local/bin:/opt/ros/humble/bin:/home/jon/.local/bin:/home/jon/.local/bin:/usr/local/sbin:/usr/local/bin:/usr/sbin:/usr/bin:/sbin:/bin:/usr/games:/usr/local/games:/snap/bin:/snap/bin:/home/jon/.vscode/extensions/ms-python.debugpy-2026.6.0-linux-x64/bundled/scripts/noConfigScripts'), ('SESSION_MANAGER', 'local/WJ:@/tmp/.ICE-unix/2480,unix/WJ:/tmp/.ICE-unix/2480'), ('INVOCATION_ID', '7147c2f4d17845b5b9c7aefa481e394c'), ('XDG_MENU_PREFIX', 'gnome-'), ('XDG_RUNTIME_DIR', '/run/user/1000'), ('GDK_BACKEND', 'x11'), ('DISPLAY', ':0'), ('VSCODE_DEBUGPY_ADAPTER_ENDPOINTS', '/home/jon/.vscode/extensions/ms-python.debugpy-2026.6.0-linux-x64/.noConfigDebugAdapterEndpoints/endpoint-b8a5c5d86f95c8fb.txt'), ('LANG', 'zh_CN.UTF-8'), ('XDG_CURRENT_DESKTOP', 'ubuntu:GNOME'), ('PYTHONSTARTUP', '/home/jon/.config/Code/User/workspaceStorage/1f60e15f81795b7429f56f0c0e99fe64/ms-python.python/pythonrc.py'), ('XMODIFIERS', '@im=ibus'), ('XDG_SESSION_DESKTOP', 'ubuntu'), ('XAUTHORITY', '/run/user/1000/gdm/Xauthority'), ('LS_COLORS', 'rs=0:di=01;34:ln=01;36:mh=00:pi=40;33:so=01;35:do=01;35:bd=40;33;01:cd=40;33;01:or=40;31;01:mi=00:su=37;41:sg=30;43:ca=30;41:tw=30;42:ow=34;42:st=37;44:ex=01;32:*.tar=01;31:*.tgz=01;31:*.arc=01;31:*.arj=01;31:*.taz=01;31:*.lha=01;31:*.lz4=01;31:*.lzh=01;31:*.lzma=01;31:*.tlz=01;31:*.txz=01;31:*.tzo=01;31:*.t7z=01;31:*.zip=01;31:*.z=01;31:*.dz=01;31:*.gz=01;31:*.lrz=01;31:*.lz=01;31:*.lzo=01;31:*.xz=01;31:*.zst=01;31:*.tzst=01;31:*.bz2=01;31:*.bz=01;31:*.tbz=01;31:*.tbz2=01;31:*.tz=01;31:*.deb=01;31:*.rpm=01;31:*.jar=01;31:*.war=01;31:*.ear=01;31:*.sar=01;31:*.rar=01;31:*.alz=01;31:*.ace=01;31:*.zoo=01;31:*.cpio=01;31:*.7z=01;31:*.rz=01;31:*.cab=01;31:*.wim=01;31:*.swm=01;31:*.dwm=01;31:*.esd=01;31:*.jpg=01;35:*.jpeg=01;35:*.mjpg=01;35:*.mjpeg=01;35:*.gif=01;35:*.bmp=01;35:*.pbm=01;35:*.pgm=01;35:*.ppm=01;35:*.tga=01;35:*.xbm=01;35:*.xpm=01;35:*.tif=01;35:*.tiff=01;35:*.png=01;35:*.svg=01;35:*.svgz=01;35:*.mng=01;35:*.pcx=01;35:*.mov=01;35:*.mpg=01;35:*.mpeg=01;35:*.m2v=01;35:*.mkv=01;35:*.webm=01;35:*.webp=01;35:*.ogm=01;35:*.mp4=01;35:*.m4v=01;35:*.mp4v=01;35:*.vob=01;35:*.qt=01;35:*.nuv=01;35:*.wmv=01;35:*.asf=01;35:*.rm=01;35:*.rmvb=01;35:*.flc=01;35:*.avi=01;35:*.fli=01;35:*.flv=01;35:*.gl=01;35:*.dl=01;35:*.xcf=01;35:*.xwd=01;35:*.yuv=01;35:*.cgm=01;35:*.emf=01;35:*.ogv=01;35:*.ogx=01;35:*.aac=00;36:*.au=00;36:*.flac=00;36:*.m4a=00;36:*.mid=00;36:*.midi=00;36:*.mka=00;36:*.mp3=00;36:*.mpc=00;36:*.ogg=00;36:*.ra=00;36:*.wav=00;36:*.oga=00;36:*.opus=00;36:*.spx=00;36:*.xspf=00;36:'), ('VSCODE_GIT_IPC_HANDLE', '/run/user/1000/vscode-git-81883a5c4f.sock'), ('TERM_PROGRAM', 'vscode'), ('SSH_AGENT_LAUNCHER', 'gnome-keyring'), ('SSH_AUTH_SOCK', '/run/user/1000/keyring/ssh'), ('AMENT_PREFIX_PATH', '/home/jon/ws01/src/install/cpp03_action:/home/jon/ws01/src/install/cpp02_service:/home/jon/ws01/src/install/cpp01_topic:/home/jon/ws01/src/install/base_demo:/home/jon/ros2_ws/install/hellovscode_cpp:/home/jon/ros2_ws/install/hello_cpp:/opt/ros/humble'), ('SHELL', '/bin/bash'), ('QT_ACCESSIBILITY', '1'), ('GDMSESSION', 'ubuntu'), ('LESSCLOSE', '/usr/bin/lesspipe %s %s'), ('GPG_AGENT_INFO', '/run/user/1000/gnupg/S.gpg-agent:0:1'), ('GJS_DEBUG_OUTPUT', 'stderr'), ('VSCODE_GIT_ASKPASS_EXTRA_ARGS', ''), ('QT_IM_MODULE', 'ibus'), ('PWD', '/home/jon/ws01/src/build/cpp01_topic'), ('XDG_CONFIG_DIRS', '/etc/xdg/xdg-ubuntu:/etc/xdg'), ('COPILOT_DEBUG_NONCE', '20fc3c0b33e88ebaf2914c4d51f59b28'), ('XDG_DATA_DIRS', '/usr/share/gnome:/usr/share/ubuntu:/usr/local/share/:/usr/share/:/var/lib/snapd/desktop'), ('PYTHONPATH', '/home/jon/ws01/src/install/base_demo/local/lib/python3.10/dist-packages:/opt/ros/humble/lib/python3.10/site-packages:/opt/ros/humble/local/lib/python3.10/dist-packages'), ('HTTP_PROXY', 'http://127.0.0.1:7890'), ('COLCON', '1'), ('CMAKE_PREFIX_PATH', '/home/jon/ws01/src/install/base_demo:/home/jon/ws01/src/install/cpp03_action:/home/jon/ws01/src/install/cpp02_service:/home/jon/ws01/src/install/cpp01_topic:/home/jon/ros2_ws/install/hellovscode_cpp:/home/jon/ros2_ws/install/hello_cpp:/opt/ros/humble')]), 'shell': False}
[0.237072] (cpp02_service) JobProgress: {'identifier': 'cpp02_service', 'progress': 'cmake'}
[0.238098] (cpp02_service) JobProgress: {'identifier': 'cpp02_service', 'progress': 'build'}
[0.238191] (cpp02_service) Command: {'cmd': ['/usr/bin/cmake', '--build', '/home/jon/ws01/src/build/cpp02_service', '--', '-j24', '-l24'], 'cwd': '/home/jon/ws01/src/build/cpp02_service', 'env': OrderedDict([('GJS_DEBUG_TOPICS', 'JS ERROR;JS LOG'), ('PYTHON_BASIC_REPL', '1'), ('LESSOPEN', '| /usr/bin/lesspipe %s'), ('HTTPS_PROXY', 'http://127.0.0.1:7890'), ('no_proxy', 'localhost,127.0.0.0/8,::1'), ('LANGUAGE', 'zh_CN:zh'), ('USER', 'jon'), ('all_proxy', 'socks5h://127.0.0.1:7890'), ('XDG_SESSION_TYPE', 'x11'), ('GIT_ASKPASS', '/usr/share/code/resources/app/extensions/git/dist/askpass.sh'), ('SHLVL', '1'), ('LD_LIBRARY_PATH', '/home/jon/ws01/src/install/base_demo/lib:/opt/ros/humble/opt/rviz_ogre_vendor/lib:/opt/ros/humble/lib/x86_64-linux-gnu:/opt/ros/humble/lib'), ('HOME', '/home/jon'), ('CHROME_DESKTOP', 'code.desktop'), ('OLDPWD', '/home/jon/ws01'), ('TERM_PROGRAM_VERSION', '1.138.0'), ('DESKTOP_SESSION', 'ubuntu'), ('NO_PROXY', 'localhost,127.0.0.0/8,::1'), ('GIO_LAUNCHED_DESKTOP_FILE', '/usr/share/applications/code.desktop'), ('ROS_PYTHON_VERSION', '3'), ('GNOME_SHELL_SESSION_MODE', 'ubuntu'), ('GTK_MODULES', 'gail:atk-bridge'), ('VSCODE_GIT_ASKPASS_MAIN', '/usr/share/code/resources/app/extensions/git/dist/askpass-main.js'), ('VSCODE_GIT_ASKPASS_NODE', '/usr/share/code/code'), ('MANAGERPID', '1319'), ('PYDEVD_DISABLE_FILE_VALIDATION', '1'), ('SYSTEMD_EXEC_PID', '2502'), ('BUNDLED_DEBUGPY_PATH', '/home/jon/.vscode/extensions/ms-python.debugpy-2026.6.0-linux-x64/bundled/libs/debugpy'), ('VSCODE_PYTHON_AUTOACTIVATE_GUARD', '1'), ('DBUS_SESSION_BUS_ADDRESS', 'unix:path=/run/user/1000/bus'), ('COLORTERM', 'truecolor'), ('GIO_LAUNCHED_DESKTOP_FILE_PID', '6071'), ('IM_CONFIG_PHASE', '1'), ('https_proxy', 'http://127.0.0.1:7890'), ('COLCON_PREFIX_PATH', '/home/jon/ws01/src/install:/home/jon/ros2_ws/install'), ('ROS_DISTRO', 'humble'), ('LOGNAME', 'jon'), ('ALL_PROXY', 'socks5h://127.0.0.1:7890'), ('http_proxy', 'http://127.0.0.1:7890'), ('JOURNAL_STREAM', '8:32782'), ('_', '/usr/bin/colcon'), ('ROS_VERSION', '2'), ('XDG_SESSION_CLASS', 'user'), ('USERNAME', 'jon'), ('TERM', 'xterm-256color'), ('GNOME_DESKTOP_SESSION_ID', 'this-is-deprecated'), ('FC_FONTATIONS', '1'), ('ROS_LOCALHOST_ONLY', '0'), ('WINDOWPATH', '2'), ('PATH', '/home/jon/.config/Code/User/globalStorage/github.copilot-chat/debugCommand:/home/jon/.config/Code/User/globalStorage/github.copilot-chat/copilotCli:/home/jon/.local/bin:/opt/ros/humble/bin:/home/jon/.local/bin:/home/jon/.local/bin:/usr/local/sbin:/usr/local/bin:/usr/sbin:/usr/bin:/sbin:/bin:/usr/games:/usr/local/games:/snap/bin:/snap/bin:/home/jon/.vscode/extensions/ms-python.debugpy-2026.6.0-linux-x64/bundled/scripts/noConfigScripts'), ('SESSION_MANAGER', 'local/WJ:@/tmp/.ICE-unix/2480,unix/WJ:/tmp/.ICE-unix/2480'), ('INVOCATION_ID', '7147c2f4d17845b5b9c7aefa481e394c'), ('XDG_MENU_PREFIX', 'gnome-'), ('XDG_RUNTIME_DIR', '/run/user/1000'), ('GDK_BACKEND', 'x11'), ('DISPLAY', ':0'), ('VSCODE_DEBUGPY_ADAPTER_ENDPOINTS', '/home/jon/.vscode/extensions/ms-python.debugpy-2026.6.0-linux-x64/.noConfigDebugAdapterEndpoints/endpoint-b8a5c5d86f95c8fb.txt'), ('LANG', 'zh_CN.UTF-8'), ('XDG_CURRENT_DESKTOP', 'ubuntu:GNOME'), ('PYTHONSTARTUP', '/home/jon/.config/Code/User/workspaceStorage/1f60e15f81795b7429f56f0c0e99fe64/ms-python.python/pythonrc.py'), ('XMODIFIERS', '@im=ibus'), ('XDG_SESSION_DESKTOP', 'ubuntu'), ('XAUTHORITY', '/run/user/1000/gdm/Xauthority'), ('LS_COLORS', 'rs=0:di=01;34:ln=01;36:mh=00:pi=40;33:so=01;35:do=01;35:bd=40;33;01:cd=40;33;01:or=40;31;01:mi=00:su=37;41:sg=30;43:ca=30;41:tw=30;42:ow=34;42:st=37;44:ex=01;32:*.tar=01;31:*.tgz=01;31:*.arc=01;31:*.arj=01;31:*.taz=01;31:*.lha=01;31:*.lz4=01;31:*.lzh=01;31:*.lzma=01;31:*.tlz=01;31:*.txz=01;31:*.tzo=01;31:*.t7z=01;31:*.zip=01;31:*.z=01;31:*.dz=01;31:*.gz=01;31:*.lrz=01;31:*.lz=01;31:*.lzo=01;31:*.xz=01;31:*.zst=01;31:*.tzst=01;31:*.bz2=01;31:*.bz=01;31:*.tbz=01;31:*.tbz2=01;31:*.tz=01;31:*.deb=01;31:*.rpm=01;31:*.jar=01;31:*.war=01;31:*.ear=01;31:*.sar=01;31:*.rar=01;31:*.alz=01;31:*.ace=01;31:*.zoo=01;31:*.cpio=01;31:*.7z=01;31:*.rz=01;31:*.cab=01;31:*.wim=01;31:*.swm=01;31:*.dwm=01;31:*.esd=01;31:*.jpg=01;35:*.jpeg=01;35:*.mjpg=01;35:*.mjpeg=01;35:*.gif=01;35:*.bmp=01;35:*.pbm=01;35:*.pgm=01;35:*.ppm=01;35:*.tga=01;35:*.xbm=01;35:*.xpm=01;35:*.tif=01;35:*.tiff=01;35:*.png=01;35:*.svg=01;35:*.svgz=01;35:*.mng=01;35:*.pcx=01;35:*.mov=01;35:*.mpg=01;35:*.mpeg=01;35:*.m2v=01;35:*.mkv=01;35:*.webm=01;35:*.webp=01;35:*.ogm=01;35:*.mp4=01;35:*.m4v=01;35:*.mp4v=01;35:*.vob=01;35:*.qt=01;35:*.nuv=01;35:*.wmv=01;35:*.asf=01;35:*.rm=01;35:*.rmvb=01;35:*.flc=01;35:*.avi=01;35:*.fli=01;35:*.flv=01;35:*.gl=01;35:*.dl=01;35:*.xcf=01;35:*.xwd=01;35:*.yuv=01;35:*.cgm=01;35:*.emf=01;35:*.ogv=01;35:*.ogx=01;35:*.aac=00;36:*.au=00;36:*.flac=00;36:*.m4a=00;36:*.mid=00;36:*.midi=00;36:*.mka=00;36:*.mp3=00;36:*.mpc=00;36:*.ogg=00;36:*.ra=00;36:*.wav=00;36:*.oga=00;36:*.opus=00;36:*.spx=00;36:*.xspf=00;36:'), ('VSCODE_GIT_IPC_HANDLE', '/run/user/1000/vscode-git-81883a5c4f.sock'), ('TERM_PROGRAM', 'vscode'), ('SSH_AGENT_LAUNCHER', 'gnome-keyring'), ('SSH_AUTH_SOCK', '/run/user/1000/keyring/ssh'), ('AMENT_PREFIX_PATH', '/home/jon/ws01/src/install/cpp03_action:/home/jon/ws01/src/install/cpp02_service:/home/jon/ws01/src/install/cpp01_topic:/home/jon/ws01/src/install/base_demo:/home/jon/ros2_ws/install/hellovscode_cpp:/home/jon/ros2_ws/install/hello_cpp:/opt/ros/humble'), ('SHELL', '/bin/bash'), ('QT_ACCESSIBILITY', '1'), ('GDMSESSION', 'ubuntu'), ('LESSCLOSE', '/usr/bin/lesspipe %s %s'), ('GPG_AGENT_INFO', '/run/user/1000/gnupg/S.gpg-agent:0:1'), ('GJS_DEBUG_OUTPUT', 'stderr'), ('VSCODE_GIT_ASKPASS_EXTRA_ARGS', ''), ('QT_IM_MODULE', 'ibus'), ('PWD', '/home/jon/ws01/src/build/cpp02_service'), ('XDG_CONFIG_DIRS', '/etc/xdg/xdg-ubuntu:/etc/xdg'), ('COPILOT_DEBUG_NONCE', '20fc3c0b33e88ebaf2914c4d51f59b28'), ('XDG_DATA_DIRS', '/usr/share/gnome:/usr/share/ubuntu:/usr/local/share/:/usr/share/:/var/lib/snapd/desktop'), ('PYTHONPATH', '/home/jon/ws01/src/install/base_demo/local/lib/python3.10/dist-packages:/opt/ros/humble/lib/python3.10/site-packages:/opt/ros/humble/local/lib/python3.10/dist-packages'), ('HTTP_PROXY', 'http://127.0.0.1:7890'), ('COLCON', '1'), ('CMAKE_PREFIX_PATH', '/home/jon/ws01/src/install/base_demo:/home/jon/ws01/src/install/cpp03_action:/home/jon/ws01/src/install/cpp02_service:/home/jon/ws01/src/install/cpp01_topic:/home/jon/ros2_ws/install/hellovscode_cpp:/home/jon/ros2_ws/install/hello_cpp:/opt/ros/humble')]), 'shell': False}
[0.239602] (cpp03_action) JobProgress: {'identifier': 'cpp03_action', 'progress': 'cmake'}
[0.239623] (cpp03_action) JobProgress: {'identifier': 'cpp03_action', 'progress': 'build'}
[0.239632] (cpp03_action) Command: {'cmd': ['/usr/bin/cmake', '--build', '/home/jon/ws01/src/build/cpp03_action', '--', '-j24', '-l24'], 'cwd': '/home/jon/ws01/src/build/cpp03_action', 'env': OrderedDict([('GJS_DEBUG_TOPICS', 'JS ERROR;JS LOG'), ('PYTHON_BASIC_REPL', '1'), ('LESSOPEN', '| /usr/bin/lesspipe %s'), ('HTTPS_PROXY', 'http://127.0.0.1:7890'), ('no_proxy', 'localhost,127.0.0.0/8,::1'), ('LANGUAGE', 'zh_CN:zh'), ('USER', 'jon'), ('all_proxy', 'socks5h://127.0.0.1:7890'), ('XDG_SESSION_TYPE', 'x11'), ('GIT_ASKPASS', '/usr/share/code/resources/app/extensions/git/dist/askpass.sh'), ('SHLVL', '1'), ('LD_LIBRARY_PATH', '/home/jon/ws01/src/install/base_demo/lib:/opt/ros/humble/opt/rviz_ogre_vendor/lib:/opt/ros/humble/lib/x86_64-linux-gnu:/opt/ros/humble/lib'), ('HOME', '/home/jon'), ('CHROME_DESKTOP', 'code.desktop'), ('OLDPWD', '/home/jon/ws01'), ('TERM_PROGRAM_VERSION', '1.138.0'), ('DESKTOP_SESSION', 'ubuntu'), ('NO_PROXY', 'localhost,127.0.0.0/8,::1'), ('GIO_LAUNCHED_DESKTOP_FILE', '/usr/share/applications/code.desktop'), ('ROS_PYTHON_VERSION', '3'), ('GNOME_SHELL_SESSION_MODE', 'ubuntu'), ('GTK_MODULES', 'gail:atk-bridge'), ('VSCODE_GIT_ASKPASS_MAIN', '/usr/share/code/resources/app/extensions/git/dist/askpass-main.js'), ('VSCODE_GIT_ASKPASS_NODE', '/usr/share/code/code'), ('MANAGERPID', '1319'), ('PYDEVD_DISABLE_FILE_VALIDATION', '1'), ('SYSTEMD_EXEC_PID', '2502'), ('BUNDLED_DEBUGPY_PATH', '/home/jon/.vscode/extensions/ms-python.debugpy-2026.6.0-linux-x64/bundled/libs/debugpy'), ('VSCODE_PYTHON_AUTOACTIVATE_GUARD', '1'), ('DBUS_SESSION_BUS_ADDRESS', 'unix:path=/run/user/1000/bus'), ('COLORTERM', 'truecolor'), ('GIO_LAUNCHED_DESKTOP_FILE_PID', '6071'), ('IM_CONFIG_PHASE', '1'), ('https_proxy', 'http://127.0.0.1:7890'), ('COLCON_PREFIX_PATH', '/home/jon/ws01/src/install:/home/jon/ros2_ws/install'), ('ROS_DISTRO', 'humble'), ('LOGNAME', 'jon'), ('ALL_PROXY', 'socks5h://127.0.0.1:7890'), ('http_proxy', 'http://127.0.0.1:7890'), ('JOURNAL_STREAM', '8:32782'), ('_', '/usr/bin/colcon'), ('ROS_VERSION', '2'), ('XDG_SESSION_CLASS', 'user'), ('USERNAME', 'jon'), ('TERM', 'xterm-256color'), ('GNOME_DESKTOP_SESSION_ID', 'this-is-deprecated'), ('FC_FONTATIONS', '1'), ('ROS_LOCALHOST_ONLY', '0'), ('WINDOWPATH', '2'), ('PATH', '/home/jon/.config/Code/User/globalStorage/github.copilot-chat/debugCommand:/home/jon/.config/Code/User/globalStorage/github.copilot-chat/copilotCli:/home/jon/.local/bin:/opt/ros/humble/bin:/home/jon/.local/bin:/home/jon/.local/bin:/usr/local/sbin:/usr/local/bin:/usr/sbin:/usr/bin:/sbin:/bin:/usr/games:/usr/local/games:/snap/bin:/snap/bin:/home/jon/.vscode/extensions/ms-python.debugpy-2026.6.0-linux-x64/bundled/scripts/noConfigScripts'), ('SESSION_MANAGER', 'local/WJ:@/tmp/.ICE-unix/2480,unix/WJ:/tmp/.ICE-unix/2480'), ('INVOCATION_ID', '7147c2f4d17845b5b9c7aefa481e394c'), ('XDG_MENU_PREFIX', 'gnome-'), ('XDG_RUNTIME_DIR', '/run/user/1000'), ('GDK_BACKEND', 'x11'), ('DISPLAY', ':0'), ('VSCODE_DEBUGPY_ADAPTER_ENDPOINTS', '/home/jon/.vscode/extensions/ms-python.debugpy-2026.6.0-linux-x64/.noConfigDebugAdapterEndpoints/endpoint-b8a5c5d86f95c8fb.txt'), ('LANG', 'zh_CN.UTF-8'), ('XDG_CURRENT_DESKTOP', 'ubuntu:GNOME'), ('PYTHONSTARTUP', '/home/jon/.config/Code/User/workspaceStorage/1f60e15f81795b7429f56f0c0e99fe64/ms-python.python/pythonrc.py'), ('XMODIFIERS', '@im=ibus'), ('XDG_SESSION_DESKTOP', 'ubuntu'), ('XAUTHORITY', '/run/user/1000/gdm/Xauthority'), ('LS_COLORS', 'rs=0:di=01;34:ln=01;36:mh=00:pi=40;33:so=01;35:do=01;35:bd=40;33;01:cd=40;33;01:or=40;31;01:mi=00:su=37;41:sg=30;43:ca=30;41:tw=30;42:ow=34;42:st=37;44:ex=01;32:*.tar=01;31:*.tgz=01;31:*.arc=01;31:*.arj=01;31:*.taz=01;31:*.lha=01;31:*.lz4=01;31:*.lzh=01;31:*.lzma=01;31:*.tlz=01;31:*.txz=01;31:*.tzo=01;31:*.t7z=01;31:*.zip=01;31:*.z=01;31:*.dz=01;31:*.gz=01;31:*.lrz=01;31:*.lz=01;31:*.lzo=01;31:*.xz=01;31:*.zst=01;31:*.tzst=01;31:*.bz2=01;31:*.bz=01;31:*.tbz=01;31:*.tbz2=01;31:*.tz=01;31:*.deb=01;31:*.rpm=01;31:*.jar=01;31:*.war=01;31:*.ear=01;31:*.sar=01;31:*.rar=01;31:*.alz=01;31:*.ace=01;31:*.zoo=01;31:*.cpio=01;31:*.7z=01;31:*.rz=01;31:*.cab=01;31:*.wim=01;31:*.swm=01;31:*.dwm=01;31:*.esd=01;31:*.jpg=01;35:*.jpeg=01;35:*.mjpg=01;35:*.mjpeg=01;35:*.gif=01;35:*.bmp=01;35:*.pbm=01;35:*.pgm=01;35:*.ppm=01;35:*.tga=01;35:*.xbm=01;35:*.xpm=01;35:*.tif=01;35:*.tiff=01;35:*.png=01;35:*.svg=01;35:*.svgz=01;35:*.mng=01;35:*.pcx=01;35:*.mov=01;35:*.mpg=01;35:*.mpeg=01;35:*.m2v=01;35:*.mkv=01;35:*.webm=01;35:*.webp=01;35:*.ogm=01;35:*.mp4=01;35:*.m4v=01;35:*.mp4v=01;35:*.vob=01;35:*.qt=01;35:*.nuv=01;35:*.wmv=01;35:*.asf=01;35:*.rm=01;35:*.rmvb=01;35:*.flc=01;35:*.avi=01;35:*.fli=01;35:*.flv=01;35:*.gl=01;35:*.dl=01;35:*.xcf=01;35:*.xwd=01;35:*.yuv=01;35:*.cgm=01;35:*.emf=01;35:*.ogv=01;35:*.ogx=01;35:*.aac=00;36:*.au=00;36:*.flac=00;36:*.m4a=00;36:*.mid=00;36:*.midi=00;36:*.mka=00;36:*.mp3=00;36:*.mpc=00;36:*.ogg=00;36:*.ra=00;36:*.wav=00;36:*.oga=00;36:*.opus=00;36:*.spx=00;36:*.xspf=00;36:'), ('VSCODE_GIT_IPC_HANDLE', '/run/user/1000/vscode-git-81883a5c4f.sock'), ('TERM_PROGRAM', 'vscode'), ('SSH_AGENT_LAUNCHER', 'gnome-keyring'), ('SSH_AUTH_SOCK', '/run/user/1000/keyring/ssh'), ('AMENT_PREFIX_PATH', '/home/jon/ws01/src/install/cpp03_action:/home/jon/ws01/src/install/cpp02_service:/home/jon/ws01/src/install/cpp01_topic:/home/jon/ws01/src/install/base_demo:/home/jon/ros2_ws/install/hellovscode_cpp:/home/jon/ros2_ws/install/hello_cpp:/opt/ros/humble'), ('SHELL', '/bin/bash'), ('QT_ACCESSIBILITY', '1'), ('GDMSESSION', 'ubuntu'), ('LESSCLOSE', '/usr/bin/lesspipe %s %s'), ('GPG_AGENT_INFO', '/run/user/1000/gnupg/S.gpg-agent:0:1'), ('GJS_DEBUG_OUTPUT', 'stderr'), ('VSCODE_GIT_ASKPASS_EXTRA_ARGS', ''), ('QT_IM_MODULE', 'ibus'), ('PWD', '/home/jon/ws01/src/build/cpp03_action'), ('XDG_CONFIG_DIRS', '/etc/xdg/xdg-ubuntu:/etc/xdg'), ('COPILOT_DEBUG_NONCE', '20fc3c0b33e88ebaf2914c4d51f59b28'), ('XDG_DATA_DIRS', '/usr/share/gnome:/usr/share/ubuntu:/usr/local/share/:/usr/share/:/var/lib/snapd/desktop'), ('PYTHONPATH', '/home/jon/ws01/src/install/base_demo/local/lib/python3.10/dist-packages:/opt/ros/humble/lib/python3.10/site-packages:/opt/ros/humble/local/lib/python3.10/dist-packages'), ('HTTP_PROXY', 'http://127.0.0.1:7890'), ('COLCON', '1'), ('CMAKE_PREFIX_PATH', '/home/jon/ws01/src/install/base_demo:/home/jon/ws01/src/install/cpp03_action:/home/jon/ws01/src/install/cpp02_service:/home/jon/ws01/src/install/cpp01_topic:/home/jon/ros2_ws/install/hellovscode_cpp:/home/jon/ros2_ws/install/hello_cpp:/opt/ros/humble')]), 'shell': False}
[0.255914] (cpp03_action) StdoutLine: {'line': b'-- Found ament_cmake: 1.3.14 (/opt/ros/humble/share/ament_cmake/cmake)\n'}
[0.267026] (cpp02_service) StdoutLine: {'line': b'[ 50%] Built target demo02_client\n'}
[0.267370] (cpp02_service) StdoutLine: {'line': b'[100%] Built target demo01_server\n'}
[0.267685] (cpp01_topic) StdoutLine: {'line': b'[ 25%] Built target demo02_listener\n'}
[0.267729] (cpp01_topic) StdoutLine: {'line': b'[ 50%] Built target demo01_talker\n'}
[0.268195] (cpp01_topic) StdoutLine: {'line': b'[ 75%] Built target demo04_listener\n'}
[0.269735] (cpp01_topic) StdoutLine: {'line': b'[100%] Built target demo03_talker\n'}
[0.275149] (cpp02_service) CommandEnded: {'returncode': 0}
[0.275361] (cpp02_service) JobProgress: {'identifier': 'cpp02_service', 'progress': 'install'}
[0.275374] (cpp02_service) Command: {'cmd': ['/usr/bin/cmake', '--install', '/home/jon/ws01/src/build/cpp02_service'], 'cwd': '/home/jon/ws01/src/build/cpp02_service', 'env': OrderedDict([('GJS_DEBUG_TOPICS', 'JS ERROR;JS LOG'), ('PYTHON_BASIC_REPL', '1'), ('LESSOPEN', '| /usr/bin/lesspipe %s'), ('HTTPS_PROXY', 'http://127.0.0.1:7890'), ('no_proxy', 'localhost,127.0.0.0/8,::1'), ('LANGUAGE', 'zh_CN:zh'), ('USER', 'jon'), ('all_proxy', 'socks5h://127.0.0.1:7890'), ('XDG_SESSION_TYPE', 'x11'), ('GIT_ASKPASS', '/usr/share/code/resources/app/extensions/git/dist/askpass.sh'), ('SHLVL', '1'), ('LD_LIBRARY_PATH', '/home/jon/ws01/src/install/base_demo/lib:/opt/ros/humble/opt/rviz_ogre_vendor/lib:/opt/ros/humble/lib/x86_64-linux-gnu:/opt/ros/humble/lib'), ('HOME', '/home/jon'), ('CHROME_DESKTOP', 'code.desktop'), ('OLDPWD', '/home/jon/ws01'), ('TERM_PROGRAM_VERSION', '1.138.0'), ('DESKTOP_SESSION', 'ubuntu'), ('NO_PROXY', 'localhost,127.0.0.0/8,::1'), ('GIO_LAUNCHED_DESKTOP_FILE', '/usr/share/applications/code.desktop'), ('ROS_PYTHON_VERSION', '3'), ('GNOME_SHELL_SESSION_MODE', 'ubuntu'), ('GTK_MODULES', 'gail:atk-bridge'), ('VSCODE_GIT_ASKPASS_MAIN', '/usr/share/code/resources/app/extensions/git/dist/askpass-main.js'), ('VSCODE_GIT_ASKPASS_NODE', '/usr/share/code/code'), ('MANAGERPID', '1319'), ('PYDEVD_DISABLE_FILE_VALIDATION', '1'), ('SYSTEMD_EXEC_PID', '2502'), ('BUNDLED_DEBUGPY_PATH', '/home/jon/.vscode/extensions/ms-python.debugpy-2026.6.0-linux-x64/bundled/libs/debugpy'), ('VSCODE_PYTHON_AUTOACTIVATE_GUARD', '1'), ('DBUS_SESSION_BUS_ADDRESS', 'unix:path=/run/user/1000/bus'), ('COLORTERM', 'truecolor'), ('GIO_LAUNCHED_DESKTOP_FILE_PID', '6071'), ('IM_CONFIG_PHASE', '1'), ('https_proxy', 'http://127.0.0.1:7890'), ('COLCON_PREFIX_PATH', '/home/jon/ws01/src/install:/home/jon/ros2_ws/install'), ('ROS_DISTRO', 'humble'), ('LOGNAME', 'jon'), ('ALL_PROXY', 'socks5h://127.0.0.1:7890'), ('http_proxy', 'http://127.0.0.1:7890'), ('JOURNAL_STREAM', '8:32782'), ('_', '/usr/bin/colcon'), ('ROS_VERSION', '2'), ('XDG_SESSION_CLASS', 'user'), ('USERNAME', 'jon'), ('TERM', 'xterm-256color'), ('GNOME_DESKTOP_SESSION_ID', 'this-is-deprecated'), ('FC_FONTATIONS', '1'), ('ROS_LOCALHOST_ONLY', '0'), ('WINDOWPATH', '2'), ('PATH', '/home/jon/.config/Code/User/globalStorage/github.copilot-chat/debugCommand:/home/jon/.config/Code/User/globalStorage/github.copilot-chat/copilotCli:/home/jon/.local/bin:/opt/ros/humble/bin:/home/jon/.local/bin:/home/jon/.local/bin:/usr/local/sbin:/usr/local/bin:/usr/sbin:/usr/bin:/sbin:/bin:/usr/games:/usr/local/games:/snap/bin:/snap/bin:/home/jon/.vscode/extensions/ms-python.debugpy-2026.6.0-linux-x64/bundled/scripts/noConfigScripts'), ('SESSION_MANAGER', 'local/WJ:@/tmp/.ICE-unix/2480,unix/WJ:/tmp/.ICE-unix/2480'), ('INVOCATION_ID', '7147c2f4d17845b5b9c7aefa481e394c'), ('XDG_MENU_PREFIX', 'gnome-'), ('XDG_RUNTIME_DIR', '/run/user/1000'), ('GDK_BACKEND', 'x11'), ('DISPLAY', ':0'), ('VSCODE_DEBUGPY_ADAPTER_ENDPOINTS', '/home/jon/.vscode/extensions/ms-python.debugpy-2026.6.0-linux-x64/.noConfigDebugAdapterEndpoints/endpoint-b8a5c5d86f95c8fb.txt'), ('LANG', 'zh_CN.UTF-8'), ('XDG_CURRENT_DESKTOP', 'ubuntu:GNOME'), ('PYTHONSTARTUP', '/home/jon/.config/Code/User/workspaceStorage/1f60e15f81795b7429f56f0c0e99fe64/ms-python.python/pythonrc.py'), ('XMODIFIERS', '@im=ibus'), ('XDG_SESSION_DESKTOP', 'ubuntu'), ('XAUTHORITY', '/run/user/1000/gdm/Xauthority'), ('LS_COLORS', 'rs=0:di=01;34:ln=01;36:mh=00:pi=40;33:so=01;35:do=01;35:bd=40;33;01:cd=40;33;01:or=40;31;01:mi=00:su=37;41:sg=30;43:ca=30;41:tw=30;42:ow=34;42:st=37;44:ex=01;32:*.tar=01;31:*.tgz=01;31:*.arc=01;31:*.arj=01;31:*.taz=01;31:*.lha=01;31:*.lz4=01;31:*.lzh=01;31:*.lzma=01;31:*.tlz=01;31:*.txz=01;31:*.tzo=01;31:*.t7z=01;31:*.zip=01;31:*.z=01;31:*.dz=01;31:*.gz=01;31:*.lrz=01;31:*.lz=01;31:*.lzo=01;31:*.xz=01;31:*.zst=01;31:*.tzst=01;31:*.bz2=01;31:*.bz=01;31:*.tbz=01;31:*.tbz2=01;31:*.tz=01;31:*.deb=01;31:*.rpm=01;31:*.jar=01;31:*.war=01;31:*.ear=01;31:*.sar=01;31:*.rar=01;31:*.alz=01;31:*.ace=01;31:*.zoo=01;31:*.cpio=01;31:*.7z=01;31:*.rz=01;31:*.cab=01;31:*.wim=01;31:*.swm=01;31:*.dwm=01;31:*.esd=01;31:*.jpg=01;35:*.jpeg=01;35:*.mjpg=01;35:*.mjpeg=01;35:*.gif=01;35:*.bmp=01;35:*.pbm=01;35:*.pgm=01;35:*.ppm=01;35:*.tga=01;35:*.xbm=01;35:*.xpm=01;35:*.tif=01;35:*.tiff=01;35:*.png=01;35:*.svg=01;35:*.svgz=01;35:*.mng=01;35:*.pcx=01;35:*.mov=01;35:*.mpg=01;35:*.mpeg=01;35:*.m2v=01;35:*.mkv=01;35:*.webm=01;35:*.webp=01;35:*.ogm=01;35:*.mp4=01;35:*.m4v=01;35:*.mp4v=01;35:*.vob=01;35:*.qt=01;35:*.nuv=01;35:*.wmv=01;35:*.asf=01;35:*.rm=01;35:*.rmvb=01;35:*.flc=01;35:*.avi=01;35:*.fli=01;35:*.flv=01;35:*.gl=01;35:*.dl=01;35:*.xcf=01;35:*.xwd=01;35:*.yuv=01;35:*.cgm=01;35:*.emf=01;35:*.ogv=01;35:*.ogx=01;35:*.aac=00;36:*.au=00;36:*.flac=00;36:*.m4a=00;36:*.mid=00;36:*.midi=00;36:*.mka=00;36:*.mp3=00;36:*.mpc=00;36:*.ogg=00;36:*.ra=00;36:*.wav=00;36:*.oga=00;36:*.opus=00;36:*.spx=00;36:*.xspf=00;36:'), ('VSCODE_GIT_IPC_HANDLE', '/run/user/1000/vscode-git-81883a5c4f.sock'), ('TERM_PROGRAM', 'vscode'), ('SSH_AGENT_LAUNCHER', 'gnome-keyring'), ('SSH_AUTH_SOCK', '/run/user/1000/keyring/ssh'), ('AMENT_PREFIX_PATH', '/home/jon/ws01/src/install/cpp03_action:/home/jon/ws01/src/install/cpp02_service:/home/jon/ws01/src/install/cpp01_topic:/home/jon/ws01/src/install/base_demo:/home/jon/ros2_ws/install/hellovscode_cpp:/home/jon/ros2_ws/install/hello_cpp:/opt/ros/humble'), ('SHELL', '/bin/bash'), ('QT_ACCESSIBILITY', '1'), ('GDMSESSION', 'ubuntu'), ('LESSCLOSE', '/usr/bin/lesspipe %s %s'), ('GPG_AGENT_INFO', '/run/user/1000/gnupg/S.gpg-agent:0:1'), ('GJS_DEBUG_OUTPUT', 'stderr'), ('VSCODE_GIT_ASKPASS_EXTRA_ARGS', ''), ('QT_IM_MODULE', 'ibus'), ('PWD', '/home/jon/ws01/src/build/cpp02_service'), ('XDG_CONFIG_DIRS', '/etc/xdg/xdg-ubuntu:/etc/xdg'), ('COPILOT_DEBUG_NONCE', '20fc3c0b33e88ebaf2914c4d51f59b28'), ('XDG_DATA_DIRS', '/usr/share/gnome:/usr/share/ubuntu:/usr/local/share/:/usr/share/:/var/lib/snapd/desktop'), ('PYTHONPATH', '/home/jon/ws01/src/install/base_demo/local/lib/python3.10/dist-packages:/opt/ros/humble/lib/python3.10/site-packages:/opt/ros/humble/local/lib/python3.10/dist-packages'), ('HTTP_PROXY', 'http://127.0.0.1:7890'), ('COLCON', '1'), ('CMAKE_PREFIX_PATH', '/home/jon/ws01/src/install/base_demo:/home/jon/ws01/src/install/cpp03_action:/home/jon/ws01/src/install/cpp02_service:/home/jon/ws01/src/install/cpp01_topic:/home/jon/ros2_ws/install/hellovscode_cpp:/home/jon/ros2_ws/install/hello_cpp:/opt/ros/humble')]), 'shell': False}
[0.278240] (cpp01_topic) CommandEnded: {'returncode': 0}
[0.278391] (cpp01_topic) JobProgress: {'identifier': 'cpp01_topic', 'progress': 'install'}
[0.278402] (cpp01_topic) Command: {'cmd': ['/usr/bin/cmake', '--install', '/home/jon/ws01/src/build/cpp01_topic'], 'cwd': '/home/jon/ws01/src/build/cpp01_topic', 'env': OrderedDict([('GJS_DEBUG_TOPICS', 'JS ERROR;JS LOG'), ('PYTHON_BASIC_REPL', '1'), ('LESSOPEN', '| /usr/bin/lesspipe %s'), ('HTTPS_PROXY', 'http://127.0.0.1:7890'), ('no_proxy', 'localhost,127.0.0.0/8,::1'), ('LANGUAGE', 'zh_CN:zh'), ('USER', 'jon'), ('all_proxy', 'socks5h://127.0.0.1:7890'), ('XDG_SESSION_TYPE', 'x11'), ('GIT_ASKPASS', '/usr/share/code/resources/app/extensions/git/dist/askpass.sh'), ('SHLVL', '1'), ('LD_LIBRARY_PATH', '/home/jon/ws01/src/install/base_demo/lib:/opt/ros/humble/opt/rviz_ogre_vendor/lib:/opt/ros/humble/lib/x86_64-linux-gnu:/opt/ros/humble/lib'), ('HOME', '/home/jon'), ('CHROME_DESKTOP', 'code.desktop'), ('OLDPWD', '/home/jon/ws01'), ('TERM_PROGRAM_VERSION', '1.138.0'), ('DESKTOP_SESSION', 'ubuntu'), ('NO_PROXY', 'localhost,127.0.0.0/8,::1'), ('GIO_LAUNCHED_DESKTOP_FILE', '/usr/share/applications/code.desktop'), ('ROS_PYTHON_VERSION', '3'), ('GNOME_SHELL_SESSION_MODE', 'ubuntu'), ('GTK_MODULES', 'gail:atk-bridge'), ('VSCODE_GIT_ASKPASS_MAIN', '/usr/share/code/resources/app/extensions/git/dist/askpass-main.js'), ('VSCODE_GIT_ASKPASS_NODE', '/usr/share/code/code'), ('MANAGERPID', '1319'), ('PYDEVD_DISABLE_FILE_VALIDATION', '1'), ('SYSTEMD_EXEC_PID', '2502'), ('BUNDLED_DEBUGPY_PATH', '/home/jon/.vscode/extensions/ms-python.debugpy-2026.6.0-linux-x64/bundled/libs/debugpy'), ('VSCODE_PYTHON_AUTOACTIVATE_GUARD', '1'), ('DBUS_SESSION_BUS_ADDRESS', 'unix:path=/run/user/1000/bus'), ('COLORTERM', 'truecolor'), ('GIO_LAUNCHED_DESKTOP_FILE_PID', '6071'), ('IM_CONFIG_PHASE', '1'), ('https_proxy', 'http://127.0.0.1:7890'), ('COLCON_PREFIX_PATH', '/home/jon/ws01/src/install:/home/jon/ros2_ws/install'), ('ROS_DISTRO', 'humble'), ('LOGNAME', 'jon'), ('ALL_PROXY', 'socks5h://127.0.0.1:7890'), ('http_proxy', 'http://127.0.0.1:7890'), ('JOURNAL_STREAM', '8:32782'), ('_', '/usr/bin/colcon'), ('ROS_VERSION', '2'), ('XDG_SESSION_CLASS', 'user'), ('USERNAME', 'jon'), ('TERM', 'xterm-256color'), ('GNOME_DESKTOP_SESSION_ID', 'this-is-deprecated'), ('FC_FONTATIONS', '1'), ('ROS_LOCALHOST_ONLY', '0'), ('WINDOWPATH', '2'), ('PATH', '/home/jon/.config/Code/User/globalStorage/github.copilot-chat/debugCommand:/home/jon/.config/Code/User/globalStorage/github.copilot-chat/copilotCli:/home/jon/.local/bin:/opt/ros/humble/bin:/home/jon/.local/bin:/home/jon/.local/bin:/usr/local/sbin:/usr/local/bin:/usr/sbin:/usr/bin:/sbin:/bin:/usr/games:/usr/local/games:/snap/bin:/snap/bin:/home/jon/.vscode/extensions/ms-python.debugpy-2026.6.0-linux-x64/bundled/scripts/noConfigScripts'), ('SESSION_MANAGER', 'local/WJ:@/tmp/.ICE-unix/2480,unix/WJ:/tmp/.ICE-unix/2480'), ('INVOCATION_ID', '7147c2f4d17845b5b9c7aefa481e394c'), ('XDG_MENU_PREFIX', 'gnome-'), ('XDG_RUNTIME_DIR', '/run/user/1000'), ('GDK_BACKEND', 'x11'), ('DISPLAY', ':0'), ('VSCODE_DEBUGPY_ADAPTER_ENDPOINTS', '/home/jon/.vscode/extensions/ms-python.debugpy-2026.6.0-linux-x64/.noConfigDebugAdapterEndpoints/endpoint-b8a5c5d86f95c8fb.txt'), ('LANG', 'zh_CN.UTF-8'), ('XDG_CURRENT_DESKTOP', 'ubuntu:GNOME'), ('PYTHONSTARTUP', '/home/jon/.config/Code/User/workspaceStorage/1f60e15f81795b7429f56f0c0e99fe64/ms-python.python/pythonrc.py'), ('XMODIFIERS', '@im=ibus'), ('XDG_SESSION_DESKTOP', 'ubuntu'), ('XAUTHORITY', '/run/user/1000/gdm/Xauthority'), ('LS_COLORS', 'rs=0:di=01;34:ln=01;36:mh=00:pi=40;33:so=01;35:do=01;35:bd=40;33;01:cd=40;33;01:or=40;31;01:mi=00:su=37;41:sg=30;43:ca=30;41:tw=30;42:ow=34;42:st=37;44:ex=01;32:*.tar=01;31:*.tgz=01;31:*.arc=01;31:*.arj=01;31:*.taz=01;31:*.lha=01;31:*.lz4=01;31:*.lzh=01;31:*.lzma=01;31:*.tlz=01;31:*.txz=01;31:*.tzo=01;31:*.t7z=01;31:*.zip=01;31:*.z=01;31:*.dz=01;31:*.gz=01;31:*.lrz=01;31:*.lz=01;31:*.lzo=01;31:*.xz=01;31:*.zst=01;31:*.tzst=01;31:*.bz2=01;31:*.bz=01;31:*.tbz=01;31:*.tbz2=01;31:*.tz=01;31:*.deb=01;31:*.rpm=01;31:*.jar=01;31:*.war=01;31:*.ear=01;31:*.sar=01;31:*.rar=01;31:*.alz=01;31:*.ace=01;31:*.zoo=01;31:*.cpio=01;31:*.7z=01;31:*.rz=01;31:*.cab=01;31:*.wim=01;31:*.swm=01;31:*.dwm=01;31:*.esd=01;31:*.jpg=01;35:*.jpeg=01;35:*.mjpg=01;35:*.mjpeg=01;35:*.gif=01;35:*.bmp=01;35:*.pbm=01;35:*.pgm=01;35:*.ppm=01;35:*.tga=01;35:*.xbm=01;35:*.xpm=01;35:*.tif=01;35:*.tiff=01;35:*.png=01;35:*.svg=01;35:*.svgz=01;35:*.mng=01;35:*.pcx=01;35:*.mov=01;35:*.mpg=01;35:*.mpeg=01;35:*.m2v=01;35:*.mkv=01;35:*.webm=01;35:*.webp=01;35:*.ogm=01;35:*.mp4=01;35:*.m4v=01;35:*.mp4v=01;35:*.vob=01;35:*.qt=01;35:*.nuv=01;35:*.wmv=01;35:*.asf=01;35:*.rm=01;35:*.rmvb=01;35:*.flc=01;35:*.avi=01;35:*.fli=01;35:*.flv=01;35:*.gl=01;35:*.dl=01;35:*.xcf=01;35:*.xwd=01;35:*.yuv=01;35:*.cgm=01;35:*.emf=01;35:*.ogv=01;35:*.ogx=01;35:*.aac=00;36:*.au=00;36:*.flac=00;36:*.m4a=00;36:*.mid=00;36:*.midi=00;36:*.mka=00;36:*.mp3=00;36:*.mpc=00;36:*.ogg=00;36:*.ra=00;36:*.wav=00;36:*.oga=00;36:*.opus=00;36:*.spx=00;36:*.xspf=00;36:'), ('VSCODE_GIT_IPC_HANDLE', '/run/user/1000/vscode-git-81883a5c4f.sock'), ('TERM_PROGRAM', 'vscode'), ('SSH_AGENT_LAUNCHER', 'gnome-keyring'), ('SSH_AUTH_SOCK', '/run/user/1000/keyring/ssh'), ('AMENT_PREFIX_PATH', '/home/jon/ws01/src/install/cpp03_action:/home/jon/ws01/src/install/cpp02_service:/home/jon/ws01/src/install/cpp01_topic:/home/jon/ws01/src/install/base_demo:/home/jon/ros2_ws/install/hellovscode_cpp:/home/jon/ros2_ws/install/hello_cpp:/opt/ros/humble'), ('SHELL', '/bin/bash'), ('QT_ACCESSIBILITY', '1'), ('GDMSESSION', 'ubuntu'), ('LESSCLOSE', '/usr/bin/lesspipe %s %s'), ('GPG_AGENT_INFO', '/run/user/1000/gnupg/S.gpg-agent:0:1'), ('GJS_DEBUG_OUTPUT', 'stderr'), ('VSCODE_GIT_ASKPASS_EXTRA_ARGS', ''), ('QT_IM_MODULE', 'ibus'), ('PWD', '/home/jon/ws01/src/build/cpp01_topic'), ('XDG_CONFIG_DIRS', '/etc/xdg/xdg-ubuntu:/etc/xdg'), ('COPILOT_DEBUG_NONCE', '20fc3c0b33e88ebaf2914c4d51f59b28'), ('XDG_DATA_DIRS', '/usr/share/gnome:/usr/share/ubuntu:/usr/local/share/:/usr/share/:/var/lib/snapd/desktop'), ('PYTHONPATH', '/home/jon/ws01/src/install/base_demo/local/lib/python3.10/dist-packages:/opt/ros/humble/lib/python3.10/site-packages:/opt/ros/humble/local/lib/python3.10/dist-packages'), ('HTTP_PROXY', 'http://127.0.0.1:7890'), ('COLCON', '1'), ('CMAKE_PREFIX_PATH', '/home/jon/ws01/src/install/base_demo:/home/jon/ws01/src/install/cpp03_action:/home/jon/ws01/src/install/cpp02_service:/home/jon/ws01/src/install/cpp01_topic:/home/jon/ros2_ws/install/hellovscode_cpp:/home/jon/ros2_ws/install/hello_cpp:/opt/ros/humble')]), 'shell': False}
[0.281956] (cpp02_service) StdoutLine: {'line': b'-- Install configuration: ""\n'}
[0.282021] (cpp02_service) StdoutLine: {'line': b'-- Up-to-date: /home/jon/ws01/src/install/cpp02_service/lib/cpp02_service/demo01_server\n'}
[0.282166] (cpp02_service) StdoutLine: {'line': b'-- Up-to-date: /home/jon/ws01/src/install/cpp02_service/lib/cpp02_service/demo02_client\n'}
[0.282195] (cpp02_service) StdoutLine: {'line': b'-- Up-to-date: /home/jon/ws01/src/install/cpp02_service/share/ament_index/resource_index/package_run_dependencies/cpp02_service\n'}
[0.282340] (cpp02_service) StdoutLine: {'line': b'-- Up-to-date: /home/jon/ws01/src/install/cpp02_service/share/ament_index/resource_index/parent_prefix_path/cpp02_service\n'}
[0.282370] (cpp02_service) StdoutLine: {'line': b'-- Up-to-date: /home/jon/ws01/src/install/cpp02_service/share/cpp02_service/environment/ament_prefix_path.sh\n'}
[0.282394] (cpp02_service) StdoutLine: {'line': b'-- Up-to-date: /home/jon/ws01/src/install/cpp02_service/share/cpp02_service/environment/ament_prefix_path.dsv\n'}
[0.282416] (cpp02_service) StdoutLine: {'line': b'-- Up-to-date: /home/jon/ws01/src/install/cpp02_service/share/cpp02_service/environment/path.sh\n'}
[0.282439] (cpp02_service) StdoutLine: {'line': b'-- Up-to-date: /home/jon/ws01/src/install/cpp02_service/share/cpp02_service/environment/path.dsv\n'}
[0.282462] (cpp02_service) StdoutLine: {'line': b'-- Up-to-date: /home/jon/ws01/src/install/cpp02_service/share/cpp02_service/local_setup.bash\n'}
[0.282484] (cpp02_service) StdoutLine: {'line': b'-- Up-to-date: /home/jon/ws01/src/install/cpp02_service/share/cpp02_service/local_setup.sh\n'}
[0.282505] (cpp02_service) StdoutLine: {'line': b'-- Up-to-date: /home/jon/ws01/src/install/cpp02_service/share/cpp02_service/local_setup.zsh\n'}
[0.282526] (cpp02_service) StdoutLine: {'line': b'-- Up-to-date: /home/jon/ws01/src/install/cpp02_service/share/cpp02_service/local_setup.dsv\n'}
[0.282547] (cpp02_service) StdoutLine: {'line': b'-- Installing: /home/jon/ws01/src/install/cpp02_service/share/cpp02_service/package.dsv\n'}
[0.282876] (cpp02_service) StdoutLine: {'line': b'-- Up-to-date: /home/jon/ws01/src/install/cpp02_service/share/ament_index/resource_index/packages/cpp02_service\n'}
[0.282958] (cpp02_service) StdoutLine: {'line': b'-- Up-to-date: /home/jon/ws01/src/install/cpp02_service/share/cpp02_service/cmake/cpp02_serviceConfig.cmake\n'}
[0.282987] (cpp02_service) StdoutLine: {'line': b'-- Up-to-date: /home/jon/ws01/src/install/cpp02_service/share/cpp02_service/cmake/cpp02_serviceConfig-version.cmake\n'}
[0.283011] (cpp02_service) StdoutLine: {'line': b'-- Up-to-date: /home/jon/ws01/src/install/cpp02_service/share/cpp02_service/package.xml\n'}
[0.283174] (cpp01_topic) StdoutLine: {'line': b'-- Install configuration: ""\n'}
[0.283309] (cpp01_topic) StdoutLine: {'line': b'-- Up-to-date: /home/jon/ws01/src/install/cpp01_topic/lib/cpp01_topic/demo01_talker\n'}
[0.283386] (cpp01_topic) StdoutLine: {'line': b'-- Up-to-date: /home/jon/ws01/src/install/cpp01_topic/lib/cpp01_topic/demo02_listener\n'}
[0.283415] (cpp01_topic) StdoutLine: {'line': b'-- Up-to-date: /home/jon/ws01/src/install/cpp01_topic/lib/cpp01_topic/demo03_talker\n'}
[0.283440] (cpp01_topic) StdoutLine: {'line': b'-- Up-to-date: /home/jon/ws01/src/install/cpp01_topic/lib/cpp01_topic/demo04_listener\n'}
[0.283465] (cpp01_topic) StdoutLine: {'line': b'-- Up-to-date: /home/jon/ws01/src/install/cpp01_topic/share/ament_index/resource_index/package_run_dependencies/cpp01_topic\n'}
[0.283487] (cpp01_topic) StdoutLine: {'line': b'-- Up-to-date: /home/jon/ws01/src/install/cpp01_topic/share/ament_index/resource_index/parent_prefix_path/cpp01_topic\n'}
[0.283895] (cpp01_topic) StdoutLine: {'line': b'-- Up-to-date: /home/jon/ws01/src/install/cpp01_topic/share/cpp01_topic/environment/ament_prefix_path.sh\n'}
[0.283924] (cpp01_topic) StdoutLine: {'line': b'-- Up-to-date: /home/jon/ws01/src/install/cpp01_topic/share/cpp01_topic/environment/ament_prefix_path.dsv\n'}
[0.283947] (cpp01_topic) StdoutLine: {'line': b'-- Up-to-date: /home/jon/ws01/src/install/cpp01_topic/share/cpp01_topic/environment/path.sh\n'}
[0.283971] (cpp01_topic) StdoutLine: {'line': b'-- Up-to-date: /home/jon/ws01/src/install/cpp01_topic/share/cpp01_topic/environment/path.dsv\n'}
[0.283994] (cpp01_topic) StdoutLine: {'line': b'-- Up-to-date: /home/jon/ws01/src/install/cpp01_topic/share/cpp01_topic/local_setup.bash\n'}
[0.284014] (cpp01_topic) StdoutLine: {'line': b'-- Up-to-date: /home/jon/ws01/src/install/cpp01_topic/share/cpp01_topic/local_setup.sh\n'}
[0.284033] (cpp01_topic) StdoutLine: {'line': b'-- Up-to-date: /home/jon/ws01/src/install/cpp01_topic/share/cpp01_topic/local_setup.zsh\n'}
[0.284053] (cpp01_topic) StdoutLine: {'line': b'-- Up-to-date: /home/jon/ws01/src/install/cpp01_topic/share/cpp01_topic/local_setup.dsv\n'}
[0.284072] (cpp01_topic) StdoutLine: {'line': b'-- Installing: /home/jon/ws01/src/install/cpp01_topic/share/cpp01_topic/package.dsv\n'}
[0.284091] (cpp01_topic) StdoutLine: {'line': b'-- Up-to-date: /home/jon/ws01/src/install/cpp01_topic/share/ament_index/resource_index/packages/cpp01_topic\n'}
[0.284110] (cpp01_topic) StdoutLine: {'line': b'-- Up-to-date: /home/jon/ws01/src/install/cpp01_topic/share/cpp01_topic/cmake/cpp01_topicConfig.cmake\n'}
[0.284130] (cpp01_topic) StdoutLine: {'line': b'-- Up-to-date: /home/jon/ws01/src/install/cpp01_topic/share/cpp01_topic/cmake/cpp01_topicConfig-version.cmake\n'}
[0.284149] (cpp01_topic) StdoutLine: {'line': b'-- Up-to-date: /home/jon/ws01/src/install/cpp01_topic/share/cpp01_topic/package.xml\n'}
[0.284523] (cpp02_service) CommandEnded: {'returncode': 0}
[0.289587] (cpp02_service) JobEnded: {'identifier': 'cpp02_service', 'rc': 0}
[0.291474] (cpp01_topic) CommandEnded: {'returncode': 0}
[0.294636] (cpp01_topic) JobEnded: {'identifier': 'cpp01_topic', 'rc': 0}
[0.299900] (-) TimerEvent: {}
[0.321070] (cpp03_action) StdoutLine: {'line': b'-- Found rclcpp: 16.0.21 (/opt/ros/humble/share/rclcpp/cmake)\n'}
[0.333411] (cpp03_action) StdoutLine: {'line': b'-- Found rosidl_generator_c: 3.1.9 (/opt/ros/humble/share/rosidl_generator_c/cmake)\n'}
[0.334405] (cpp03_action) StdoutLine: {'line': b'-- Found rosidl_adapter: 3.1.9 (/opt/ros/humble/share/rosidl_adapter/cmake)\n'}
[0.337104] (cpp03_action) StdoutLine: {'line': b'-- Found rosidl_generator_cpp: 3.1.9 (/opt/ros/humble/share/rosidl_generator_cpp/cmake)\n'}
[0.341415] (cpp03_action) StdoutLine: {'line': b'-- Using all available rosidl_typesupport_c: rosidl_typesupport_fastrtps_c;rosidl_typesupport_introspection_c\n'}
[0.346795] (cpp03_action) StdoutLine: {'line': b'-- Using all available rosidl_typesupport_cpp: rosidl_typesupport_fastrtps_cpp;rosidl_typesupport_introspection_cpp\n'}
[0.361476] (cpp03_action) StdoutLine: {'line': b'-- Found rmw_implementation_cmake: 6.1.4 (/opt/ros/humble/share/rmw_implementation_cmake/cmake)\n'}
[0.362876] (cpp03_action) StdoutLine: {'line': b'-- Found rmw_fastrtps_cpp: 6.2.10 (/opt/ros/humble/share/rmw_fastrtps_cpp/cmake)\n'}
[0.400007] (-) TimerEvent: {}
[0.409447] (cpp03_action) StdoutLine: {'line': b"-- Using RMW implementation 'rmw_fastrtps_cpp' as default\n"}
[0.430785] (cpp03_action) StdoutLine: {'line': b'-- Found rclcpp_action: 16.0.21 (/opt/ros/humble/share/rclcpp_action/cmake)\n'}
[0.442836] (cpp03_action) StdoutLine: {'line': b'-- Found base_demo: 0.0.0 (/home/jon/ws01/src/install/base_demo/share/base_demo/cmake)\n'}
[0.449120] (cpp03_action) StdoutLine: {'line': b'-- Found ament_lint_auto: 0.12.15 (/opt/ros/humble/share/ament_lint_auto/cmake)\n'}
[0.482639] (cpp03_action) StdoutLine: {'line': b"-- Added test 'cppcheck' to perform static code analysis on C / C++ code\n"}
[0.482768] (cpp03_action) StdoutLine: {'line': b'-- Configured cppcheck include dirs: $<BUILD_INTERFACE:/home/jon/ws01/src/cpp03_action/include>\n'}
[0.482799] (cpp03_action) StdoutLine: {'line': b'-- Configured cppcheck exclude dirs and/or files: \n'}
[0.482960] (cpp03_action) StdoutLine: {'line': b"-- Added test 'lint_cmake' to check CMake code style\n"}
[0.483314] (cpp03_action) StdoutLine: {'line': b"-- Added test 'uncrustify' to check C / C++ code style\n"}
[0.483341] (cpp03_action) StdoutLine: {'line': b'-- Configured uncrustify additional arguments: \n'}
[0.483362] (cpp03_action) StdoutLine: {'line': b"-- Added test 'xmllint' to check XML markup files\n"}
[0.483458] (cpp03_action) StdoutLine: {'line': b'-- Configuring done\n'}
[0.490113] (cpp03_action) StdoutLine: {'line': b'-- Generating done\n'}
[0.491461] (cpp03_action) StdoutLine: {'line': b'-- Build files have been written to: /home/jon/ws01/src/build/cpp03_action\n'}
[0.500089] (-) TimerEvent: {}
[0.506231] (cpp03_action) StdoutLine: {'line': b'\x1b[35m\x1b[1mConsolidate compiler generated dependencies of target demo01_server\x1b[0m\n'}
[0.511989] (cpp03_action) StdoutLine: {'line': b'[ 25%] \x1b[32mBuilding CXX object CMakeFiles/demo01_server.dir/src/demo01_server.cpp.o\x1b[0m\n'}
[0.512620] (cpp03_action) StdoutLine: {'line': b'[ 50%] \x1b[32mBuilding CXX object CMakeFiles/demo02_client.dir/src/demo02_client.cpp.o\x1b[0m\n'}
[0.600207] (-) TimerEvent: {}
[0.701151] (-) TimerEvent: {}
[0.802598] (-) TimerEvent: {}
[0.902864] (-) TimerEvent: {}
[1.003343] (-) TimerEvent: {}
[1.103772] (-) TimerEvent: {}
[1.204209] (-) TimerEvent: {}
[1.304616] (-) TimerEvent: {}
[1.405761] (-) TimerEvent: {}
[1.506355] (-) TimerEvent: {}
[1.607228] (-) TimerEvent: {}
[1.707510] (-) TimerEvent: {}
[1.807916] (-) TimerEvent: {}
[1.834757] (cpp03_action) StdoutLine: {'line': b'[ 75%] \x1b[32m\x1b[1mLinking CXX executable demo02_client\x1b[0m\n'}
[1.841979] (cpp03_action) StdoutLine: {'line': b'[100%] \x1b[32m\x1b[1mLinking CXX executable demo01_server\x1b[0m\n'}
[1.899535] (cpp03_action) StdoutLine: {'line': b'[100%] Built target demo02_client\n'}
[1.907531] (cpp03_action) StdoutLine: {'line': b'[100%] Built target demo01_server\n'}
[1.907974] (-) TimerEvent: {}
[1.917778] (cpp03_action) CommandEnded: {'returncode': 0}
[1.918469] (cpp03_action) JobProgress: {'identifier': 'cpp03_action', 'progress': 'install'}
[1.918542] (cpp03_action) Command: {'cmd': ['/usr/bin/cmake', '--install', '/home/jon/ws01/src/build/cpp03_action'], 'cwd': '/home/jon/ws01/src/build/cpp03_action', 'env': OrderedDict([('GJS_DEBUG_TOPICS', 'JS ERROR;JS LOG'), ('PYTHON_BASIC_REPL', '1'), ('LESSOPEN', '| /usr/bin/lesspipe %s'), ('HTTPS_PROXY', 'http://127.0.0.1:7890'), ('no_proxy', 'localhost,127.0.0.0/8,::1'), ('LANGUAGE', 'zh_CN:zh'), ('USER', 'jon'), ('all_proxy', 'socks5h://127.0.0.1:7890'), ('XDG_SESSION_TYPE', 'x11'), ('GIT_ASKPASS', '/usr/share/code/resources/app/extensions/git/dist/askpass.sh'), ('SHLVL', '1'), ('LD_LIBRARY_PATH', '/home/jon/ws01/src/install/base_demo/lib:/opt/ros/humble/opt/rviz_ogre_vendor/lib:/opt/ros/humble/lib/x86_64-linux-gnu:/opt/ros/humble/lib'), ('HOME', '/home/jon'), ('CHROME_DESKTOP', 'code.desktop'), ('OLDPWD', '/home/jon/ws01'), ('TERM_PROGRAM_VERSION', '1.138.0'), ('DESKTOP_SESSION', 'ubuntu'), ('NO_PROXY', 'localhost,127.0.0.0/8,::1'), ('GIO_LAUNCHED_DESKTOP_FILE', '/usr/share/applications/code.desktop'), ('ROS_PYTHON_VERSION', '3'), ('GNOME_SHELL_SESSION_MODE', 'ubuntu'), ('GTK_MODULES', 'gail:atk-bridge'), ('VSCODE_GIT_ASKPASS_MAIN', '/usr/share/code/resources/app/extensions/git/dist/askpass-main.js'), ('VSCODE_GIT_ASKPASS_NODE', '/usr/share/code/code'), ('MANAGERPID', '1319'), ('PYDEVD_DISABLE_FILE_VALIDATION', '1'), ('SYSTEMD_EXEC_PID', '2502'), ('BUNDLED_DEBUGPY_PATH', '/home/jon/.vscode/extensions/ms-python.debugpy-2026.6.0-linux-x64/bundled/libs/debugpy'), ('VSCODE_PYTHON_AUTOACTIVATE_GUARD', '1'), ('DBUS_SESSION_BUS_ADDRESS', 'unix:path=/run/user/1000/bus'), ('COLORTERM', 'truecolor'), ('GIO_LAUNCHED_DESKTOP_FILE_PID', '6071'), ('IM_CONFIG_PHASE', '1'), ('https_proxy', 'http://127.0.0.1:7890'), ('COLCON_PREFIX_PATH', '/home/jon/ws01/src/install:/home/jon/ros2_ws/install'), ('ROS_DISTRO', 'humble'), ('LOGNAME', 'jon'), ('ALL_PROXY', 'socks5h://127.0.0.1:7890'), ('http_proxy', 'http://127.0.0.1:7890'), ('JOURNAL_STREAM', '8:32782'), ('_', '/usr/bin/colcon'), ('ROS_VERSION', '2'), ('XDG_SESSION_CLASS', 'user'), ('USERNAME', 'jon'), ('TERM', 'xterm-256color'), ('GNOME_DESKTOP_SESSION_ID', 'this-is-deprecated'), ('FC_FONTATIONS', '1'), ('ROS_LOCALHOST_ONLY', '0'), ('WINDOWPATH', '2'), ('PATH', '/home/jon/.config/Code/User/globalStorage/github.copilot-chat/debugCommand:/home/jon/.config/Code/User/globalStorage/github.copilot-chat/copilotCli:/home/jon/.local/bin:/opt/ros/humble/bin:/home/jon/.local/bin:/home/jon/.local/bin:/usr/local/sbin:/usr/local/bin:/usr/sbin:/usr/bin:/sbin:/bin:/usr/games:/usr/local/games:/snap/bin:/snap/bin:/home/jon/.vscode/extensions/ms-python.debugpy-2026.6.0-linux-x64/bundled/scripts/noConfigScripts'), ('SESSION_MANAGER', 'local/WJ:@/tmp/.ICE-unix/2480,unix/WJ:/tmp/.ICE-unix/2480'), ('INVOCATION_ID', '7147c2f4d17845b5b9c7aefa481e394c'), ('XDG_MENU_PREFIX', 'gnome-'), ('XDG_RUNTIME_DIR', '/run/user/1000'), ('GDK_BACKEND', 'x11'), ('DISPLAY', ':0'), ('VSCODE_DEBUGPY_ADAPTER_ENDPOINTS', '/home/jon/.vscode/extensions/ms-python.debugpy-2026.6.0-linux-x64/.noConfigDebugAdapterEndpoints/endpoint-b8a5c5d86f95c8fb.txt'), ('LANG', 'zh_CN.UTF-8'), ('XDG_CURRENT_DESKTOP', 'ubuntu:GNOME'), ('PYTHONSTARTUP', '/home/jon/.config/Code/User/workspaceStorage/1f60e15f81795b7429f56f0c0e99fe64/ms-python.python/pythonrc.py'), ('XMODIFIERS', '@im=ibus'), ('XDG_SESSION_DESKTOP', 'ubuntu'), ('XAUTHORITY', '/run/user/1000/gdm/Xauthority'), ('LS_COLORS', 'rs=0:di=01;34:ln=01;36:mh=00:pi=40;33:so=01;35:do=01;35:bd=40;33;01:cd=40;33;01:or=40;31;01:mi=00:su=37;41:sg=30;43:ca=30;41:tw=30;42:ow=34;42:st=37;44:ex=01;32:*.tar=01;31:*.tgz=01;31:*.arc=01;31:*.arj=01;31:*.taz=01;31:*.lha=01;31:*.lz4=01;31:*.lzh=01;31:*.lzma=01;31:*.tlz=01;31:*.txz=01;31:*.tzo=01;31:*.t7z=01;31:*.zip=01;31:*.z=01;31:*.dz=01;31:*.gz=01;31:*.lrz=01;31:*.lz=01;31:*.lzo=01;31:*.xz=01;31:*.zst=01;31:*.tzst=01;31:*.bz2=01;31:*.bz=01;31:*.tbz=01;31:*.tbz2=01;31:*.tz=01;31:*.deb=01;31:*.rpm=01;31:*.jar=01;31:*.war=01;31:*.ear=01;31:*.sar=01;31:*.rar=01;31:*.alz=01;31:*.ace=01;31:*.zoo=01;31:*.cpio=01;31:*.7z=01;31:*.rz=01;31:*.cab=01;31:*.wim=01;31:*.swm=01;31:*.dwm=01;31:*.esd=01;31:*.jpg=01;35:*.jpeg=01;35:*.mjpg=01;35:*.mjpeg=01;35:*.gif=01;35:*.bmp=01;35:*.pbm=01;35:*.pgm=01;35:*.ppm=01;35:*.tga=01;35:*.xbm=01;35:*.xpm=01;35:*.tif=01;35:*.tiff=01;35:*.png=01;35:*.svg=01;35:*.svgz=01;35:*.mng=01;35:*.pcx=01;35:*.mov=01;35:*.mpg=01;35:*.mpeg=01;35:*.m2v=01;35:*.mkv=01;35:*.webm=01;35:*.webp=01;35:*.ogm=01;35:*.mp4=01;35:*.m4v=01;35:*.mp4v=01;35:*.vob=01;35:*.qt=01;35:*.nuv=01;35:*.wmv=01;35:*.asf=01;35:*.rm=01;35:*.rmvb=01;35:*.flc=01;35:*.avi=01;35:*.fli=01;35:*.flv=01;35:*.gl=01;35:*.dl=01;35:*.xcf=01;35:*.xwd=01;35:*.yuv=01;35:*.cgm=01;35:*.emf=01;35:*.ogv=01;35:*.ogx=01;35:*.aac=00;36:*.au=00;36:*.flac=00;36:*.m4a=00;36:*.mid=00;36:*.midi=00;36:*.mka=00;36:*.mp3=00;36:*.mpc=00;36:*.ogg=00;36:*.ra=00;36:*.wav=00;36:*.oga=00;36:*.opus=00;36:*.spx=00;36:*.xspf=00;36:'), ('VSCODE_GIT_IPC_HANDLE', '/run/user/1000/vscode-git-81883a5c4f.sock'), ('TERM_PROGRAM', 'vscode'), ('SSH_AGENT_LAUNCHER', 'gnome-keyring'), ('SSH_AUTH_SOCK', '/run/user/1000/keyring/ssh'), ('AMENT_PREFIX_PATH', '/home/jon/ws01/src/install/cpp03_action:/home/jon/ws01/src/install/cpp02_service:/home/jon/ws01/src/install/cpp01_topic:/home/jon/ws01/src/install/base_demo:/home/jon/ros2_ws/install/hellovscode_cpp:/home/jon/ros2_ws/install/hello_cpp:/opt/ros/humble'), ('SHELL', '/bin/bash'), ('QT_ACCESSIBILITY', '1'), ('GDMSESSION', 'ubuntu'), ('LESSCLOSE', '/usr/bin/lesspipe %s %s'), ('GPG_AGENT_INFO', '/run/user/1000/gnupg/S.gpg-agent:0:1'), ('GJS_DEBUG_OUTPUT', 'stderr'), ('VSCODE_GIT_ASKPASS_EXTRA_ARGS', ''), ('QT_IM_MODULE', 'ibus'), ('PWD', '/home/jon/ws01/src/build/cpp03_action'), ('XDG_CONFIG_DIRS', '/etc/xdg/xdg-ubuntu:/etc/xdg'), ('COPILOT_DEBUG_NONCE', '20fc3c0b33e88ebaf2914c4d51f59b28'), ('XDG_DATA_DIRS', '/usr/share/gnome:/usr/share/ubuntu:/usr/local/share/:/usr/share/:/var/lib/snapd/desktop'), ('PYTHONPATH', '/home/jon/ws01/src/install/base_demo/local/lib/python3.10/dist-packages:/opt/ros/humble/lib/python3.10/site-packages:/opt/ros/humble/local/lib/python3.10/dist-packages'), ('HTTP_PROXY', 'http://127.0.0.1:7890'), ('COLCON', '1'), ('CMAKE_PREFIX_PATH', '/home/jon/ws01/src/install/base_demo:/home/jon/ws01/src/install/cpp03_action:/home/jon/ws01/src/install/cpp02_service:/home/jon/ws01/src/install/cpp01_topic:/home/jon/ros2_ws/install/hellovscode_cpp:/home/jon/ros2_ws/install/hello_cpp:/opt/ros/humble')]), 'shell': False}
[1.924196] (cpp03_action) StdoutLine: {'line': b'-- Install configuration: ""\n'}
[1.924354] (cpp03_action) StdoutLine: {'line': b'-- Installing: /home/jon/ws01/src/install/cpp03_action/lib/cpp03_action/demo01_server\n'}
[1.924387] (cpp03_action) StdoutLine: {'line': b'-- Set runtime path of "/home/jon/ws01/src/install/cpp03_action/lib/cpp03_action/demo01_server" to ""\n'}
[1.924413] (cpp03_action) StdoutLine: {'line': b'-- Installing: /home/jon/ws01/src/install/cpp03_action/lib/cpp03_action/demo02_client\n'}
[1.924436] (cpp03_action) StdoutLine: {'line': b'-- Set runtime path of "/home/jon/ws01/src/install/cpp03_action/lib/cpp03_action/demo02_client" to ""\n'}
[1.924459] (cpp03_action) StdoutLine: {'line': b'-- Up-to-date: /home/jon/ws01/src/install/cpp03_action/share/ament_index/resource_index/package_run_dependencies/cpp03_action\n'}
[1.924486] (cpp03_action) StdoutLine: {'line': b'-- Installing: /home/jon/ws01/src/install/cpp03_action/share/ament_index/resource_index/parent_prefix_path/cpp03_action\n'}
[1.924508] (cpp03_action) StdoutLine: {'line': b'-- Up-to-date: /home/jon/ws01/src/install/cpp03_action/share/cpp03_action/environment/ament_prefix_path.sh\n'}
[1.924529] (cpp03_action) StdoutLine: {'line': b'-- Installing: /home/jon/ws01/src/install/cpp03_action/share/cpp03_action/environment/ament_prefix_path.dsv\n'}
[1.924549] (cpp03_action) StdoutLine: {'line': b'-- Up-to-date: /home/jon/ws01/src/install/cpp03_action/share/cpp03_action/environment/path.sh\n'}
[1.924574] (cpp03_action) StdoutLine: {'line': b'-- Installing: /home/jon/ws01/src/install/cpp03_action/share/cpp03_action/environment/path.dsv\n'}
[1.924596] (cpp03_action) StdoutLine: {'line': b'-- Up-to-date: /home/jon/ws01/src/install/cpp03_action/share/cpp03_action/local_setup.bash\n'}
[1.924617] (cpp03_action) StdoutLine: {'line': b'-- Up-to-date: /home/jon/ws01/src/install/cpp03_action/share/cpp03_action/local_setup.sh\n'}
[1.924636] (cpp03_action) StdoutLine: {'line': b'-- Up-to-date: /home/jon/ws01/src/install/cpp03_action/share/cpp03_action/local_setup.zsh\n'}
[1.924654] (cpp03_action) StdoutLine: {'line': b'-- Installing: /home/jon/ws01/src/install/cpp03_action/share/cpp03_action/local_setup.dsv\n'}
[1.924672] (cpp03_action) StdoutLine: {'line': b'-- Installing: /home/jon/ws01/src/install/cpp03_action/share/cpp03_action/package.dsv\n'}
[1.924689] (cpp03_action) StdoutLine: {'line': b'-- Up-to-date: /home/jon/ws01/src/install/cpp03_action/share/ament_index/resource_index/packages/cpp03_action\n'}
[1.924709] (cpp03_action) StdoutLine: {'line': b'-- Up-to-date: /home/jon/ws01/src/install/cpp03_action/share/cpp03_action/cmake/cpp03_actionConfig.cmake\n'}
[1.924727] (cpp03_action) StdoutLine: {'line': b'-- Up-to-date: /home/jon/ws01/src/install/cpp03_action/share/cpp03_action/cmake/cpp03_actionConfig-version.cmake\n'}
[1.924745] (cpp03_action) StdoutLine: {'line': b'-- Up-to-date: /home/jon/ws01/src/install/cpp03_action/share/cpp03_action/package.xml\n'}
[1.925414] (cpp03_action) CommandEnded: {'returncode': 0}
[1.930673] (cpp03_action) JobEnded: {'identifier': 'cpp03_action', 'rc': 0}
[1.931203] (-) EventReactorShutdown: {}
